FFFFFFFFFFFFFFFFFFFFFF.F.FFFFFFFFFFFFFFFFF..........F...........         [100%]
=================================== FAILURES ===================================
________________ test_the_new_pieces_add_no_recipe_key_when_off ________________

    def test_the_new_pieces_add_no_recipe_key_when_off():
        """So a run that uses none of them hashes exactly as every row before them did."""
>       assert rft._recipe_pieces(**_OFF, max_steps=None, train_dtype="bf16", span_head_init=None) == {}
               ^^^^^^^^^^^^^^^^^^^^^^^^^^^^^^^^^^^^^^^^^^^^^^^^^^^^^^^^^^^^^^^^^^^^^^^^^^^^^^^^^^^
E       TypeError: _recipe_pieces() got an unexpected keyword argument 'max_steps'

python/tests/test_real_ft_rungd_flags.py:239: TypeError
_____ test_each_new_piece_lands_in_the_recipe_under_a_mirrored_key_when_on _____

    def test_each_new_piece_lands_in_the_recipe_under_a_mirrored_key_when_on():
        init = {"sha256": "a" * 64, "content_digest": "b" * 64}
>       pieces = rft._recipe_pieces(**_OFF, max_steps=200, train_dtype="fp32", span_head_init=init)
                 ^^^^^^^^^^^^^^^^^^^^^^^^^^^^^^^^^^^^^^^^^^^^^^^^^^^^^^^^^^^^^^^^^^^^^^^^^^^^^^^^^^
E       TypeError: _recipe_pieces() got an unexpected keyword argument 'max_steps'

python/tests/test_real_ft_rungd_flags.py:244: TypeError
_____________ test_an_unknown_train_dtype_is_refused_by_the_recipe _____________

    def test_an_unknown_train_dtype_is_refused_by_the_recipe():
        with pytest.raises(ValueError, match="train_dtype"):
>           rft._recipe_pieces(**_OFF, train_dtype="fp16")
E           TypeError: _recipe_pieces() got an unexpected keyword argument 'train_dtype'

python/tests/test_real_ft_rungd_flags.py:252: TypeError
____________ test_a_max_steps_run_is_quick_for_a_truncated_schedule ____________

    def test_a_max_steps_run_is_quick_for_a_truncated_schedule():
        """Rule 8. The loop ends ``steps_exhausted`` -- the schedule IS N steps long -- so the
        termination cannot say it was truncated; the flag does."""
        assert _campaign_reasons() == []
>       assert _campaign_reasons(max_steps=None) == []
               ^^^^^^^^^^^^^^^^^^^^^^^^^^^^^^^^^

python/tests/test_real_ft_rungd_flags.py:268: 
_ _ _ _ _ _ _ _ _ _ _ _ _ _ _ _ _ _ _ _ _ _ _ _ _ _ _ _ _ _ _ _ _ _ _ _ _ _ _ _ 

kw = {'max_steps': None}

    def _campaign_reasons(**kw: Any) -> list[str]:
>       return rft.quick_reasons(tag="epoch", device="cuda", real_backbone=True, corpus=_CLEAN, **kw)
               ^^^^^^^^^^^^^^^^^^^^^^^^^^^^^^^^^^^^^^^^^^^^^^^^^^^^^^^^^^^^^^^^^^^^^^^^^^^^^^^^^^^^^^
E       TypeError: quick_reasons() got an unexpected keyword argument 'max_steps'

python/tests/test_real_ft_rungd_flags.py:261: TypeError
_______ test_a_checkpoint_scored_later_from_a_max_steps_ft_row_is_quick ________

    def test_a_checkpoint_scored_later_from_a_max_steps_ft_row_is_quick():
        """The torch ``.json`` route reads only the ft row's termination, which a truncated
        schedule leaves at ``steps_exhausted``: without this, T-fp32's val row scored on the
        GH200 (criterion 6) would be quick=False for a model 2% trained."""
        assert _model_reasons(_single_seed_model({"lr": 1e-5})) == []
        assert _model_reasons(_single_seed_model({"lr": 1e-5, "max_steps": 200})) == [
>           rft.max_steps_reason(200)
            ^^^^^^^^^^^^^^^^^^^^
        ]
E       AttributeError: module 'real_ft_run' has no attribute 'max_steps_reason'

python/tests/test_real_ft_rungd_flags.py:299: AttributeError
_____ test_a_malformed_max_steps_on_an_ft_row_is_refused_not_ignored[True] _____

bad = True

    @pytest.mark.parametrize("bad", [True, "200", 0, -3, 2.0])
    def test_a_malformed_max_steps_on_an_ft_row_is_refused_not_ignored(bad):
>       with pytest.raises(SystemExit, match="max_steps"):
             ^^^^^^^^^^^^^^^^^^^^^^^^^^^^^^^^^^^^^^^^^^^^
E       Failed: DID NOT RAISE SystemExit

python/tests/test_real_ft_rungd_flags.py:305: Failed
_____ test_a_malformed_max_steps_on_an_ft_row_is_refused_not_ignored[200] ______

bad = '200'

    @pytest.mark.parametrize("bad", [True, "200", 0, -3, 2.0])
    def test_a_malformed_max_steps_on_an_ft_row_is_refused_not_ignored(bad):
>       with pytest.raises(SystemExit, match="max_steps"):
             ^^^^^^^^^^^^^^^^^^^^^^^^^^^^^^^^^^^^^^^^^^^^
E       Failed: DID NOT RAISE SystemExit

python/tests/test_real_ft_rungd_flags.py:305: Failed
______ test_a_malformed_max_steps_on_an_ft_row_is_refused_not_ignored[0] _______

bad = 0

    @pytest.mark.parametrize("bad", [True, "200", 0, -3, 2.0])
    def test_a_malformed_max_steps_on_an_ft_row_is_refused_not_ignored(bad):
>       with pytest.raises(SystemExit, match="max_steps"):
             ^^^^^^^^^^^^^^^^^^^^^^^^^^^^^^^^^^^^^^^^^^^^
E       Failed: DID NOT RAISE SystemExit

python/tests/test_real_ft_rungd_flags.py:305: Failed
______ test_a_malformed_max_steps_on_an_ft_row_is_refused_not_ignored[-3] ______

bad = -3

    @pytest.mark.parametrize("bad", [True, "200", 0, -3, 2.0])
    def test_a_malformed_max_steps_on_an_ft_row_is_refused_not_ignored(bad):
>       with pytest.raises(SystemExit, match="max_steps"):
             ^^^^^^^^^^^^^^^^^^^^^^^^^^^^^^^^^^^^^^^^^^^^
E       Failed: DID NOT RAISE SystemExit

python/tests/test_real_ft_rungd_flags.py:305: Failed
_____ test_a_malformed_max_steps_on_an_ft_row_is_refused_not_ignored[2.0] ______

bad = 2.0

    @pytest.mark.parametrize("bad", [True, "200", 0, -3, 2.0])
    def test_a_malformed_max_steps_on_an_ft_row_is_refused_not_ignored(bad):
>       with pytest.raises(SystemExit, match="max_steps"):
             ^^^^^^^^^^^^^^^^^^^^^^^^^^^^^^^^^^^^^^^^^^^^
E       Failed: DID NOT RAISE SystemExit

python/tests/test_real_ft_rungd_flags.py:305: Failed
_ test_a_rungd_flag_that_would_determine_nothing_is_refused_at_argv_time[flags0---max-steps must be at least 2] _

flags = ['--epoch', '--max-steps', '1']
match = '--max-steps must be at least 2'
tmp_path = PosixPath('/private/var/folders/wl/qc_0nnp91cd5kfy179krkjxr0000gn/T/pytest-of-bharath/pytest-468/test_a_rungd_flag_that_would_d0')
monkeypatch = <_pytest.monkeypatch.MonkeyPatch object at 0x112446780>

    @pytest.mark.parametrize(
        ("flags", "match"),
        [
            (["--epoch", "--max-steps", "1"], "--max-steps must be at least 2"),
            (["--max-steps", "5"], "--max-steps truncates the epoch arm"),
            (["--epoch", "--max-steps", "5", "--score-val", "--score-checkpoint", "c.json",
              "--ft-ledger", "l.jsonl", "--ft-row-id", "abcdefgh"], "trains nothing"),
            (["--epoch", "--no-memorise", "--score-val", "--max-steps", "5",
              "--shuffled-label", "abcdefgh"], "--shuffled-label"),
            (["--epoch", "--train-dtype", "fp32"], "--train-dtype fp32 needs --real-backbone"),
            (["--epoch", "--real-backbone", "snap", "--train-dtype", "fp32",
              "--train-attention-mask", "none"], "no fp32 kernel"),
            (["--epoch", "--real-backbone", "snap", "--optimizer", "master", "--fused-adamw",
              "--train-dtype", "fp32"], "--fused-adamw"),
            (["--epoch", "--span-head-init", str(H64_FILE)], "--span-head-init-manifest"),
            (["--epoch", "--span-head-init-manifest", str(H64_MANIFEST)], "without --span-head-init"),
            (["--epoch", "--span-head-init", str(H64_FILE), "--span-head-init-manifest",
              str(H64_MANIFEST)], "needs --real-backbone"),
            (["--epoch", "--span-head-init-digest"], "needs --real-backbone"),
        ],
    )
    def test_a_rungd_flag_that_would_determine_nothing_is_refused_at_argv_time(
        flags, match, tmp_path, monkeypatch
    ):
        monkeypatch.setattr(rft, "ShardReader", _tripwire)
>       with pytest.raises(SystemExit, match=match):
             ^^^^^^^^^^^^^^^^^^^^^^^^^^^^^^^^^^^^^^
E       AssertionError: Regex pattern did not match.
E         Expected regex: '--max-steps must be at least 2'
E         Actual message: '2'

python/tests/test_real_ft_rungd_flags.py:341: AssertionError
----------------------------- Captured stderr call -----------------------------
usage: python -m pytest [-h] [--out OUT] [--passes PASSES]
                        [--seeds SEEDS [SEEDS ...]] [--prior-sd PRIOR_SD]
                        [--target-difference TARGET_DIFFERENCE]
                        [--span-weight SPAN_WEIGHT]
                        [--checkpoint-dir CHECKPOINT_DIR]
                        [--checkpoint-every CHECKPOINT_EVERY]
                        [--resume-from RESUME_FROM] [--hidden HIDDEN]
                        [--heads HEADS] [--lr LR] [--max-width MAX_WIDTH]
                        [--max-pairs MAX_PAIRS] [--no-repo-history]
                        [--rev REV] [--commitpackft COMMITPACKFT]
                        [--defect-class DEFECT_CLASS]
                        [--defect-download DEFECT_DOWNLOAD]
                        [--defect-max-rows DEFECT_MAX_ROWS]
                        [--defect-noul DEFECT_NOUL]
                        [--general-record GENERAL_RECORD]
                        [--general-max-rows GENERAL_MAX_ROWS]
                        [--replay-partition] [--epoch] [--no-memorise]
                        [--wall-clock-cap-s WALL_CLOCK_CAP_S]
                        [--batch-tokens BATCH_TOKENS] [--score-val]
                        [--score-checkpoint SCORE_CHECKPOINT [SCORE_CHECKPOINT ...]]
                        [--ft-ledger FT_LEDGER]
                        [--ft-row-id FT_ROW_ID [FT_ROW_ID ...]]
                        [--score-plan PLAN.json] [--composed-slice SLICE_OUT]
                        [--composed-slice-corpus COMPOSED_SLICE_CORPUS]
                        [--score-dtype {fp32,bf16}] [--needle] [--ood]
                        [--ood-general-record OOD_GENERAL_RECORD]
                        [--needle-predictions-out NEEDLE_PREDICTIONS_OUT]
                        [--needle-handoff NEEDLE_HANDOFF] [--ledger LEDGER]
                        [--optimizer {bf16,master}]
                        [--real-backbone REAL_BACKBONE]
                        [--devices {cpu,cuda,mps} [{cpu,cuda,mps} ...]]
                        [--instance INSTANCE] [--usd-per-hour USD_PER_HOUR]
                        [--usd-per-gpu-hour USD_PER_GPU_HOUR]
                        [--approved-by APPROVED_BY]
                        [--attn-implementation ATTN_IMPLEMENTATION]
                        [--deterministic] [--fused-adamw]
                        [--train-attention-mask {padding,none}]
                        [--checkpoint-skip-layers CHECKPOINT_SKIP_LAYERS]
                        [--lower-layers-n LOWER_LAYERS_N]
                        [--lower-layers-lr-scale LOWER_LAYERS_LR_SCALE]
                        [--beta2 BETA2]
                        [--option-permutation-seed OPTION_PERMUTATION_SEED]
                        [--tokenizer-json TOKENIZER_JSON]
                        [--replay-shards REPLAY_SHARDS]
                        [--replay-attestation REPLAY_ATTESTATION]
                        [--replay-cache REPLAY_CACHE]
                        [--replay-weight REPLAY_WEIGHT]
                        [--replay-every REPLAY_EVERY]
                        [--needle-control TOKENS,TOKENS,...]
                        [--suite-verdicts-out SUITE_VERDICTS_OUT]
                        [--suite-logits] [--verdicts-out VERDICTS_OUT]
                        [--shuffled-label EVAL_ROW_ID]
python -m pytest: error: unrecognized arguments: --max-steps 1
_ test_a_rungd_flag_that_would_determine_nothing_is_refused_at_argv_time[flags1---max-steps truncates the epoch arm] _

flags = ['--max-steps', '5'], match = '--max-steps truncates the epoch arm'
tmp_path = PosixPath('/private/var/folders/wl/qc_0nnp91cd5kfy179krkjxr0000gn/T/pytest-of-bharath/pytest-468/test_a_rungd_flag_that_would_d1')
monkeypatch = <_pytest.monkeypatch.MonkeyPatch object at 0x1124476f0>

    @pytest.mark.parametrize(
        ("flags", "match"),
        [
            (["--epoch", "--max-steps", "1"], "--max-steps must be at least 2"),
            (["--max-steps", "5"], "--max-steps truncates the epoch arm"),
            (["--epoch", "--max-steps", "5", "--score-val", "--score-checkpoint", "c.json",
              "--ft-ledger", "l.jsonl", "--ft-row-id", "abcdefgh"], "trains nothing"),
            (["--epoch", "--no-memorise", "--score-val", "--max-steps", "5",
              "--shuffled-label", "abcdefgh"], "--shuffled-label"),
            (["--epoch", "--train-dtype", "fp32"], "--train-dtype fp32 needs --real-backbone"),
            (["--epoch", "--real-backbone", "snap", "--train-dtype", "fp32",
              "--train-attention-mask", "none"], "no fp32 kernel"),
            (["--epoch", "--real-backbone", "snap", "--optimizer", "master", "--fused-adamw",
              "--train-dtype", "fp32"], "--fused-adamw"),
            (["--epoch", "--span-head-init", str(H64_FILE)], "--span-head-init-manifest"),
            (["--epoch", "--span-head-init-manifest", str(H64_MANIFEST)], "without --span-head-init"),
            (["--epoch", "--span-head-init", str(H64_FILE), "--span-head-init-manifest",
              str(H64_MANIFEST)], "needs --real-backbone"),
            (["--epoch", "--span-head-init-digest"], "needs --real-backbone"),
        ],
    )
    def test_a_rungd_flag_that_would_determine_nothing_is_refused_at_argv_time(
        flags, match, tmp_path, monkeypatch
    ):
        monkeypatch.setattr(rft, "ShardReader", _tripwire)
>       with pytest.raises(SystemExit, match=match):
             ^^^^^^^^^^^^^^^^^^^^^^^^^^^^^^^^^^^^^^
E       AssertionError: Regex pattern did not match.
E         Expected regex: '--max-steps truncates the epoch arm'
E         Actual message: '2'

python/tests/test_real_ft_rungd_flags.py:341: AssertionError
----------------------------- Captured stderr call -----------------------------
usage: python -m pytest [-h] [--out OUT] [--passes PASSES]
                        [--seeds SEEDS [SEEDS ...]] [--prior-sd PRIOR_SD]
                        [--target-difference TARGET_DIFFERENCE]
                        [--span-weight SPAN_WEIGHT]
                        [--checkpoint-dir CHECKPOINT_DIR]
                        [--checkpoint-every CHECKPOINT_EVERY]
                        [--resume-from RESUME_FROM] [--hidden HIDDEN]
                        [--heads HEADS] [--lr LR] [--max-width MAX_WIDTH]
                        [--max-pairs MAX_PAIRS] [--no-repo-history]
                        [--rev REV] [--commitpackft COMMITPACKFT]
                        [--defect-class DEFECT_CLASS]
                        [--defect-download DEFECT_DOWNLOAD]
                        [--defect-max-rows DEFECT_MAX_ROWS]
                        [--defect-noul DEFECT_NOUL]
                        [--general-record GENERAL_RECORD]
                        [--general-max-rows GENERAL_MAX_ROWS]
                        [--replay-partition] [--epoch] [--no-memorise]
                        [--wall-clock-cap-s WALL_CLOCK_CAP_S]
                        [--batch-tokens BATCH_TOKENS] [--score-val]
                        [--score-checkpoint SCORE_CHECKPOINT [SCORE_CHECKPOINT ...]]
                        [--ft-ledger FT_LEDGER]
                        [--ft-row-id FT_ROW_ID [FT_ROW_ID ...]]
                        [--score-plan PLAN.json] [--composed-slice SLICE_OUT]
                        [--composed-slice-corpus COMPOSED_SLICE_CORPUS]
                        [--score-dtype {fp32,bf16}] [--needle] [--ood]
                        [--ood-general-record OOD_GENERAL_RECORD]
                        [--needle-predictions-out NEEDLE_PREDICTIONS_OUT]
                        [--needle-handoff NEEDLE_HANDOFF] [--ledger LEDGER]
                        [--optimizer {bf16,master}]
                        [--real-backbone REAL_BACKBONE]
                        [--devices {cpu,cuda,mps} [{cpu,cuda,mps} ...]]
                        [--instance INSTANCE] [--usd-per-hour USD_PER_HOUR]
                        [--usd-per-gpu-hour USD_PER_GPU_HOUR]
                        [--approved-by APPROVED_BY]
                        [--attn-implementation ATTN_IMPLEMENTATION]
                        [--deterministic] [--fused-adamw]
                        [--train-attention-mask {padding,none}]
                        [--checkpoint-skip-layers CHECKPOINT_SKIP_LAYERS]
                        [--lower-layers-n LOWER_LAYERS_N]
                        [--lower-layers-lr-scale LOWER_LAYERS_LR_SCALE]
                        [--beta2 BETA2]
                        [--option-permutation-seed OPTION_PERMUTATION_SEED]
                        [--tokenizer-json TOKENIZER_JSON]
                        [--replay-shards REPLAY_SHARDS]
                        [--replay-attestation REPLAY_ATTESTATION]
                        [--replay-cache REPLAY_CACHE]
                        [--replay-weight REPLAY_WEIGHT]
                        [--replay-every REPLAY_EVERY]
                        [--needle-control TOKENS,TOKENS,...]
                        [--suite-verdicts-out SUITE_VERDICTS_OUT]
                        [--suite-logits] [--verdicts-out VERDICTS_OUT]
                        [--shuffled-label EVAL_ROW_ID]
python -m pytest: error: unrecognized arguments: --max-steps 5
_ test_a_rungd_flag_that_would_determine_nothing_is_refused_at_argv_time[flags2-trains nothing] _

flags = ['--epoch', '--max-steps', '5', '--score-val', '--score-checkpoint', 'c.json', ...]
match = 'trains nothing'
tmp_path = PosixPath('/private/var/folders/wl/qc_0nnp91cd5kfy179krkjxr0000gn/T/pytest-of-bharath/pytest-468/test_a_rungd_flag_that_would_d2')
monkeypatch = <_pytest.monkeypatch.MonkeyPatch object at 0x1123367b0>

    @pytest.mark.parametrize(
        ("flags", "match"),
        [
            (["--epoch", "--max-steps", "1"], "--max-steps must be at least 2"),
            (["--max-steps", "5"], "--max-steps truncates the epoch arm"),
            (["--epoch", "--max-steps", "5", "--score-val", "--score-checkpoint", "c.json",
              "--ft-ledger", "l.jsonl", "--ft-row-id", "abcdefgh"], "trains nothing"),
            (["--epoch", "--no-memorise", "--score-val", "--max-steps", "5",
              "--shuffled-label", "abcdefgh"], "--shuffled-label"),
            (["--epoch", "--train-dtype", "fp32"], "--train-dtype fp32 needs --real-backbone"),
            (["--epoch", "--real-backbone", "snap", "--train-dtype", "fp32",
              "--train-attention-mask", "none"], "no fp32 kernel"),
            (["--epoch", "--real-backbone", "snap", "--optimizer", "master", "--fused-adamw",
              "--train-dtype", "fp32"], "--fused-adamw"),
            (["--epoch", "--span-head-init", str(H64_FILE)], "--span-head-init-manifest"),
            (["--epoch", "--span-head-init-manifest", str(H64_MANIFEST)], "without --span-head-init"),
            (["--epoch", "--span-head-init", str(H64_FILE), "--span-head-init-manifest",
              str(H64_MANIFEST)], "needs --real-backbone"),
            (["--epoch", "--span-head-init-digest"], "needs --real-backbone"),
        ],
    )
    def test_a_rungd_flag_that_would_determine_nothing_is_refused_at_argv_time(
        flags, match, tmp_path, monkeypatch
    ):
        monkeypatch.setattr(rft, "ShardReader", _tripwire)
>       with pytest.raises(SystemExit, match=match):
             ^^^^^^^^^^^^^^^^^^^^^^^^^^^^^^^^^^^^^^
E       AssertionError: Regex pattern did not match.
E         Expected regex: 'trains nothing'
E         Actual message: '2'

python/tests/test_real_ft_rungd_flags.py:341: AssertionError
----------------------------- Captured stderr call -----------------------------
usage: python -m pytest [-h] [--out OUT] [--passes PASSES]
                        [--seeds SEEDS [SEEDS ...]] [--prior-sd PRIOR_SD]
                        [--target-difference TARGET_DIFFERENCE]
                        [--span-weight SPAN_WEIGHT]
                        [--checkpoint-dir CHECKPOINT_DIR]
                        [--checkpoint-every CHECKPOINT_EVERY]
                        [--resume-from RESUME_FROM] [--hidden HIDDEN]
                        [--heads HEADS] [--lr LR] [--max-width MAX_WIDTH]
                        [--max-pairs MAX_PAIRS] [--no-repo-history]
                        [--rev REV] [--commitpackft COMMITPACKFT]
                        [--defect-class DEFECT_CLASS]
                        [--defect-download DEFECT_DOWNLOAD]
                        [--defect-max-rows DEFECT_MAX_ROWS]
                        [--defect-noul DEFECT_NOUL]
                        [--general-record GENERAL_RECORD]
                        [--general-max-rows GENERAL_MAX_ROWS]
                        [--replay-partition] [--epoch] [--no-memorise]
                        [--wall-clock-cap-s WALL_CLOCK_CAP_S]
                        [--batch-tokens BATCH_TOKENS] [--score-val]
                        [--score-checkpoint SCORE_CHECKPOINT [SCORE_CHECKPOINT ...]]
                        [--ft-ledger FT_LEDGER]
                        [--ft-row-id FT_ROW_ID [FT_ROW_ID ...]]
                        [--score-plan PLAN.json] [--composed-slice SLICE_OUT]
                        [--composed-slice-corpus COMPOSED_SLICE_CORPUS]
                        [--score-dtype {fp32,bf16}] [--needle] [--ood]
                        [--ood-general-record OOD_GENERAL_RECORD]
                        [--needle-predictions-out NEEDLE_PREDICTIONS_OUT]
                        [--needle-handoff NEEDLE_HANDOFF] [--ledger LEDGER]
                        [--optimizer {bf16,master}]
                        [--real-backbone REAL_BACKBONE]
                        [--devices {cpu,cuda,mps} [{cpu,cuda,mps} ...]]
                        [--instance INSTANCE] [--usd-per-hour USD_PER_HOUR]
                        [--usd-per-gpu-hour USD_PER_GPU_HOUR]
                        [--approved-by APPROVED_BY]
                        [--attn-implementation ATTN_IMPLEMENTATION]
                        [--deterministic] [--fused-adamw]
                        [--train-attention-mask {padding,none}]
                        [--checkpoint-skip-layers CHECKPOINT_SKIP_LAYERS]
                        [--lower-layers-n LOWER_LAYERS_N]
                        [--lower-layers-lr-scale LOWER_LAYERS_LR_SCALE]
                        [--beta2 BETA2]
                        [--option-permutation-seed OPTION_PERMUTATION_SEED]
                        [--tokenizer-json TOKENIZER_JSON]
                        [--replay-shards REPLAY_SHARDS]
                        [--replay-attestation REPLAY_ATTESTATION]
                        [--replay-cache REPLAY_CACHE]
                        [--replay-weight REPLAY_WEIGHT]
                        [--replay-every REPLAY_EVERY]
                        [--needle-control TOKENS,TOKENS,...]
                        [--suite-verdicts-out SUITE_VERDICTS_OUT]
                        [--suite-logits] [--verdicts-out VERDICTS_OUT]
                        [--shuffled-label EVAL_ROW_ID]
python -m pytest: error: unrecognized arguments: --max-steps 5
_ test_a_rungd_flag_that_would_determine_nothing_is_refused_at_argv_time[flags3---shuffled-label] _

flags = ['--epoch', '--no-memorise', '--score-val', '--max-steps', '5', '--shuffled-label', ...]
match = '--shuffled-label'
tmp_path = PosixPath('/private/var/folders/wl/qc_0nnp91cd5kfy179krkjxr0000gn/T/pytest-of-bharath/pytest-468/test_a_rungd_flag_that_would_d3')
monkeypatch = <_pytest.monkeypatch.MonkeyPatch object at 0x1123f8160>

    @pytest.mark.parametrize(
        ("flags", "match"),
        [
            (["--epoch", "--max-steps", "1"], "--max-steps must be at least 2"),
            (["--max-steps", "5"], "--max-steps truncates the epoch arm"),
            (["--epoch", "--max-steps", "5", "--score-val", "--score-checkpoint", "c.json",
              "--ft-ledger", "l.jsonl", "--ft-row-id", "abcdefgh"], "trains nothing"),
            (["--epoch", "--no-memorise", "--score-val", "--max-steps", "5",
              "--shuffled-label", "abcdefgh"], "--shuffled-label"),
            (["--epoch", "--train-dtype", "fp32"], "--train-dtype fp32 needs --real-backbone"),
            (["--epoch", "--real-backbone", "snap", "--train-dtype", "fp32",
              "--train-attention-mask", "none"], "no fp32 kernel"),
            (["--epoch", "--real-backbone", "snap", "--optimizer", "master", "--fused-adamw",
              "--train-dtype", "fp32"], "--fused-adamw"),
            (["--epoch", "--span-head-init", str(H64_FILE)], "--span-head-init-manifest"),
            (["--epoch", "--span-head-init-manifest", str(H64_MANIFEST)], "without --span-head-init"),
            (["--epoch", "--span-head-init", str(H64_FILE), "--span-head-init-manifest",
              str(H64_MANIFEST)], "needs --real-backbone"),
            (["--epoch", "--span-head-init-digest"], "needs --real-backbone"),
        ],
    )
    def test_a_rungd_flag_that_would_determine_nothing_is_refused_at_argv_time(
        flags, match, tmp_path, monkeypatch
    ):
        monkeypatch.setattr(rft, "ShardReader", _tripwire)
>       with pytest.raises(SystemExit, match=match):
             ^^^^^^^^^^^^^^^^^^^^^^^^^^^^^^^^^^^^^^
E       AssertionError: Regex pattern did not match.
E         Expected regex: '--shuffled-label'
E         Actual message: '2'

python/tests/test_real_ft_rungd_flags.py:341: AssertionError
----------------------------- Captured stderr call -----------------------------
usage: python -m pytest [-h] [--out OUT] [--passes PASSES]
                        [--seeds SEEDS [SEEDS ...]] [--prior-sd PRIOR_SD]
                        [--target-difference TARGET_DIFFERENCE]
                        [--span-weight SPAN_WEIGHT]
                        [--checkpoint-dir CHECKPOINT_DIR]
                        [--checkpoint-every CHECKPOINT_EVERY]
                        [--resume-from RESUME_FROM] [--hidden HIDDEN]
                        [--heads HEADS] [--lr LR] [--max-width MAX_WIDTH]
                        [--max-pairs MAX_PAIRS] [--no-repo-history]
                        [--rev REV] [--commitpackft COMMITPACKFT]
                        [--defect-class DEFECT_CLASS]
                        [--defect-download DEFECT_DOWNLOAD]
                        [--defect-max-rows DEFECT_MAX_ROWS]
                        [--defect-noul DEFECT_NOUL]
                        [--general-record GENERAL_RECORD]
                        [--general-max-rows GENERAL_MAX_ROWS]
                        [--replay-partition] [--epoch] [--no-memorise]
                        [--wall-clock-cap-s WALL_CLOCK_CAP_S]
                        [--batch-tokens BATCH_TOKENS] [--score-val]
                        [--score-checkpoint SCORE_CHECKPOINT [SCORE_CHECKPOINT ...]]
                        [--ft-ledger FT_LEDGER]
                        [--ft-row-id FT_ROW_ID [FT_ROW_ID ...]]
                        [--score-plan PLAN.json] [--composed-slice SLICE_OUT]
                        [--composed-slice-corpus COMPOSED_SLICE_CORPUS]
                        [--score-dtype {fp32,bf16}] [--needle] [--ood]
                        [--ood-general-record OOD_GENERAL_RECORD]
                        [--needle-predictions-out NEEDLE_PREDICTIONS_OUT]
                        [--needle-handoff NEEDLE_HANDOFF] [--ledger LEDGER]
                        [--optimizer {bf16,master}]
                        [--real-backbone REAL_BACKBONE]
                        [--devices {cpu,cuda,mps} [{cpu,cuda,mps} ...]]
                        [--instance INSTANCE] [--usd-per-hour USD_PER_HOUR]
                        [--usd-per-gpu-hour USD_PER_GPU_HOUR]
                        [--approved-by APPROVED_BY]
                        [--attn-implementation ATTN_IMPLEMENTATION]
                        [--deterministic] [--fused-adamw]
                        [--train-attention-mask {padding,none}]
                        [--checkpoint-skip-layers CHECKPOINT_SKIP_LAYERS]
                        [--lower-layers-n LOWER_LAYERS_N]
                        [--lower-layers-lr-scale LOWER_LAYERS_LR_SCALE]
                        [--beta2 BETA2]
                        [--option-permutation-seed OPTION_PERMUTATION_SEED]
                        [--tokenizer-json TOKENIZER_JSON]
                        [--replay-shards REPLAY_SHARDS]
                        [--replay-attestation REPLAY_ATTESTATION]
                        [--replay-cache REPLAY_CACHE]
                        [--replay-weight REPLAY_WEIGHT]
                        [--replay-every REPLAY_EVERY]
                        [--needle-control TOKENS,TOKENS,...]
                        [--suite-verdicts-out SUITE_VERDICTS_OUT]
                        [--suite-logits] [--verdicts-out VERDICTS_OUT]
                        [--shuffled-label EVAL_ROW_ID]
python -m pytest: error: unrecognized arguments: --max-steps 5
_ test_a_rungd_flag_that_would_determine_nothing_is_refused_at_argv_time[flags4---train-dtype fp32 needs --real-backbone] _

flags = ['--epoch', '--train-dtype', 'fp32']
match = '--train-dtype fp32 needs --real-backbone'
tmp_path = PosixPath('/private/var/folders/wl/qc_0nnp91cd5kfy179krkjxr0000gn/T/pytest-of-bharath/pytest-468/test_a_rungd_flag_that_would_d4')
monkeypatch = <_pytest.monkeypatch.MonkeyPatch object at 0x1123f9150>

    @pytest.mark.parametrize(
        ("flags", "match"),
        [
            (["--epoch", "--max-steps", "1"], "--max-steps must be at least 2"),
            (["--max-steps", "5"], "--max-steps truncates the epoch arm"),
            (["--epoch", "--max-steps", "5", "--score-val", "--score-checkpoint", "c.json",
              "--ft-ledger", "l.jsonl", "--ft-row-id", "abcdefgh"], "trains nothing"),
            (["--epoch", "--no-memorise", "--score-val", "--max-steps", "5",
              "--shuffled-label", "abcdefgh"], "--shuffled-label"),
            (["--epoch", "--train-dtype", "fp32"], "--train-dtype fp32 needs --real-backbone"),
            (["--epoch", "--real-backbone", "snap", "--train-dtype", "fp32",
              "--train-attention-mask", "none"], "no fp32 kernel"),
            (["--epoch", "--real-backbone", "snap", "--optimizer", "master", "--fused-adamw",
              "--train-dtype", "fp32"], "--fused-adamw"),
            (["--epoch", "--span-head-init", str(H64_FILE)], "--span-head-init-manifest"),
            (["--epoch", "--span-head-init-manifest", str(H64_MANIFEST)], "without --span-head-init"),
            (["--epoch", "--span-head-init", str(H64_FILE), "--span-head-init-manifest",
              str(H64_MANIFEST)], "needs --real-backbone"),
            (["--epoch", "--span-head-init-digest"], "needs --real-backbone"),
        ],
    )
    def test_a_rungd_flag_that_would_determine_nothing_is_refused_at_argv_time(
        flags, match, tmp_path, monkeypatch
    ):
        monkeypatch.setattr(rft, "ShardReader", _tripwire)
>       with pytest.raises(SystemExit, match=match):
             ^^^^^^^^^^^^^^^^^^^^^^^^^^^^^^^^^^^^^^
E       AssertionError: Regex pattern did not match.
E         Expected regex: '--train-dtype fp32 needs --real-backbone'
E         Actual message: '2'

python/tests/test_real_ft_rungd_flags.py:341: AssertionError
----------------------------- Captured stderr call -----------------------------
usage: python -m pytest [-h] [--out OUT] [--passes PASSES]
                        [--seeds SEEDS [SEEDS ...]] [--prior-sd PRIOR_SD]
                        [--target-difference TARGET_DIFFERENCE]
                        [--span-weight SPAN_WEIGHT]
                        [--checkpoint-dir CHECKPOINT_DIR]
                        [--checkpoint-every CHECKPOINT_EVERY]
                        [--resume-from RESUME_FROM] [--hidden HIDDEN]
                        [--heads HEADS] [--lr LR] [--max-width MAX_WIDTH]
                        [--max-pairs MAX_PAIRS] [--no-repo-history]
                        [--rev REV] [--commitpackft COMMITPACKFT]
                        [--defect-class DEFECT_CLASS]
                        [--defect-download DEFECT_DOWNLOAD]
                        [--defect-max-rows DEFECT_MAX_ROWS]
                        [--defect-noul DEFECT_NOUL]
                        [--general-record GENERAL_RECORD]
                        [--general-max-rows GENERAL_MAX_ROWS]
                        [--replay-partition] [--epoch] [--no-memorise]
                        [--wall-clock-cap-s WALL_CLOCK_CAP_S]
                        [--batch-tokens BATCH_TOKENS] [--score-val]
                        [--score-checkpoint SCORE_CHECKPOINT [SCORE_CHECKPOINT ...]]
                        [--ft-ledger FT_LEDGER]
                        [--ft-row-id FT_ROW_ID [FT_ROW_ID ...]]
                        [--score-plan PLAN.json] [--composed-slice SLICE_OUT]
                        [--composed-slice-corpus COMPOSED_SLICE_CORPUS]
                        [--score-dtype {fp32,bf16}] [--needle] [--ood]
                        [--ood-general-record OOD_GENERAL_RECORD]
                        [--needle-predictions-out NEEDLE_PREDICTIONS_OUT]
                        [--needle-handoff NEEDLE_HANDOFF] [--ledger LEDGER]
                        [--optimizer {bf16,master}]
                        [--real-backbone REAL_BACKBONE]
                        [--devices {cpu,cuda,mps} [{cpu,cuda,mps} ...]]
                        [--instance INSTANCE] [--usd-per-hour USD_PER_HOUR]
                        [--usd-per-gpu-hour USD_PER_GPU_HOUR]
                        [--approved-by APPROVED_BY]
                        [--attn-implementation ATTN_IMPLEMENTATION]
                        [--deterministic] [--fused-adamw]
                        [--train-attention-mask {padding,none}]
                        [--checkpoint-skip-layers CHECKPOINT_SKIP_LAYERS]
                        [--lower-layers-n LOWER_LAYERS_N]
                        [--lower-layers-lr-scale LOWER_LAYERS_LR_SCALE]
                        [--beta2 BETA2]
                        [--option-permutation-seed OPTION_PERMUTATION_SEED]
                        [--tokenizer-json TOKENIZER_JSON]
                        [--replay-shards REPLAY_SHARDS]
                        [--replay-attestation REPLAY_ATTESTATION]
                        [--replay-cache REPLAY_CACHE]
                        [--replay-weight REPLAY_WEIGHT]
                        [--replay-every REPLAY_EVERY]
                        [--needle-control TOKENS,TOKENS,...]
                        [--suite-verdicts-out SUITE_VERDICTS_OUT]
                        [--suite-logits] [--verdicts-out VERDICTS_OUT]
                        [--shuffled-label EVAL_ROW_ID]
python -m pytest: error: unrecognized arguments: --train-dtype fp32
_ test_a_rungd_flag_that_would_determine_nothing_is_refused_at_argv_time[flags5-no fp32 kernel] _

flags = ['--epoch', '--real-backbone', 'snap', '--train-dtype', 'fp32', '--train-attention-mask', ...]
match = 'no fp32 kernel'
tmp_path = PosixPath('/private/var/folders/wl/qc_0nnp91cd5kfy179krkjxr0000gn/T/pytest-of-bharath/pytest-468/test_a_rungd_flag_that_would_d5')
monkeypatch = <_pytest.monkeypatch.MonkeyPatch object at 0x11233e250>

    @pytest.mark.parametrize(
        ("flags", "match"),
        [
            (["--epoch", "--max-steps", "1"], "--max-steps must be at least 2"),
            (["--max-steps", "5"], "--max-steps truncates the epoch arm"),
            (["--epoch", "--max-steps", "5", "--score-val", "--score-checkpoint", "c.json",
              "--ft-ledger", "l.jsonl", "--ft-row-id", "abcdefgh"], "trains nothing"),
            (["--epoch", "--no-memorise", "--score-val", "--max-steps", "5",
              "--shuffled-label", "abcdefgh"], "--shuffled-label"),
            (["--epoch", "--train-dtype", "fp32"], "--train-dtype fp32 needs --real-backbone"),
            (["--epoch", "--real-backbone", "snap", "--train-dtype", "fp32",
              "--train-attention-mask", "none"], "no fp32 kernel"),
            (["--epoch", "--real-backbone", "snap", "--optimizer", "master", "--fused-adamw",
              "--train-dtype", "fp32"], "--fused-adamw"),
            (["--epoch", "--span-head-init", str(H64_FILE)], "--span-head-init-manifest"),
            (["--epoch", "--span-head-init-manifest", str(H64_MANIFEST)], "without --span-head-init"),
            (["--epoch", "--span-head-init", str(H64_FILE), "--span-head-init-manifest",
              str(H64_MANIFEST)], "needs --real-backbone"),
            (["--epoch", "--span-head-init-digest"], "needs --real-backbone"),
        ],
    )
    def test_a_rungd_flag_that_would_determine_nothing_is_refused_at_argv_time(
        flags, match, tmp_path, monkeypatch
    ):
        monkeypatch.setattr(rft, "ShardReader", _tripwire)
>       with pytest.raises(SystemExit, match=match):
             ^^^^^^^^^^^^^^^^^^^^^^^^^^^^^^^^^^^^^^
E       AssertionError: Regex pattern did not match.
E         Expected regex: 'no fp32 kernel'
E         Actual message: '2'

python/tests/test_real_ft_rungd_flags.py:341: AssertionError
----------------------------- Captured stderr call -----------------------------
usage: python -m pytest [-h] [--out OUT] [--passes PASSES]
                        [--seeds SEEDS [SEEDS ...]] [--prior-sd PRIOR_SD]
                        [--target-difference TARGET_DIFFERENCE]
                        [--span-weight SPAN_WEIGHT]
                        [--checkpoint-dir CHECKPOINT_DIR]
                        [--checkpoint-every CHECKPOINT_EVERY]
                        [--resume-from RESUME_FROM] [--hidden HIDDEN]
                        [--heads HEADS] [--lr LR] [--max-width MAX_WIDTH]
                        [--max-pairs MAX_PAIRS] [--no-repo-history]
                        [--rev REV] [--commitpackft COMMITPACKFT]
                        [--defect-class DEFECT_CLASS]
                        [--defect-download DEFECT_DOWNLOAD]
                        [--defect-max-rows DEFECT_MAX_ROWS]
                        [--defect-noul DEFECT_NOUL]
                        [--general-record GENERAL_RECORD]
                        [--general-max-rows GENERAL_MAX_ROWS]
                        [--replay-partition] [--epoch] [--no-memorise]
                        [--wall-clock-cap-s WALL_CLOCK_CAP_S]
                        [--batch-tokens BATCH_TOKENS] [--score-val]
                        [--score-checkpoint SCORE_CHECKPOINT [SCORE_CHECKPOINT ...]]
                        [--ft-ledger FT_LEDGER]
                        [--ft-row-id FT_ROW_ID [FT_ROW_ID ...]]
                        [--score-plan PLAN.json] [--composed-slice SLICE_OUT]
                        [--composed-slice-corpus COMPOSED_SLICE_CORPUS]
                        [--score-dtype {fp32,bf16}] [--needle] [--ood]
                        [--ood-general-record OOD_GENERAL_RECORD]
                        [--needle-predictions-out NEEDLE_PREDICTIONS_OUT]
                        [--needle-handoff NEEDLE_HANDOFF] [--ledger LEDGER]
                        [--optimizer {bf16,master}]
                        [--real-backbone REAL_BACKBONE]
                        [--devices {cpu,cuda,mps} [{cpu,cuda,mps} ...]]
                        [--instance INSTANCE] [--usd-per-hour USD_PER_HOUR]
                        [--usd-per-gpu-hour USD_PER_GPU_HOUR]
                        [--approved-by APPROVED_BY]
                        [--attn-implementation ATTN_IMPLEMENTATION]
                        [--deterministic] [--fused-adamw]
                        [--train-attention-mask {padding,none}]
                        [--checkpoint-skip-layers CHECKPOINT_SKIP_LAYERS]
                        [--lower-layers-n LOWER_LAYERS_N]
                        [--lower-layers-lr-scale LOWER_LAYERS_LR_SCALE]
                        [--beta2 BETA2]
                        [--option-permutation-seed OPTION_PERMUTATION_SEED]
                        [--tokenizer-json TOKENIZER_JSON]
                        [--replay-shards REPLAY_SHARDS]
                        [--replay-attestation REPLAY_ATTESTATION]
                        [--replay-cache REPLAY_CACHE]
                        [--replay-weight REPLAY_WEIGHT]
                        [--replay-every REPLAY_EVERY]
                        [--needle-control TOKENS,TOKENS,...]
                        [--suite-verdicts-out SUITE_VERDICTS_OUT]
                        [--suite-logits] [--verdicts-out VERDICTS_OUT]
                        [--shuffled-label EVAL_ROW_ID]
python -m pytest: error: unrecognized arguments: --train-dtype fp32
_ test_a_rungd_flag_that_would_determine_nothing_is_refused_at_argv_time[flags6---fused-adamw] _

flags = ['--epoch', '--real-backbone', 'snap', '--optimizer', 'master', '--fused-adamw', ...]
match = '--fused-adamw'
tmp_path = PosixPath('/private/var/folders/wl/qc_0nnp91cd5kfy179krkjxr0000gn/T/pytest-of-bharath/pytest-468/test_a_rungd_flag_that_would_d6')
monkeypatch = <_pytest.monkeypatch.MonkeyPatch object at 0x11233e950>

    @pytest.mark.parametrize(
        ("flags", "match"),
        [
            (["--epoch", "--max-steps", "1"], "--max-steps must be at least 2"),
            (["--max-steps", "5"], "--max-steps truncates the epoch arm"),
            (["--epoch", "--max-steps", "5", "--score-val", "--score-checkpoint", "c.json",
              "--ft-ledger", "l.jsonl", "--ft-row-id", "abcdefgh"], "trains nothing"),
            (["--epoch", "--no-memorise", "--score-val", "--max-steps", "5",
              "--shuffled-label", "abcdefgh"], "--shuffled-label"),
            (["--epoch", "--train-dtype", "fp32"], "--train-dtype fp32 needs --real-backbone"),
            (["--epoch", "--real-backbone", "snap", "--train-dtype", "fp32",
              "--train-attention-mask", "none"], "no fp32 kernel"),
            (["--epoch", "--real-backbone", "snap", "--optimizer", "master", "--fused-adamw",
              "--train-dtype", "fp32"], "--fused-adamw"),
            (["--epoch", "--span-head-init", str(H64_FILE)], "--span-head-init-manifest"),
            (["--epoch", "--span-head-init-manifest", str(H64_MANIFEST)], "without --span-head-init"),
            (["--epoch", "--span-head-init", str(H64_FILE), "--span-head-init-manifest",
              str(H64_MANIFEST)], "needs --real-backbone"),
            (["--epoch", "--span-head-init-digest"], "needs --real-backbone"),
        ],
    )
    def test_a_rungd_flag_that_would_determine_nothing_is_refused_at_argv_time(
        flags, match, tmp_path, monkeypatch
    ):
        monkeypatch.setattr(rft, "ShardReader", _tripwire)
>       with pytest.raises(SystemExit, match=match):
             ^^^^^^^^^^^^^^^^^^^^^^^^^^^^^^^^^^^^^^
E       AssertionError: Regex pattern did not match.
E         Expected regex: '--fused-adamw'
E         Actual message: '2'

python/tests/test_real_ft_rungd_flags.py:341: AssertionError
----------------------------- Captured stderr call -----------------------------
usage: python -m pytest [-h] [--out OUT] [--passes PASSES]
                        [--seeds SEEDS [SEEDS ...]] [--prior-sd PRIOR_SD]
                        [--target-difference TARGET_DIFFERENCE]
                        [--span-weight SPAN_WEIGHT]
                        [--checkpoint-dir CHECKPOINT_DIR]
                        [--checkpoint-every CHECKPOINT_EVERY]
                        [--resume-from RESUME_FROM] [--hidden HIDDEN]
                        [--heads HEADS] [--lr LR] [--max-width MAX_WIDTH]
                        [--max-pairs MAX_PAIRS] [--no-repo-history]
                        [--rev REV] [--commitpackft COMMITPACKFT]
                        [--defect-class DEFECT_CLASS]
                        [--defect-download DEFECT_DOWNLOAD]
                        [--defect-max-rows DEFECT_MAX_ROWS]
                        [--defect-noul DEFECT_NOUL]
                        [--general-record GENERAL_RECORD]
                        [--general-max-rows GENERAL_MAX_ROWS]
                        [--replay-partition] [--epoch] [--no-memorise]
                        [--wall-clock-cap-s WALL_CLOCK_CAP_S]
                        [--batch-tokens BATCH_TOKENS] [--score-val]
                        [--score-checkpoint SCORE_CHECKPOINT [SCORE_CHECKPOINT ...]]
                        [--ft-ledger FT_LEDGER]
                        [--ft-row-id FT_ROW_ID [FT_ROW_ID ...]]
                        [--score-plan PLAN.json] [--composed-slice SLICE_OUT]
                        [--composed-slice-corpus COMPOSED_SLICE_CORPUS]
                        [--score-dtype {fp32,bf16}] [--needle] [--ood]
                        [--ood-general-record OOD_GENERAL_RECORD]
                        [--needle-predictions-out NEEDLE_PREDICTIONS_OUT]
                        [--needle-handoff NEEDLE_HANDOFF] [--ledger LEDGER]
                        [--optimizer {bf16,master}]
                        [--real-backbone REAL_BACKBONE]
                        [--devices {cpu,cuda,mps} [{cpu,cuda,mps} ...]]
                        [--instance INSTANCE] [--usd-per-hour USD_PER_HOUR]
                        [--usd-per-gpu-hour USD_PER_GPU_HOUR]
                        [--approved-by APPROVED_BY]
                        [--attn-implementation ATTN_IMPLEMENTATION]
                        [--deterministic] [--fused-adamw]
                        [--train-attention-mask {padding,none}]
                        [--checkpoint-skip-layers CHECKPOINT_SKIP_LAYERS]
                        [--lower-layers-n LOWER_LAYERS_N]
                        [--lower-layers-lr-scale LOWER_LAYERS_LR_SCALE]
                        [--beta2 BETA2]
                        [--option-permutation-seed OPTION_PERMUTATION_SEED]
                        [--tokenizer-json TOKENIZER_JSON]
                        [--replay-shards REPLAY_SHARDS]
                        [--replay-attestation REPLAY_ATTESTATION]
                        [--replay-cache REPLAY_CACHE]
                        [--replay-weight REPLAY_WEIGHT]
                        [--replay-every REPLAY_EVERY]
                        [--needle-control TOKENS,TOKENS,...]
                        [--suite-verdicts-out SUITE_VERDICTS_OUT]
                        [--suite-logits] [--verdicts-out VERDICTS_OUT]
                        [--shuffled-label EVAL_ROW_ID]
python -m pytest: error: unrecognized arguments: --train-dtype fp32
_ test_a_rungd_flag_that_would_determine_nothing_is_refused_at_argv_time[flags7---span-head-init-manifest] _

flags = ['--epoch', '--span-head-init', '/Users/bharath/Code/research/Lappi-decision/.claude/worktrees/agent-af2fee24b0ffeacd5/crates/qd-train/tests/fixtures/span-head-init-seed0-h64.safetensors']
match = '--span-head-init-manifest'
tmp_path = PosixPath('/private/var/folders/wl/qc_0nnp91cd5kfy179krkjxr0000gn/T/pytest-of-bharath/pytest-468/test_a_rungd_flag_that_would_d7')
monkeypatch = <_pytest.monkeypatch.MonkeyPatch object at 0x1121f89b0>

    @pytest.mark.parametrize(
        ("flags", "match"),
        [
            (["--epoch", "--max-steps", "1"], "--max-steps must be at least 2"),
            (["--max-steps", "5"], "--max-steps truncates the epoch arm"),
            (["--epoch", "--max-steps", "5", "--score-val", "--score-checkpoint", "c.json",
              "--ft-ledger", "l.jsonl", "--ft-row-id", "abcdefgh"], "trains nothing"),
            (["--epoch", "--no-memorise", "--score-val", "--max-steps", "5",
              "--shuffled-label", "abcdefgh"], "--shuffled-label"),
            (["--epoch", "--train-dtype", "fp32"], "--train-dtype fp32 needs --real-backbone"),
            (["--epoch", "--real-backbone", "snap", "--train-dtype", "fp32",
              "--train-attention-mask", "none"], "no fp32 kernel"),
            (["--epoch", "--real-backbone", "snap", "--optimizer", "master", "--fused-adamw",
              "--train-dtype", "fp32"], "--fused-adamw"),
            (["--epoch", "--span-head-init", str(H64_FILE)], "--span-head-init-manifest"),
            (["--epoch", "--span-head-init-manifest", str(H64_MANIFEST)], "without --span-head-init"),
            (["--epoch", "--span-head-init", str(H64_FILE), "--span-head-init-manifest",
              str(H64_MANIFEST)], "needs --real-backbone"),
            (["--epoch", "--span-head-init-digest"], "needs --real-backbone"),
        ],
    )
    def test_a_rungd_flag_that_would_determine_nothing_is_refused_at_argv_time(
        flags, match, tmp_path, monkeypatch
    ):
        monkeypatch.setattr(rft, "ShardReader", _tripwire)
>       with pytest.raises(SystemExit, match=match):
             ^^^^^^^^^^^^^^^^^^^^^^^^^^^^^^^^^^^^^^
E       AssertionError: Regex pattern did not match.
E         Expected regex: '--span-head-init-manifest'
E         Actual message: '2'

python/tests/test_real_ft_rungd_flags.py:341: AssertionError
----------------------------- Captured stderr call -----------------------------
usage: python -m pytest [-h] [--out OUT] [--passes PASSES]
                        [--seeds SEEDS [SEEDS ...]] [--prior-sd PRIOR_SD]
                        [--target-difference TARGET_DIFFERENCE]
                        [--span-weight SPAN_WEIGHT]
                        [--checkpoint-dir CHECKPOINT_DIR]
                        [--checkpoint-every CHECKPOINT_EVERY]
                        [--resume-from RESUME_FROM] [--hidden HIDDEN]
                        [--heads HEADS] [--lr LR] [--max-width MAX_WIDTH]
                        [--max-pairs MAX_PAIRS] [--no-repo-history]
                        [--rev REV] [--commitpackft COMMITPACKFT]
                        [--defect-class DEFECT_CLASS]
                        [--defect-download DEFECT_DOWNLOAD]
                        [--defect-max-rows DEFECT_MAX_ROWS]
                        [--defect-noul DEFECT_NOUL]
                        [--general-record GENERAL_RECORD]
                        [--general-max-rows GENERAL_MAX_ROWS]
                        [--replay-partition] [--epoch] [--no-memorise]
                        [--wall-clock-cap-s WALL_CLOCK_CAP_S]
                        [--batch-tokens BATCH_TOKENS] [--score-val]
                        [--score-checkpoint SCORE_CHECKPOINT [SCORE_CHECKPOINT ...]]
                        [--ft-ledger FT_LEDGER]
                        [--ft-row-id FT_ROW_ID [FT_ROW_ID ...]]
                        [--score-plan PLAN.json] [--composed-slice SLICE_OUT]
                        [--composed-slice-corpus COMPOSED_SLICE_CORPUS]
                        [--score-dtype {fp32,bf16}] [--needle] [--ood]
                        [--ood-general-record OOD_GENERAL_RECORD]
                        [--needle-predictions-out NEEDLE_PREDICTIONS_OUT]
                        [--needle-handoff NEEDLE_HANDOFF] [--ledger LEDGER]
                        [--optimizer {bf16,master}]
                        [--real-backbone REAL_BACKBONE]
                        [--devices {cpu,cuda,mps} [{cpu,cuda,mps} ...]]
                        [--instance INSTANCE] [--usd-per-hour USD_PER_HOUR]
                        [--usd-per-gpu-hour USD_PER_GPU_HOUR]
                        [--approved-by APPROVED_BY]
                        [--attn-implementation ATTN_IMPLEMENTATION]
                        [--deterministic] [--fused-adamw]
                        [--train-attention-mask {padding,none}]
                        [--checkpoint-skip-layers CHECKPOINT_SKIP_LAYERS]
                        [--lower-layers-n LOWER_LAYERS_N]
                        [--lower-layers-lr-scale LOWER_LAYERS_LR_SCALE]
                        [--beta2 BETA2]
                        [--option-permutation-seed OPTION_PERMUTATION_SEED]
                        [--tokenizer-json TOKENIZER_JSON]
                        [--replay-shards REPLAY_SHARDS]
                        [--replay-attestation REPLAY_ATTESTATION]
                        [--replay-cache REPLAY_CACHE]
                        [--replay-weight REPLAY_WEIGHT]
                        [--replay-every REPLAY_EVERY]
                        [--needle-control TOKENS,TOKENS,...]
                        [--suite-verdicts-out SUITE_VERDICTS_OUT]
                        [--suite-logits] [--verdicts-out VERDICTS_OUT]
                        [--shuffled-label EVAL_ROW_ID]
python -m pytest: error: unrecognized arguments: --span-head-init /Users/bharath/Code/research/Lappi-decision/.claude/worktrees/agent-af2fee24b0ffeacd5/crates/qd-train/tests/fixtures/span-head-init-seed0-h64.safetensors
_ test_a_rungd_flag_that_would_determine_nothing_is_refused_at_argv_time[flags8-without --span-head-init] _

flags = ['--epoch', '--span-head-init-manifest', '/Users/bharath/Code/research/Lappi-decision/.claude/worktrees/agent-af2fee24b0ffeacd5/crates/qd-train/tests/fixtures/span-head-init-seed0-h64.manifest.json']
match = 'without --span-head-init'
tmp_path = PosixPath('/private/var/folders/wl/qc_0nnp91cd5kfy179krkjxr0000gn/T/pytest-of-bharath/pytest-468/test_a_rungd_flag_that_would_d8')
monkeypatch = <_pytest.monkeypatch.MonkeyPatch object at 0x1121f9c70>

    @pytest.mark.parametrize(
        ("flags", "match"),
        [
            (["--epoch", "--max-steps", "1"], "--max-steps must be at least 2"),
            (["--max-steps", "5"], "--max-steps truncates the epoch arm"),
            (["--epoch", "--max-steps", "5", "--score-val", "--score-checkpoint", "c.json",
              "--ft-ledger", "l.jsonl", "--ft-row-id", "abcdefgh"], "trains nothing"),
            (["--epoch", "--no-memorise", "--score-val", "--max-steps", "5",
              "--shuffled-label", "abcdefgh"], "--shuffled-label"),
            (["--epoch", "--train-dtype", "fp32"], "--train-dtype fp32 needs --real-backbone"),
            (["--epoch", "--real-backbone", "snap", "--train-dtype", "fp32",
              "--train-attention-mask", "none"], "no fp32 kernel"),
            (["--epoch", "--real-backbone", "snap", "--optimizer", "master", "--fused-adamw",
              "--train-dtype", "fp32"], "--fused-adamw"),
            (["--epoch", "--span-head-init", str(H64_FILE)], "--span-head-init-manifest"),
            (["--epoch", "--span-head-init-manifest", str(H64_MANIFEST)], "without --span-head-init"),
            (["--epoch", "--span-head-init", str(H64_FILE), "--span-head-init-manifest",
              str(H64_MANIFEST)], "needs --real-backbone"),
            (["--epoch", "--span-head-init-digest"], "needs --real-backbone"),
        ],
    )
    def test_a_rungd_flag_that_would_determine_nothing_is_refused_at_argv_time(
        flags, match, tmp_path, monkeypatch
    ):
        monkeypatch.setattr(rft, "ShardReader", _tripwire)
>       with pytest.raises(SystemExit, match=match):
             ^^^^^^^^^^^^^^^^^^^^^^^^^^^^^^^^^^^^^^
E       AssertionError: Regex pattern did not match.
E         Expected regex: 'without --span-head-init'
E         Actual message: '2'

python/tests/test_real_ft_rungd_flags.py:341: AssertionError
----------------------------- Captured stderr call -----------------------------
usage: python -m pytest [-h] [--out OUT] [--passes PASSES]
                        [--seeds SEEDS [SEEDS ...]] [--prior-sd PRIOR_SD]
                        [--target-difference TARGET_DIFFERENCE]
                        [--span-weight SPAN_WEIGHT]
                        [--checkpoint-dir CHECKPOINT_DIR]
                        [--checkpoint-every CHECKPOINT_EVERY]
                        [--resume-from RESUME_FROM] [--hidden HIDDEN]
                        [--heads HEADS] [--lr LR] [--max-width MAX_WIDTH]
                        [--max-pairs MAX_PAIRS] [--no-repo-history]
                        [--rev REV] [--commitpackft COMMITPACKFT]
                        [--defect-class DEFECT_CLASS]
                        [--defect-download DEFECT_DOWNLOAD]
                        [--defect-max-rows DEFECT_MAX_ROWS]
                        [--defect-noul DEFECT_NOUL]
                        [--general-record GENERAL_RECORD]
                        [--general-max-rows GENERAL_MAX_ROWS]
                        [--replay-partition] [--epoch] [--no-memorise]
                        [--wall-clock-cap-s WALL_CLOCK_CAP_S]
                        [--batch-tokens BATCH_TOKENS] [--score-val]
                        [--score-checkpoint SCORE_CHECKPOINT [SCORE_CHECKPOINT ...]]
                        [--ft-ledger FT_LEDGER]
                        [--ft-row-id FT_ROW_ID [FT_ROW_ID ...]]
                        [--score-plan PLAN.json] [--composed-slice SLICE_OUT]
                        [--composed-slice-corpus COMPOSED_SLICE_CORPUS]
                        [--score-dtype {fp32,bf16}] [--needle] [--ood]
                        [--ood-general-record OOD_GENERAL_RECORD]
                        [--needle-predictions-out NEEDLE_PREDICTIONS_OUT]
                        [--needle-handoff NEEDLE_HANDOFF] [--ledger LEDGER]
                        [--optimizer {bf16,master}]
                        [--real-backbone REAL_BACKBONE]
                        [--devices {cpu,cuda,mps} [{cpu,cuda,mps} ...]]
                        [--instance INSTANCE] [--usd-per-hour USD_PER_HOUR]
                        [--usd-per-gpu-hour USD_PER_GPU_HOUR]
                        [--approved-by APPROVED_BY]
                        [--attn-implementation ATTN_IMPLEMENTATION]
                        [--deterministic] [--fused-adamw]
                        [--train-attention-mask {padding,none}]
                        [--checkpoint-skip-layers CHECKPOINT_SKIP_LAYERS]
                        [--lower-layers-n LOWER_LAYERS_N]
                        [--lower-layers-lr-scale LOWER_LAYERS_LR_SCALE]
                        [--beta2 BETA2]
                        [--option-permutation-seed OPTION_PERMUTATION_SEED]
                        [--tokenizer-json TOKENIZER_JSON]
                        [--replay-shards REPLAY_SHARDS]
                        [--replay-attestation REPLAY_ATTESTATION]
                        [--replay-cache REPLAY_CACHE]
                        [--replay-weight REPLAY_WEIGHT]
                        [--replay-every REPLAY_EVERY]
                        [--needle-control TOKENS,TOKENS,...]
                        [--suite-verdicts-out SUITE_VERDICTS_OUT]
                        [--suite-logits] [--verdicts-out VERDICTS_OUT]
                        [--shuffled-label EVAL_ROW_ID]
python -m pytest: error: unrecognized arguments: --span-head-init-manifest /Users/bharath/Code/research/Lappi-decision/.claude/worktrees/agent-af2fee24b0ffeacd5/crates/qd-train/tests/fixtures/span-head-init-seed0-h64.manifest.json
_ test_a_rungd_flag_that_would_determine_nothing_is_refused_at_argv_time[flags9-needs --real-backbone] _

flags = ['--epoch', '--span-head-init', '/Users/bharath/Code/research/Lappi-decision/.claude/worktrees/agent-af2fee24b0ffeacd5...ision/.claude/worktrees/agent-af2fee24b0ffeacd5/crates/qd-train/tests/fixtures/span-head-init-seed0-h64.manifest.json']
match = 'needs --real-backbone'
tmp_path = PosixPath('/private/var/folders/wl/qc_0nnp91cd5kfy179krkjxr0000gn/T/pytest-of-bharath/pytest-468/test_a_rungd_flag_that_would_d9')
monkeypatch = <_pytest.monkeypatch.MonkeyPatch object at 0x1123704b0>

    @pytest.mark.parametrize(
        ("flags", "match"),
        [
            (["--epoch", "--max-steps", "1"], "--max-steps must be at least 2"),
            (["--max-steps", "5"], "--max-steps truncates the epoch arm"),
            (["--epoch", "--max-steps", "5", "--score-val", "--score-checkpoint", "c.json",
              "--ft-ledger", "l.jsonl", "--ft-row-id", "abcdefgh"], "trains nothing"),
            (["--epoch", "--no-memorise", "--score-val", "--max-steps", "5",
              "--shuffled-label", "abcdefgh"], "--shuffled-label"),
            (["--epoch", "--train-dtype", "fp32"], "--train-dtype fp32 needs --real-backbone"),
            (["--epoch", "--real-backbone", "snap", "--train-dtype", "fp32",
              "--train-attention-mask", "none"], "no fp32 kernel"),
            (["--epoch", "--real-backbone", "snap", "--optimizer", "master", "--fused-adamw",
              "--train-dtype", "fp32"], "--fused-adamw"),
            (["--epoch", "--span-head-init", str(H64_FILE)], "--span-head-init-manifest"),
            (["--epoch", "--span-head-init-manifest", str(H64_MANIFEST)], "without --span-head-init"),
            (["--epoch", "--span-head-init", str(H64_FILE), "--span-head-init-manifest",
              str(H64_MANIFEST)], "needs --real-backbone"),
            (["--epoch", "--span-head-init-digest"], "needs --real-backbone"),
        ],
    )
    def test_a_rungd_flag_that_would_determine_nothing_is_refused_at_argv_time(
        flags, match, tmp_path, monkeypatch
    ):
        monkeypatch.setattr(rft, "ShardReader", _tripwire)
>       with pytest.raises(SystemExit, match=match):
             ^^^^^^^^^^^^^^^^^^^^^^^^^^^^^^^^^^^^^^
E       AssertionError: Regex pattern did not match.
E         Expected regex: 'needs --real-backbone'
E         Actual message: '2'

python/tests/test_real_ft_rungd_flags.py:341: AssertionError
----------------------------- Captured stderr call -----------------------------
usage: python -m pytest [-h] [--out OUT] [--passes PASSES]
                        [--seeds SEEDS [SEEDS ...]] [--prior-sd PRIOR_SD]
                        [--target-difference TARGET_DIFFERENCE]
                        [--span-weight SPAN_WEIGHT]
                        [--checkpoint-dir CHECKPOINT_DIR]
                        [--checkpoint-every CHECKPOINT_EVERY]
                        [--resume-from RESUME_FROM] [--hidden HIDDEN]
                        [--heads HEADS] [--lr LR] [--max-width MAX_WIDTH]
                        [--max-pairs MAX_PAIRS] [--no-repo-history]
                        [--rev REV] [--commitpackft COMMITPACKFT]
                        [--defect-class DEFECT_CLASS]
                        [--defect-download DEFECT_DOWNLOAD]
                        [--defect-max-rows DEFECT_MAX_ROWS]
                        [--defect-noul DEFECT_NOUL]
                        [--general-record GENERAL_RECORD]
                        [--general-max-rows GENERAL_MAX_ROWS]
                        [--replay-partition] [--epoch] [--no-memorise]
                        [--wall-clock-cap-s WALL_CLOCK_CAP_S]
                        [--batch-tokens BATCH_TOKENS] [--score-val]
                        [--score-checkpoint SCORE_CHECKPOINT [SCORE_CHECKPOINT ...]]
                        [--ft-ledger FT_LEDGER]
                        [--ft-row-id FT_ROW_ID [FT_ROW_ID ...]]
                        [--score-plan PLAN.json] [--composed-slice SLICE_OUT]
                        [--composed-slice-corpus COMPOSED_SLICE_CORPUS]
                        [--score-dtype {fp32,bf16}] [--needle] [--ood]
                        [--ood-general-record OOD_GENERAL_RECORD]
                        [--needle-predictions-out NEEDLE_PREDICTIONS_OUT]
                        [--needle-handoff NEEDLE_HANDOFF] [--ledger LEDGER]
                        [--optimizer {bf16,master}]
                        [--real-backbone REAL_BACKBONE]
                        [--devices {cpu,cuda,mps} [{cpu,cuda,mps} ...]]
                        [--instance INSTANCE] [--usd-per-hour USD_PER_HOUR]
                        [--usd-per-gpu-hour USD_PER_GPU_HOUR]
                        [--approved-by APPROVED_BY]
                        [--attn-implementation ATTN_IMPLEMENTATION]
                        [--deterministic] [--fused-adamw]
                        [--train-attention-mask {padding,none}]
                        [--checkpoint-skip-layers CHECKPOINT_SKIP_LAYERS]
                        [--lower-layers-n LOWER_LAYERS_N]
                        [--lower-layers-lr-scale LOWER_LAYERS_LR_SCALE]
                        [--beta2 BETA2]
                        [--option-permutation-seed OPTION_PERMUTATION_SEED]
                        [--tokenizer-json TOKENIZER_JSON]
                        [--replay-shards REPLAY_SHARDS]
                        [--replay-attestation REPLAY_ATTESTATION]
                        [--replay-cache REPLAY_CACHE]
                        [--replay-weight REPLAY_WEIGHT]
                        [--replay-every REPLAY_EVERY]
                        [--needle-control TOKENS,TOKENS,...]
                        [--suite-verdicts-out SUITE_VERDICTS_OUT]
                        [--suite-logits] [--verdicts-out VERDICTS_OUT]
                        [--shuffled-label EVAL_ROW_ID]
python -m pytest: error: unrecognized arguments: --span-head-init /Users/bharath/Code/research/Lappi-decision/.claude/worktrees/agent-af2fee24b0ffeacd5/crates/qd-train/tests/fixtures/span-head-init-seed0-h64.safetensors --span-head-init-manifest /Users/bharath/Code/research/Lappi-decision/.claude/worktrees/agent-af2fee24b0ffeacd5/crates/qd-train/tests/fixtures/span-head-init-seed0-h64.manifest.json
_ test_a_rungd_flag_that_would_determine_nothing_is_refused_at_argv_time[flags10-needs --real-backbone] _

flags = ['--epoch', '--span-head-init-digest'], match = 'needs --real-backbone'
tmp_path = PosixPath('/private/var/folders/wl/qc_0nnp91cd5kfy179krkjxr0000gn/T/pytest-of-bharath/pytest-468/test_a_rungd_flag_that_would_d10')
monkeypatch = <_pytest.monkeypatch.MonkeyPatch object at 0x112371550>

    @pytest.mark.parametrize(
        ("flags", "match"),
        [
            (["--epoch", "--max-steps", "1"], "--max-steps must be at least 2"),
            (["--max-steps", "5"], "--max-steps truncates the epoch arm"),
            (["--epoch", "--max-steps", "5", "--score-val", "--score-checkpoint", "c.json",
              "--ft-ledger", "l.jsonl", "--ft-row-id", "abcdefgh"], "trains nothing"),
            (["--epoch", "--no-memorise", "--score-val", "--max-steps", "5",
              "--shuffled-label", "abcdefgh"], "--shuffled-label"),
            (["--epoch", "--train-dtype", "fp32"], "--train-dtype fp32 needs --real-backbone"),
            (["--epoch", "--real-backbone", "snap", "--train-dtype", "fp32",
              "--train-attention-mask", "none"], "no fp32 kernel"),
            (["--epoch", "--real-backbone", "snap", "--optimizer", "master", "--fused-adamw",
              "--train-dtype", "fp32"], "--fused-adamw"),
            (["--epoch", "--span-head-init", str(H64_FILE)], "--span-head-init-manifest"),
            (["--epoch", "--span-head-init-manifest", str(H64_MANIFEST)], "without --span-head-init"),
            (["--epoch", "--span-head-init", str(H64_FILE), "--span-head-init-manifest",
              str(H64_MANIFEST)], "needs --real-backbone"),
            (["--epoch", "--span-head-init-digest"], "needs --real-backbone"),
        ],
    )
    def test_a_rungd_flag_that_would_determine_nothing_is_refused_at_argv_time(
        flags, match, tmp_path, monkeypatch
    ):
        monkeypatch.setattr(rft, "ShardReader", _tripwire)
>       with pytest.raises(SystemExit, match=match):
             ^^^^^^^^^^^^^^^^^^^^^^^^^^^^^^^^^^^^^^
E       AssertionError: Regex pattern did not match.
E         Expected regex: 'needs --real-backbone'
E         Actual message: '2'

python/tests/test_real_ft_rungd_flags.py:341: AssertionError
----------------------------- Captured stderr call -----------------------------
usage: python -m pytest [-h] [--out OUT] [--passes PASSES]
                        [--seeds SEEDS [SEEDS ...]] [--prior-sd PRIOR_SD]
                        [--target-difference TARGET_DIFFERENCE]
                        [--span-weight SPAN_WEIGHT]
                        [--checkpoint-dir CHECKPOINT_DIR]
                        [--checkpoint-every CHECKPOINT_EVERY]
                        [--resume-from RESUME_FROM] [--hidden HIDDEN]
                        [--heads HEADS] [--lr LR] [--max-width MAX_WIDTH]
                        [--max-pairs MAX_PAIRS] [--no-repo-history]
                        [--rev REV] [--commitpackft COMMITPACKFT]
                        [--defect-class DEFECT_CLASS]
                        [--defect-download DEFECT_DOWNLOAD]
                        [--defect-max-rows DEFECT_MAX_ROWS]
                        [--defect-noul DEFECT_NOUL]
                        [--general-record GENERAL_RECORD]
                        [--general-max-rows GENERAL_MAX_ROWS]
                        [--replay-partition] [--epoch] [--no-memorise]
                        [--wall-clock-cap-s WALL_CLOCK_CAP_S]
                        [--batch-tokens BATCH_TOKENS] [--score-val]
                        [--score-checkpoint SCORE_CHECKPOINT [SCORE_CHECKPOINT ...]]
                        [--ft-ledger FT_LEDGER]
                        [--ft-row-id FT_ROW_ID [FT_ROW_ID ...]]
                        [--score-plan PLAN.json] [--composed-slice SLICE_OUT]
                        [--composed-slice-corpus COMPOSED_SLICE_CORPUS]
                        [--score-dtype {fp32,bf16}] [--needle] [--ood]
                        [--ood-general-record OOD_GENERAL_RECORD]
                        [--needle-predictions-out NEEDLE_PREDICTIONS_OUT]
                        [--needle-handoff NEEDLE_HANDOFF] [--ledger LEDGER]
                        [--optimizer {bf16,master}]
                        [--real-backbone REAL_BACKBONE]
                        [--devices {cpu,cuda,mps} [{cpu,cuda,mps} ...]]
                        [--instance INSTANCE] [--usd-per-hour USD_PER_HOUR]
                        [--usd-per-gpu-hour USD_PER_GPU_HOUR]
                        [--approved-by APPROVED_BY]
                        [--attn-implementation ATTN_IMPLEMENTATION]
                        [--deterministic] [--fused-adamw]
                        [--train-attention-mask {padding,none}]
                        [--checkpoint-skip-layers CHECKPOINT_SKIP_LAYERS]
                        [--lower-layers-n LOWER_LAYERS_N]
                        [--lower-layers-lr-scale LOWER_LAYERS_LR_SCALE]
                        [--beta2 BETA2]
                        [--option-permutation-seed OPTION_PERMUTATION_SEED]
                        [--tokenizer-json TOKENIZER_JSON]
                        [--replay-shards REPLAY_SHARDS]
                        [--replay-attestation REPLAY_ATTESTATION]
                        [--replay-cache REPLAY_CACHE]
                        [--replay-weight REPLAY_WEIGHT]
                        [--replay-every REPLAY_EVERY]
                        [--needle-control TOKENS,TOKENS,...]
                        [--suite-verdicts-out SUITE_VERDICTS_OUT]
                        [--suite-logits] [--verdicts-out VERDICTS_OUT]
                        [--shuffled-label EVAL_ROW_ID]
python -m pytest: error: unrecognized arguments: --span-head-init-digest
__ test_max_steps_trains_the_first_n_batches_under_a_schedule_recomputed_at_n __

corpus = Corpus(out=PosixPath('/private/var/folders/wl/qc_0nnp91cd5kfy179krkjxr0000gn/T/pytest-of-bharath/pytest-468/rungd-corp...private/var/folders/wl/qc_0nnp91cd5kfy179krkjxr0000gn/T/pytest-of-bharath/pytest-468/rungd-corpus0/tiny-snapshot-h64'))
tmp_path = PosixPath('/private/var/folders/wl/qc_0nnp91cd5kfy179krkjxr0000gn/T/pytest-of-bharath/pytest-468/test_max_steps_trains_the_firs0')
monkeypatch = <_pytest.monkeypatch.MonkeyPatch object at 0x12027dbf0>

    def test_max_steps_trains_the_first_n_batches_under_a_schedule_recomputed_at_n(
        corpus, tmp_path, monkeypatch
    ):
        """The epoch arm's plan sliced to its first N batches, before ``steps = len(plan)``, so the
        schedule, the loop and the row all see N; the run and its eval row are quick (rule 8)."""
        seen: list[Any] = []
        consumed: list[Any] = []
        real_control, real_train_ft = rft._control, rft.train_ft
    
        def spy(steps: int, **kw: Any) -> Any:
            control = real_control(steps, **kw)
            seen.append(control)
            return control
    
        def tap(batches: Any, **kw: Any) -> Any:
            def through() -> Iterator[Any]:
                for batch in batches:
                    consumed.append(batch.tokens.copy())
                    yield batch
    
            return real_train_ft(through(), **kw)
    
        monkeypatch.setattr(rft, "_control", spy)
        monkeypatch.setattr(rft, "train_ft", tap)
        full = _only(_run(corpus, tmp_path / "full.jsonl"), "ft")
        n_batches = int(_value(full, "train.optimizer_steps"))
        assert n_batches > 3
        full_order = list(consumed)
        seen.clear()
        consumed.clear()
    
>       rows = _run(corpus, tmp_path / "cut.jsonl", "--max-steps", "3", "--score-val", short=True)
               ^^^^^^^^^^^^^^^^^^^^^^^^^^^^^^^^^^^^^^^^^^^^^^^^^^^^^^^^^^^^^^^^^^^^^^^^^^^^^^^^^^^

python/tests/test_real_ft_rungd_flags.py:380: 
_ _ _ _ _ _ _ _ _ _ _ _ _ _ _ _ _ _ _ _ _ _ _ _ _ _ _ _ _ _ _ _ _ _ _ _ _ _ _ _ 
python/tests/test_real_ft_rungd_flags.py:210: in _run
    code = module.main(argv)
           ^^^^^^^^^^^^^^^^^
tools/real_ft_run.py:8719: in main
    args = parser.parse_args(argv)
           ^^^^^^^^^^^^^^^^^^^^^^^
/opt/homebrew/Cellar/python@3.14/3.14.7/Frameworks/Python.framework/Versions/3.14/lib/python3.14/argparse.py:2012: in parse_args
    self.error(msg)
/opt/homebrew/Cellar/python@3.14/3.14.7/Frameworks/Python.framework/Versions/3.14/lib/python3.14/argparse.py:2785: in error
    self.exit(2, _('%(prog)s: error: %(message)s\n') % args)
_ _ _ _ _ _ _ _ _ _ _ _ _ _ _ _ _ _ _ _ _ _ _ _ _ _ _ _ _ _ _ _ _ _ _ _ _ _ _ _ 

self = ArgumentParser(prog='python -m pytest', usage=None, description='Does ``train_ft`` train on a shard set that came out of the real pipeline?', formatter_class=<class 'argparse.HelpFormatter'>, conflict_handler='error', add_help=True)
status = 2
message = 'python -m pytest: error: unrecognized arguments: --max-steps 3\n'

    def exit(self, status=0, message=None):
        if message:
            self._print_message(message, _sys.stderr)
>       _sys.exit(status)
E       SystemExit: 2

/opt/homebrew/Cellar/python@3.14/3.14.7/Frameworks/Python.framework/Versions/3.14/lib/python3.14/argparse.py:2772: SystemExit
---------------------------- Captured stdout setup -----------------------------
[ERROR] `loss` is part of Qwen3_5CausalLMOutputWithPast.__init__'s signature, but not documented. Make sure to add it to the docstring of the function in /Users/bharath/.venvs/ml/lib/python3.14/site-packages/transformers/models/qwen3_5/modeling_qwen3_5.py.
[ERROR] `logits` is part of Qwen3_5CausalLMOutputWithPast.__init__'s signature, but not documented. Make sure to add it to the docstring of the function in /Users/bharath/.venvs/ml/lib/python3.14/site-packages/transformers/models/qwen3_5/modeling_qwen3_5.py.
---------------------------- Captured stderr setup -----------------------------
[transformers] The fast path is not available because one of the required library is not installed. Falling back to torch implementation. To install follow https://github.com/fla-org/flash-linear-attention#installation and https://github.com/Dao-AILab/causal-conv1d
------------------------------ Captured log setup ------------------------------
WARNING  transformers.models.qwen3_5.modeling_qwen3_5:logging.py:340 The fast path is not available because one of the required library is not installed. Falling back to torch implementation. To install follow https://github.com/fla-org/flash-linear-attention#installation and https://github.com/Dao-AILab/causal-conv1d
----------------------------- Captured stdout call -----------------------------
shard set: /private/var/folders/wl/qc_0nnp91cd5kfy179krkjxr0000gn/T/pytest-of-bharath/pytest-468/rungd-corpus0/shards/train
  rows in -> out: 172 -> 172  (0 excluded)  tokens 143148  vocab 256
  choice  n= 172  len 435..437 (mean 436.6)  gold is noul: 0  rendered rows [5]
  span    n= 172  len 394..396 (mean 395.6)  gold is noul: 172  pointer-abstaining 43/172, candidates 1204
  letter rows whose gold is noul: 0 of 172
  prompt-identical rows: 0 of 344; of those, 0 rows in 0 groups carry DIFFERENT golds ({})
  letters -> post-remap ids: {'A': 65, 'B': 66, 'C': 67, 'D': 68, 'Z': 90}
  padding waste: 0 padding of 143148 positions (0.00%) over 344 sequences; gate is <= 15%. buckets=[394, 396, 435, 437]
  span_check: {"state": "not_run", "reason": "write_shards was called without decode=, so the 172 span sequence(s) here had their gold and candidate positions checked only against the offset map
  remap beside the shards: {"state": "ran", "passed": true, "value": "7aa0d64186acd624d5791460205f63855352fa4c589266b986e35fdfd90ee7df", "n": 256, "n_total": 256, "detail": "/private/var/folders/wl/qc_0nnp91
  epoch at batch_tokens=437: 344 batches, 172 carry a span row, 172 have no letter row; letter-channel chunks 172 live of 344
devices: ['cpu'] (from --devices; auto-detection skipped)

feasibility, one forward+backward per bucket width, in a subprocess:
  cpu bucket 0 (1 x 394): ok 0.0s
  cpu bucket 1 (1 x 396): ok 0.0s
  cpu bucket 2 (1 x 435): ok 0.0s
  cpu bucket 3 (1 x 437): ok 0.0s

arm 2 plan: every real batch at most 5383 wide -> 344 of 344 batches, 344 of 344 sequences, slot kinds ['choice', 'span'] of ['choice', 'span']

arm 2: NOT RUN -- --no-memorise
  progress epoch cpu seed=0: step 1/344 elapsed 0s 0.16s/step 2447 pos/s eta 56s loss 13.5507
arm1 cpu seed=0: 344 batches, 172 supervised tokens, 172 span rows, padding 0.000000, total 13.5507 -> 0.2054, 2.396s, termination steps_exhausted, ft row c0526fb3-1220-4bb0-8d41-5d7cb28eaa76
{
  "arm1": [
    {
      "cost": "CostEstimate(usd_per_hour=0.0, cap=WallClockCap(cap_s=1800.0), n_gpus=0, instance='local-cpu', usd_per_gpu_hour=None)",
      "device": "cpu",
      "final": {
        "letter_floor_mean_per_batch": 0.0,
        "letter_floor_over_the_plan": 0.0,
        "letter_gap": 1.4138175096622734,
        "letter_loss": 1.4138175096622734,
        "letter_rows": 172,
        "per_batch": [
          {
            "batch": 0.0,
            "span": 0.17699483036994934,
            "span_floor_in_batch": 0.0
          },
          {
            "batch": 1.0,
            "letter": 1.3319225311279297,
            "letter_floor_in_batch": 0.0
          },
          {
            "batch": 2.0,
            "letter": 1.2797918319702148,
            "letter_floor_in_batch": 0.0
          },
          {
            "batch": 3.0,
            "letter": 1.4221851825714111,
            "letter_floor_in_batch": 0.0
          },
          {
            "batch": 4.0,
            "letter": 1.6187713146209717,
            "letter_floor_in_batch": 0.0
          },
          {
            "batch": 5.0,
            "letter": 1.6187880039215088,
            "letter_floor_in_batch": 0.0
          },
          {
            "batch": 6.0,
            "span": 0.17713472247123718,
            "span_floor_in_batch": 0.0
          },
          {
            "batch": 7.0,
            "letter": 1.6194381713867188,
            "letter_floor_in_batch": 0.0
          },
          {
            "batch": 8.0,
            "span": 0.17749494314193726,
            "span_floor_in_batch": 0.0
          },
          {
            "batch": 9.0,
            "span": 1.8428583145141602,
            "span_floor_in_batch": 0.0
          },
          {
            "batch": 10.0,
            "letter": 1.6188406944274902,
            "letter_floor_in_batch": 0.0
          },
          {
            "batch": 11.0,
            "span": 0.17747102677822113,
            "span_floor_in_batch": 0.0
          },
          {
            "batch": 12.0,
            "span": 1.7502731084823608,
            "span_floor_in_batch": 0.0
          },
          {
            "batch": 13.0,
            "span": 0.17673230171203613,
            "span_floor_in_batch": 0.0
          },
          {
            "batch": 14.0,
            "letter": 1.4225502014160156,
            "letter_floor_in_batch": 0.0
          },
          {
            "batch": 15.0,
            "span": 0.19668391346931458,
            "span_floor_in_batch": 0.0
          },
          {
            "batch": 16.0,
            "span": 0.17691752314567566,
            "span_floor_in_batch": 0.0
          },
          {
            "batch": 17.0,
            "letter": 1.4096908569335938,
            "letter_floor_in_batch": 0.0
          },
          {
            "batch": 18.0,
            "letter": 1.3403666019439697,
            "letter_floor_in_batch": 0.0
          },
          {
            "batch": 19.0,
            "letter": 1.422286033630371,
            "letter_floor_in_batch": 0.0
          },
          {
            "batch": 20.0,
            "span": 0.17711204290390015,
            "span_floor_in_batch": 0.0
          },
          {
            "batch": 21.0,
            "letter": 1.4225611686706543,
            "letter_floor_in_batch": 0.0
          },
          {
            "batch": 22.0,
            "span": 0.19657135009765625,
            "span_floor_in_batch": 0.0
          },
          {
            "batch": 23.0,
            "letter": 1.6187541484832764,
            "letter_floor_in_batch": 0.0
          },
          {
            "batch": 24.0,
            "span": 0.1776086986064911,
            "span_floor_in_batch": 0.0
          },
          {
            "batch": 25.0,
            "span": 1.750700831413269,
            "span_floor_in_batch": 0.0
          },
          {
            "batch": 26.0,
            "letter": 1.4101061820983887,
            "letter_floor_in_batch": 0.0
          },
          {
            "batch": 27.0,
            "span": 0.176918625831604,
            "span_floor_in_batch": 0.0
          },
          {
            "batch": 28.0,
            "span": 0.19681188464164734,
            "span_floor_in_batch": 0.0
          },
          {
            "batch": 29.0,
            "span": 0.1964680552482605,
            "span_floor_in_batch": 0.0
          },
          {
            "batch": 30.0,
            "letter": 1.4220836162567139,
            "letter_floor_in_batch": 0.0
          },
          {
            "batch": 31.0,
            "letter": 1.3404932022094727,
            "letter_floor_in_batch": 0.0
          },
          {
            "batch": 32.0,
            "span": 1.7500826120376587,
            "span_floor_in_batch": 0.0
          },
          {
            "batch": 33.0,
            "letter": 1.6187701225280762,
            "letter_floor_in_batch": 0.0
          },
          {
            "batch": 34.0,
            "span": 0.17751207947731018,
            "span_floor_in_batch": 0.0
          },
          {
            "batch": 35.0,
            "letter": 1.3320205211639404,
            "letter_floor_in_batch": 0.0
          },
          {
            "batch": 36.0,
            "letter": 1.4221863746643066,
            "letter_floor_in_batch": 0.0
          },
          {
            "batch": 37.0,
            "span": 1.842738151550293,
            "span_floor_in_batch": 0.0
          },
          {
            "batch": 38.0,
            "letter": 1.2798891067504883,
            "letter_floor_in_batch": 0.0
          },
          {
            "batch": 39.0,
            "letter": 1.6196584701538086,
            "letter_floor_in_batch": 0.0
          },
          {
            "batch": 40.0,
            "letter": 1.2796263694763184,
            "letter_floor_in_batch": 0.0
          },
          {
            "batch": 41.0,
            "span": 0.17720648646354675,
            "span_floor_in_batch": 0.0
          },
          {
            "batch": 42.0,
            "letter": 1.3405373096466064,
            "letter_floor_in_batch": 0.0
          },
          {
            "batch": 43.0,
            "letter": 1.340651512145996,
            "letter_floor_in_batch": 0.0
          },
          {
            "batch": 44.0,
            "letter": 1.3003356456756592,
            "letter_floor_in_batch": 0.0
          },
          {
            "batch": 45.0,
            "letter": 1.4222617149353027,
            "letter_floor_in_batch": 0.0
          },
          {
            "batch": 46.0,
            "letter": 1.42228364944458,
            "letter_floor_in_batch": 0.0
          },
          {
            "batch": 47.0,
            "letter": 1.4098176956176758,
            "letter_floor_in_batch": 0.0
          },
          {
            "batch": 48.0,
            "letter": 1.3404061794281006,
            "letter_floor_in_batch": 0.0
          },
          {
            "batch": 49.0,
            "letter": 1.2793734073638916,
            "letter_floor_in_batch": 0.0
          },
          {
            "batch": 50.0,
            "letter": 1.4222958087921143,
            "letter_floor_in_batch": 0.0
          },
          {
            "batch": 51.0,
            "letter": 1.6193957328796387,
            "letter_floor_in_batch": 0.0
          },
          {
            "batch": 52.0,
            "span": 1.7497150897979736,
            "span_floor_in_batch": 0.0
          },
          {
            "batch": 53.0,
            "span": 0.1770170032978058,
            "span_floor_in_batch": 0.0
          },
          {
            "batch": 54.0,
            "span": 0.1770314872264862,
            "span_floor_in_batch": 0.0
          },
          {
            "batch": 55.0,
            "span": 1.7495001554489136,
            "span_floor_in_batch": 0.0
          },
          {
            "batch": 56.0,
            "letter": 1.331984043121338,
            "letter_floor_in_batch": 0.0
          },
          {
            "batch": 57.0,
            "span": 0.19668933749198914,
            "span_floor_in_batch": 0.0
          },
          {
            "batch": 58.0,
            "letter": 1.2799108028411865,
            "letter_floor_in_batch": 0.0
          },
          {
            "batch": 59.0,
            "letter": 1.421807050704956,
            "letter_floor_in_batch": 0.0
          },
          {
            "batch": 60.0,
            "letter": 1.6186668872833252,
            "letter_floor_in_batch": 0.0
          },
          {
            "batch": 61.0,
            "span": 1.8432815074920654,
            "span_floor_in_batch": 0.0
          },
          {
            "batch": 62.0,
            "letter": 1.2793641090393066,
            "letter_floor_in_batch": 0.0
          },
          {
            "batch": 63.0,
            "letter": 1.340461254119873,
            "letter_floor_in_batch": 0.0
          },
          {
            "batch": 64.0,
            "span": 0.17690148949623108,
            "span_floor_in_batch": 0.0
          },
          {
            "batch": 65.0,
            "letter": 1.6185591220855713,
            "letter_floor_in_batch": 0.0
          },
          {
            "batch": 66.0,
            "span": 0.17729949951171875,
            "span_floor_in_batch": 0.0
          },
          {
            "batch": 67.0,
            "span": 0.17709031701087952,
            "span_floor_in_batch": 0.0
          },
          {
            "batch": 68.0,
            "letter": 1.4218482971191406,
            "letter_floor_in_batch": 0.0
          },
          {
            "batch": 69.0,
            "letter": 1.3404569625854492,
            "letter_floor_in_batch": 0.0
          },
          {
            "batch": 70.0,
            "span": 0.1771864891052246,
            "span_floor_in_batch": 0.0
          },
          {
            "batch": 71.0,
            "span": 0.1962459832429886,
            "span_floor_in_batch": 0.0
          },
          {
            "batch": 72.0,
            "span": 0.17732089757919312,
            "span_floor_in_batch": 0.0
          },
          {
            "batch": 73.0,
            "letter": 1.2797105312347412,
            "letter_floor_in_batch": 0.0
          },
          {
            "batch": 74.0,
            "span": 0.17743444442749023,
            "span_floor_in_batch": 0.0
          },
          {
            "batch": 75.0,
            "span": 0.17690324783325195,
            "span_floor_in_batch": 0.0
          },
          {
            "batch": 76.0,
            "span": 0.1768978238105774,
            "span_floor_in_batch": 0.0
          },
          {
            "batch": 77.0,
            "span": 0.17748546600341797,
            "span_floor_in_batch": 0.0
          },
          {
            "batch": 78.0,
            "span": 0.17738690972328186,
            "span_floor_in_batch": 0.0
          },
          {
            "batch": 79.0,
            "span": 1.843881368637085,
            "span_floor_in_batch": 0.0
          },
          {
            "batch": 80.0,
            "letter": 1.2800216674804688,
            "letter_floor_in_batch": 0.0
          },
          {
            "batch": 81.0,
            "letter": 1.279616355895996,
            "letter_floor_in_batch": 0.0
          },
          {
            "batch": 82.0,
            "letter": 1.279259443283081,
            "letter_floor_in_batch": 0.0
          },
          {
            "batch": 83.0,
            "letter": 1.618574857711792,
            "letter_floor_in_batch": 0.0
          },
          {
            "batch": 84.0,
            "span": 0.17722240090370178,
            "span_floor_in_batch": 0.0
          },
          {
            "batch": 85.0,
            "letter": 1.3404767513275146,
            "letter_floor_in_batch": 0.0
          },
          {
            "batch": 86.0,
            "span": 1.8437602519989014,
            "span_floor_in_batch": 0.0
          },
          {
            "batch": 87.0,
            "letter": 1.6184320449829102,
            "letter_floor_in_batch": 0.0
          },
          {
            "batch": 88.0,
            "span": 0.1769210547208786,
            "span_floor_in_batch": 0.0
          },
          {
            "batch": 89.0,
            "span": 1.8436903953552246,
            "span_floor_in_batch": 0.0
          },
          {
            "batch": 90.0,
            "letter": 1.3405771255493164,
            "letter_floor_in_batch": 0.0
          },
          {
            "batch": 91.0,
            "letter": 1.3318495750427246,
            "letter_floor_in_batch": 0.0
          },
          {
            "batch": 92.0,
            "letter": 1.279567003250122,
            "letter_floor_in_batch": 0.0
          },
          {
            "batch": 93.0,
            "span": 1.844801425933838,
            "span_floor_in_batch": 0.0
          },
          {
            "batch": 94.0,
            "span": 0.177495539188385,
            "span_floor_in_batch": 0.0
          },
          {
            "batch": 95.0,
            "letter": 1.6187446117401123,
            "letter_floor_in_batch": 0.0
          },
          {
            "batch": 96.0,
            "span": 0.17779004573822021,
            "span_floor_in_batch": 0.0
          },
          {
            "batch": 97.0,
            "span": 0.17699944972991943,
            "span_floor_in_batch": 0.0
          },
          {
            "batch": 98.0,
            "span": 0.1767101287841797,
            "span_floor_in_batch": 0.0
          },
          {
            "batch": 99.0,
            "letter": 1.6189703941345215,
            "letter_floor_in_batch": 0.0
          },
          {
            "batch": 100.0,
            "letter": 1.6188726425170898,
            "letter_floor_in_batch": 0.0
          },
          {
            "batch": 101.0,
            "span": 0.17710036039352417,
            "span_floor_in_batch": 0.0
          },
          {
            "batch": 102.0,
            "span": 1.8420974016189575,
            "span_floor_in_batch": 0.0
          },
          {
            "batch": 103.0,
            "span": 0.1773177981376648,
            "span_floor_in_batch": 0.0
          },
          {
            "batch": 104.0,
            "letter": 1.4218130111694336,
            "letter_floor_in_batch": 0.0
          },
          {
            "batch": 105.0,
            "letter": 1.2797846794128418,
            "letter_floor_in_batch": 0.0
          },
          {
            "batch": 106.0,
            "letter": 1.3404779434204102,
            "letter_floor_in_batch": 0.0
          },
          {
            "batch": 107.0,
            "letter": 1.3404548168182373,
            "letter_floor_in_batch": 0.0
          },
          {
            "batch": 108.0,
            "span": 0.17750312387943268,
            "span_floor_in_batch": 0.0
          },
          {
            "batch": 109.0,
            "span": 0.17718368768692017,
            "span_floor_in_batch": 0.0
          },
          {
            "batch": 110.0,
            "span": 0.19636094570159912,
            "span_floor_in_batch": 0.0
          },
          {
            "batch": 111.0,
            "span": 0.17730003595352173,
            "span_floor_in_batch": 0.0
          },
          {
            "batch": 112.0,
            "letter": 1.6187350749969482,
            "letter_floor_in_batch": 0.0
          },
          {
            "batch": 113.0,
            "letter": 1.2797036170959473,
            "letter_floor_in_batch": 0.0
          },
          {
            "batch": 114.0,
            "letter": 1.3404979705810547,
            "letter_floor_in_batch": 0.0
          },
          {
            "batch": 115.0,
            "span": 0.17751222848892212,
            "span_floor_in_batch": 0.0
          },
          {
            "batch": 116.0,
            "letter": 1.6189019680023193,
            "letter_floor_in_batch": 0.0
          },
          {
            "batch": 117.0,
            "span": 0.1769959032535553,
            "span_floor_in_batch": 0.0
          },
          {
            "batch": 118.0,
            "span": 1.8446823358535767,
            "span_floor_in_batch": 0.0
          },
          {
            "batch": 119.0,
            "letter": 1.2800006866455078,
            "letter_floor_in_batch": 0.0
          },
          {
            "batch": 120.0,
            "span": 0.17720797657966614,
            "span_floor_in_batch": 0.0
          },
          {
            "batch": 121.0,
            "span": 1.8429135084152222,
            "span_floor_in_batch": 0.0
          },
          {
            "batch": 122.0,
            "span": 0.17758691310882568,
            "span_floor_in_batch": 0.0
          },
          {
            "batch": 123.0,
            "letter": 1.3406999111175537,
            "letter_floor_in_batch": 0.0
          },
          {
            "batch": 124.0,
            "letter": 1.3406097888946533,
            "letter_floor_in_batch": 0.0
          },
          {
            "batch": 125.0,
            "span": 0.17671458423137665,
            "span_floor_in_batch": 0.0
          },
          {
            "batch": 126.0,
            "letter": 1.3405303955078125,
            "letter_floor_in_batch": 0.0
          },
          {
            "batch": 127.0,
            "letter": 1.6184301376342773,
            "letter_floor_in_batch": 0.0
          },
          {
            "batch": 128.0,
            "letter": 1.2799699306488037,
            "letter_floor_in_batch": 0.0
          },
          {
            "batch": 129.0,
            "letter": 1.331921100616455,
            "letter_floor_in_batch": 0.0
          },
          {
            "batch": 130.0,
            "letter": 1.340540885925293,
            "letter_floor_in_batch": 0.0
          },
          {
            "batch": 131.0,
            "letter": 1.279843807220459,
            "letter_floor_in_batch": 0.0
          },
          {
            "batch": 132.0,
            "span": 0.17767345905303955,
            "span_floor_in_batch": 0.0
          },
          {
            "batch": 133.0,
            "letter": 1.4094293117523193,
            "letter_floor_in_batch": 0.0
          },
          {
            "batch": 134.0,
            "span": 1.8422632217407227,
            "span_floor_in_batch": 0.0
          },
          {
            "batch": 135.0,
            "span": 1.8431785106658936,
            "span_floor_in_batch": 0.0
          },
          {
            "batch": 136.0,
            "letter": 1.3403759002685547,
            "letter_floor_in_batch": 0.0
          },
          {
            "batch": 137.0,
            "span": 0.19625936448574066,
            "span_floor_in_batch": 0.0
          },
          {
            "batch": 138.0,
            "letter": 1.6187279224395752,
            "letter_floor_in_batch": 0.0
          },
          {
            "batch": 139.0,
            "span": 1.8448318243026733,
            "span_floor_in_batch": 0.0
          },
          {
            "batch": 140.0,
            "span": 0.17703086137771606,
            "span_floor_in_batch": 0.0
          },
          {
            "batch": 141.0,
            "span": 0.17718738317489624,
            "span_floor_in_batch": 0.0
          },
          {
            "batch": 142.0,
            "letter": 1.618793249130249,
            "letter_floor_in_batch": 0.0
          },
          {
            "batch": 143.0,
            "letter": 1.3404669761657715,
            "letter_floor_in_batch": 0.0
          },
          {
            "batch": 144.0,
            "span": 0.17730627954006195,
            "span_floor_in_batch": 0.0
          },
          {
            "batch": 145.0,
            "letter": 1.6188499927520752,
            "letter_floor_in_batch": 0.0
          },
          {
            "batch": 146.0,
            "letter": 1.409466028213501,
            "letter_floor_in_batch": 0.0
          },
          {
            "batch": 147.0,
            "span": 0.17720317840576172,
            "span_floor_in_batch": 0.0
          },
          {
            "batch": 148.0,
            "span": 1.843162178993225,
            "span_floor_in_batch": 0.0
          },
          {
            "batch": 149.0,
            "span": 1.7501428127288818,
            "span_floor_in_batch": 0.0
          },
          {
            "batch": 150.0,
            "letter": 1.619729995727539,
            "letter_floor_in_batch": 0.0
          },
          {
            "batch": 151.0,
            "span": 0.19658607244491577,
            "span_floor_in_batch": 0.0
          },
          {
            "batch": 152.0,
            "span": 1.8421564102172852,
            "span_floor_in_batch": 0.0
          },
          {
            "batch": 153.0,
            "letter": 1.6187446117401123,
            "letter_floor_in_batch": 0.0
          },
          {
            "batch": 154.0,
            "span": 0.17738205194473267,
            "span_floor_in_batch": 0.0
          },
          {
            "batch": 155.0,
            "letter": 1.4217677116394043,
            "letter_floor_in_batch": 0.0
          },
          {
            "batch": 156.0,
            "letter": 1.4098689556121826,
            "letter_floor_in_batch": 0.0
          },
          {
            "batch": 157.0,
            "span": 1.843799114227295,
            "span_floor_in_batch": 0.0
          },
          {
            "batch": 158.0,
            "span": 0.1772073358297348,
            "span_floor_in_batch": 0.0
          },
          {
            "batch": 159.0,
            "letter": 1.4220833778381348,
            "letter_floor_in_batch": 0.0
          },
          {
            "batch": 160.0,
            "span": 0.17738580703735352,
            "span_floor_in_batch": 0.0
          },
          {
            "batch": 161.0,
            "span": 1.7512102127075195,
            "span_floor_in_batch": 0.0
          },
          {
            "batch": 162.0,
            "letter": 1.4216928482055664,
            "letter_floor_in_batch": 0.0
          },
          {
            "batch": 163.0,
            "letter": 1.3003861904144287,
            "letter_floor_in_batch": 0.0
          },
          {
            "batch": 164.0,
            "span": 0.1773681640625,
            "span_floor_in_batch": 0.0
          },
          {
            "batch": 165.0,
            "span": 0.1774989664554596,
            "span_floor_in_batch": 0.0
          },
          {
            "batch": 166.0,
            "span": 0.17747434973716736,
            "span_floor_in_batch": 0.0
          },
          {
            "batch": 167.0,
            "letter": 1.3406803607940674,
            "letter_floor_in_batch": 0.0
          },
          {
            "batch": 168.0,
            "letter": 1.340428113937378,
            "letter_floor_in_batch": 0.0
          },
          {
            "batch": 169.0,
            "span": 0.17709502577781677,
            "span_floor_in_batch": 0.0
          },
          {
            "batch": 170.0,
            "letter": 1.4223213195800781,
            "letter_floor_in_batch": 0.0
          },
          {
            "batch": 171.0,
            "span": 0.17707142233848572,
            "span_floor_in_batch": 0.0
          },
          {
            "batch": 172.0,
            "letter": 1.4226489067077637,
            "letter_floor_in_batch": 0.0
          },
          {
            "batch": 173.0,
            "letter": 1.3405218124389648,
            "letter_floor_in_batch": 0.0
          },
          {
            "batch": 174.0,
            "letter": 1.4218449592590332,
            "letter_floor_in_batch": 0.0
          },
          {
            "batch": 175.0,
            "span": 1.8437484502792358,
            "span_floor_in_batch": 0.0
          },
          {
            "batch": 176.0,
            "letter": 1.618535041809082,
            "letter_floor_in_batch": 0.0
          },
          {
            "batch": 177.0,
            "span": 0.17711687088012695,
            "span_floor_in_batch": 0.0
          },
          {
            "batch": 178.0,
            "letter": 1.4218323230743408,
            "letter_floor_in_batch": 0.0
          },
          {
            "batch": 179.0,
            "letter": 1.2794857025146484,
            "letter_floor_in_batch": 0.0
          },
          {
            "batch": 180.0,
            "span": 1.8432697057724,
            "span_floor_in_batch": 0.0
          },
          {
            "batch": 181.0,
            "span": 0.17750892043113708,
            "span_floor_in_batch": 0.0
          },
          {
            "batch": 182.0,
            "letter": 1.4224209785461426,
            "letter_floor_in_batch": 0.0
          },
          {
            "batch": 183.0,
            "span": 0.17732177674770355,
            "span_floor_in_batch": 0.0
          },
          {
            "batch": 184.0,
            "letter": 1.4217052459716797,
            "letter_floor_in_batch": 0.0
          },
          {
            "batch": 185.0,
            "span": 1.844205379486084,
            "span_floor_in_batch": 0.0
          },
          {
            "batch": 186.0,
            "letter": 1.3405344486236572,
            "letter_floor_in_batch": 0.0
          },
          {
            "batch": 187.0,
            "letter": 1.4220690727233887,
            "letter_floor_in_batch": 0.0
          },
          {
            "batch": 188.0,
            "span": 1.8443264961242676,
            "span_floor_in_batch": 0.0
          },
          {
            "batch": 189.0,
            "span": 0.1772816777229309,
            "span_floor_in_batch": 0.0
          },
          {
            "batch": 190.0,
            "span": 1.8422781229019165,
            "span_floor_in_batch": 0.0
          },
          {
            "batch": 191.0,
            "span": 0.19627566635608673,
            "span_floor_in_batch": 0.0
          },
          {
            "batch": 192.0,
            "span": 0.19669833779335022,
            "span_floor_in_batch": 0.0
          },
          {
            "batch": 193.0,
            "span": 0.17732428014278412,
            "span_floor_in_batch": 0.0
          },
          {
            "batch": 194.0,
            "span": 0.17720720171928406,
            "span_floor_in_batch": 0.0
          },
          {
            "batch": 195.0,
            "letter": 1.6192901134490967,
            "letter_floor_in_batch": 0.0
          },
          {
            "batch": 196.0,
            "span": 1.8447130918502808,
            "span_floor_in_batch": 0.0
          },
          {
            "batch": 197.0,
            "span": 1.8417474031448364,
            "span_floor_in_batch": 0.0
          },
          {
            "batch": 198.0,
            "letter": 1.4224965572357178,
            "letter_floor_in_batch": 0.0
          },
          {
            "batch": 199.0,
            "span": 0.1771482229232788,
            "span_floor_in_batch": 0.0
          },
          {
            "batch": 200.0,
            "span": 0.17703458666801453,
            "span_floor_in_batch": 0.0
          },
          {
            "batch": 201.0,
            "letter": 1.6188442707061768,
            "letter_floor_in_batch": 0.0
          },
          {
            "batch": 202.0,
            "span": 0.19647946953773499,
            "span_floor_in_batch": 0.0
          },
          {
            "batch": 203.0,
            "span": 0.17772474884986877,
            "span_floor_in_batch": 0.0
          },
          {
            "batch": 204.0,
            "span": 0.19659575819969177,
            "span_floor_in_batch": 0.0
          },
          {
            "batch": 205.0,
            "letter": 1.2798893451690674,
            "letter_floor_in_batch": 0.0
          },
          {
            "batch": 206.0,
            "letter": 1.4218628406524658,
            "letter_floor_in_batch": 0.0
          },
          {
            "batch": 207.0,
            "span": 0.17674566805362701,
            "span_floor_in_batch": 0.0
          },
          {
            "batch": 208.0,
            "letter": 1.4100298881530762,
            "letter_floor_in_batch": 0.0
          },
          {
            "batch": 209.0,
            "span": 1.8430495262145996,
            "span_floor_in_batch": 0.0
          },
          {
            "batch": 210.0,
            "span": 0.17730477452278137,
            "span_floor_in_batch": 0.0
          },
          {
            "batch": 211.0,
            "letter": 1.2797844409942627,
            "letter_floor_in_batch": 0.0
          },
          {
            "batch": 212.0,
            "span": 0.17735810577869415,
            "span_floor_in_batch": 0.0
          },
          {
            "batch": 213.0,
            "letter": 1.4221837520599365,
            "letter_floor_in_batch": 0.0
          },
          {
            "batch": 214.0,
            "letter": 1.4222824573516846,
            "letter_floor_in_batch": 0.0
          },
          {
            "batch": 215.0,
            "span": 0.17718440294265747,
            "span_floor_in_batch": 0.0
          },
          {
            "batch": 216.0,
            "letter": 1.6189744472503662,
            "letter_floor_in_batch": 0.0
          },
          {
            "batch": 217.0,
            "span": 1.8423327207565308,
            "span_floor_in_batch": 0.0
          },
          {
            "batch": 218.0,
            "letter": 1.3406178951263428,
            "letter_floor_in_batch": 0.0
          },
          {
            "batch": 219.0,
            "span": 0.19625049829483032,
            "span_floor_in_batch": 0.0
          },
          {
            "batch": 220.0,
            "span": 0.17761003971099854,
            "span_floor_in_batch": 0.0
          },
          {
            "batch": 221.0,
            "letter": 1.2795279026031494,
            "letter_floor_in_batch": 0.0
          },
          {
            "batch": 222.0,
            "span": 1.843812108039856,
            "span_floor_in_batch": 0.0
          },
          {
            "batch": 223.0,
            "letter": 1.4219470024108887,
            "letter_floor_in_batch": 0.0
          },
          {
            "batch": 224.0,
            "span": 0.19614744186401367,
            "span_floor_in_batch": 0.0
          },
          {
            "batch": 225.0,
            "span": 0.17716535925865173,
            "span_floor_in_batch": 0.0
          },
          {
            "batch": 226.0,
            "letter": 1.4222078323364258,
            "letter_floor_in_batch": 0.0
          },
          {
            "batch": 227.0,
            "span": 0.1774197220802307,
            "span_floor_in_batch": 0.0
          },
          {
            "batch": 228.0,
            "letter": 1.3405983448028564,
            "letter_floor_in_batch": 0.0
          },
          {
            "batch": 229.0,
            "span": 0.1768796592950821,
            "span_floor_in_batch": 0.0
          },
          {
            "batch": 230.0,
            "span": 1.8433735370635986,
            "span_floor_in_batch": 0.0
          },
          {
            "batch": 231.0,
            "span": 0.1773201823234558,
            "span_floor_in_batch": 0.0
          },
          {
            "batch": 232.0,
            "letter": 1.6187951564788818,
            "letter_floor_in_batch": 0.0
          },
          {
            "batch": 233.0,
            "span": 1.8415188789367676,
            "span_floor_in_batch": 0.0
          },
          {
            "batch": 234.0,
            "letter": 1.422337293624878,
            "letter_floor_in_batch": 0.0
          },
          {
            "batch": 235.0,
            "letter": 1.2797939777374268,
            "letter_floor_in_batch": 0.0
          },
          {
            "batch": 236.0,
            "span": 1.8429296016693115,
            "span_floor_in_batch": 0.0
          },
          {
            "batch": 237.0,
            "letter": 1.4220852851867676,
            "letter_floor_in_batch": 0.0
          },
          {
            "batch": 238.0,
            "letter": 1.6185266971588135,
            "letter_floor_in_batch": 0.0
          },
          {
            "batch": 239.0,
            "span": 0.17690065503120422,
            "span_floor_in_batch": 0.0
          },
          {
            "batch": 240.0,
            "letter": 1.6198828220367432,
            "letter_floor_in_batch": 0.0
          },
          {
            "batch": 241.0,
            "letter": 1.279468297958374,
            "letter_floor_in_batch": 0.0
          },
          {
            "batch": 242.0,
            "span": 1.8436923027038574,
            "span_floor_in_batch": 0.0
          },
          {
            "batch": 243.0,
            "letter": 1.6186463832855225,
            "letter_floor_in_batch": 0.0
          },
          {
            "batch": 244.0,
            "span": 0.17739559710025787,
            "span_floor_in_batch": 0.0
          },
          {
            "batch": 245.0,
            "span": 1.7501566410064697,
            "span_floor_in_batch": 0.0
          },
          {
            "batch": 246.0,
            "span": 0.17739561200141907,
            "span_floor_in_batch": 0.0
          },
          {
            "batch": 247.0,
            "letter": 1.4221320152282715,
            "letter_floor_in_batch": 0.0
          },
          {
            "batch": 248.0,
            "letter": 1.6187100410461426,
            "letter_floor_in_batch": 0.0
          },
          {
            "batch": 249.0,
            "span": 0.17682266235351562,
            "span_floor_in_batch": 0.0
          },
          {
            "batch": 250.0,
            "letter": 1.3320481777191162,
            "letter_floor_in_batch": 0.0
          },
          {
            "batch": 251.0,
            "letter": 1.279524803161621,
            "letter_floor_in_batch": 0.0
          },
          {
            "batch": 252.0,
            "span": 0.17710906267166138,
            "span_floor_in_batch": 0.0
          },
          {
            "batch": 253.0,
            "letter": 1.6186552047729492,
            "letter_floor_in_batch": 0.0
          },
          {
            "batch": 254.0,
            "span": 0.19687731564044952,
            "span_floor_in_batch": 0.0
          },
          {
            "batch": 255.0,
            "letter": 1.3001911640167236,
            "letter_floor_in_batch": 0.0
          },
          {
            "batch": 256.0,
            "letter": 1.3318467140197754,
            "letter_floor_in_batch": 0.0
          },
          {
            "batch": 257.0,
            "span": 0.19675901532173157,
            "span_floor_in_batch": 0.0
          },
          {
            "batch": 258.0,
            "letter": 1.3405306339263916,
            "letter_floor_in_batch": 0.0
          },
          {
            "batch": 259.0,
            "span": 0.17728248238563538,
            "span_floor_in_batch": 0.0
          },
          {
            "batch": 260.0,
            "letter": 1.3403949737548828,
            "letter_floor_in_batch": 0.0
          },
          {
            "batch": 261.0,
            "letter": 1.279637098312378,
            "letter_floor_in_batch": 0.0
          },
          {
            "batch": 262.0,
            "letter": 1.6189868450164795,
            "letter_floor_in_batch": 0.0
          },
          {
            "batch": 263.0,
            "span": 0.17761221528053284,
            "span_floor_in_batch": 0.0
          },
          {
            "batch": 264.0,
            "span": 0.17672765254974365,
            "span_floor_in_batch": 0.0
          },
          {
            "batch": 265.0,
            "letter": 1.3003404140472412,
            "letter_floor_in_batch": 0.0
          },
          {
            "batch": 266.0,
            "letter": 1.4220316410064697,
            "letter_floor_in_batch": 0.0
          },
          {
            "batch": 267.0,
            "span": 0.177109032869339,
            "span_floor_in_batch": 0.0
          },
          {
            "batch": 268.0,
            "letter": 1.2796313762664795,
            "letter_floor_in_batch": 0.0
          },
          {
            "batch": 269.0,
            "span": 0.17680475115776062,
            "span_floor_in_batch": 0.0
          },
          {
            "batch": 270.0,
            "span": 0.1773037314414978,
            "span_floor_in_batch": 0.0
          },
          {
            "batch": 271.0,
            "letter": 1.3405406475067139,
            "letter_floor_in_batch": 0.0
          },
          {
            "batch": 272.0,
            "letter": 1.2799081802368164,
            "letter_floor_in_batch": 0.0
          },
          {
            "batch": 273.0,
            "span": 0.177304208278656,
            "span_floor_in_batch": 0.0
          },
          {
            "batch": 274.0,
            "span": 0.1772046685218811,
            "span_floor_in_batch": 0.0
          },
          {
            "batch": 275.0,
            "letter": 1.340538501739502,
            "letter_floor_in_batch": 0.0
          },
          {
            "batch": 276.0,
            "letter": 1.4225738048553467,
            "letter_floor_in_batch": 0.0
          },
          {
            "batch": 277.0,
            "letter": 1.409771203994751,
            "letter_floor_in_batch": 0.0
          },
          {
            "batch": 278.0,
            "span": 0.19671401381492615,
            "span_floor_in_batch": 0.0
          },
          {
            "batch": 279.0,
            "span": 0.17741617560386658,
            "span_floor_in_batch": 0.0
          },
          {
            "batch": 280.0,
            "letter": 1.421882152557373,
            "letter_floor_in_batch": 0.0
          },
          {
            "batch": 281.0,
            "letter": 1.3317625522613525,
            "letter_floor_in_batch": 0.0
          },
          {
            "batch": 282.0,
            "span": 0.17762528359889984,
            "span_floor_in_batch": 0.0
          },
          {
            "batch": 283.0,
            "letter": 1.6187078952789307,
            "letter_floor_in_batch": 0.0
          },
          {
            "batch": 284.0,
            "letter": 1.2801027297973633,
            "letter_floor_in_batch": 0.0
          },
          {
            "batch": 285.0,
            "letter": 1.3318707942962646,
            "letter_floor_in_batch": 0.0
          },
          {
            "batch": 286.0,
            "span": 0.17730288207530975,
            "span_floor_in_batch": 0.0
          },
          {
            "batch": 287.0,
            "letter": 1.422182559967041,
            "letter_floor_in_batch": 0.0
          },
          {
            "batch": 288.0,
            "letter": 1.3002347946166992,
            "letter_floor_in_batch": 0.0
          },
          {
            "batch": 289.0,
            "letter": 1.6187243461608887,
            "letter_floor_in_batch": 0.0
          },
          {
            "batch": 290.0,
            "letter": 1.2796437740325928,
            "letter_floor_in_batch": 0.0
          },
          {
            "batch": 291.0,
            "span": 0.1960415244102478,
            "span_floor_in_batch": 0.0
          },
          {
            "batch": 292.0,
            "span": 0.17710837721824646,
            "span_floor_in_batch": 0.0
          },
          {
            "batch": 293.0,
            "letter": 1.2798261642456055,
            "letter_floor_in_batch": 0.0
          },
          {
            "batch": 294.0,
            "span": 0.19669413566589355,
            "span_floor_in_batch": 0.0
          },
          {
            "batch": 295.0,
            "span": 0.17739930748939514,
            "span_floor_in_batch": 0.0
          },
          {
            "batch": 296.0,
            "span": 1.8432989120483398,
            "span_floor_in_batch": 0.0
          },
          {
            "batch": 297.0,
            "letter": 1.6195940971374512,
            "letter_floor_in_batch": 0.0
          },
          {
            "batch": 298.0,
            "span": 1.8427927494049072,
            "span_floor_in_batch": 0.0
          },
          {
            "batch": 299.0,
            "letter": 1.340632677078247,
            "letter_floor_in_batch": 0.0
          },
          {
            "batch": 300.0,
            "letter": 1.3005259037017822,
            "letter_floor_in_batch": 0.0
          },
          {
            "batch": 301.0,
            "span": 0.17713016271591187,
            "span_floor_in_batch": 0.0
          },
          {
            "batch": 302.0,
            "span": 0.1776776909828186,
            "span_floor_in_batch": 0.0
          },
          {
            "batch": 303.0,
            "letter": 1.4223661422729492,
            "letter_floor_in_batch": 0.0
          },
          {
            "batch": 304.0,
            "letter": 1.409914255142212,
            "letter_floor_in_batch": 0.0
          },
          {
            "batch": 305.0,
            "span": 0.1776115596294403,
            "span_floor_in_batch": 0.0
          },
          {
            "batch": 306.0,
            "letter": 1.3405499458312988,
            "letter_floor_in_batch": 0.0
          },
          {
            "batch": 307.0,
            "letter": 1.2796359062194824,
            "letter_floor_in_batch": 0.0
          },
          {
            "batch": 308.0,
            "letter": 1.4220499992370605,
            "letter_floor_in_batch": 0.0
          },
          {
            "batch": 309.0,
            "span": 1.8445911407470703,
            "span_floor_in_batch": 0.0
          },
          {
            "batch": 310.0,
            "span": 0.19643890857696533,
            "span_floor_in_batch": 0.0
          },
          {
            "batch": 311.0,
            "span": 1.84232759475708,
            "span_floor_in_batch": 0.0
          },
          {
            "batch": 312.0,
            "letter": 1.3404767513275146,
            "letter_floor_in_batch": 0.0
          },
          {
            "batch": 313.0,
            "span": 0.17727425694465637,
            "span_floor_in_batch": 0.0
          },
          {
            "batch": 314.0,
            "letter": 1.2795681953430176,
            "letter_floor_in_batch": 0.0
          },
          {
            "batch": 315.0,
            "span": 0.1770169734954834,
            "span_floor_in_batch": 0.0
          },
          {
            "batch": 316.0,
            "letter": 1.3403594493865967,
            "letter_floor_in_batch": 0.0
          },
          {
            "batch": 317.0,
            "span": 0.19637319445610046,
            "span_floor_in_batch": 0.0
          },
          {
            "batch": 318.0,
            "letter": 1.2800986766815186,
            "letter_floor_in_batch": 0.0
          },
          {
            "batch": 319.0,
            "span": 0.17720884084701538,
            "span_floor_in_batch": 0.0
          },
          {
            "batch": 320.0,
            "letter": 1.3318960666656494,
            "letter_floor_in_batch": 0.0
          },
          {
            "batch": 321.0,
            "span": 0.17701362073421478,
            "span_floor_in_batch": 0.0
          },
          {
            "batch": 322.0,
            "span": 0.17732200026512146,
            "span_floor_in_batch": 0.0
          },
          {
            "batch": 323.0,
            "letter": 1.4222691059112549,
            "letter_floor_in_batch": 0.0
          },
          {
            "batch": 324.0,
            "span": 0.1772255003452301,
            "span_floor_in_batch": 0.0
          },
          {
            "batch": 325.0,
            "span": 0.19656649231910706,
            "span_floor_in_batch": 0.0
          },
          {
            "batch": 326.0,
            "letter": 1.6187903881072998,
            "letter_floor_in_batch": 0.0
          },
          {
            "batch": 327.0,
            "span": 0.17701828479766846,
            "span_floor_in_batch": 0.0
          },
          {
            "batch": 328.0,
            "letter": 1.3405826091766357,
            "letter_floor_in_batch": 0.0
          },
          {
            "batch": 329.0,
            "span": 1.8438676595687866,
            "span_floor_in_batch": 0.0
          },
          {
            "batch": 330.0,
            "span": 0.17701280117034912,
            "span_floor_in_batch": 0.0
          },
          {
            "batch": 331.0,
            "span": 0.1774209886789322,
            "span_floor_in_batch": 0.0
          },
          {
            "batch": 332.0,
            "letter": 1.6187355518341064,
            "letter_floor_in_batch": 0.0
          },
          {
            "batch": 333.0,
            "span": 0.17718923091888428,
            "span_floor_in_batch": 0.0
          },
          {
            "batch": 334.0,
            "letter": 1.421851396560669,
            "letter_floor_in_batch": 0.0
          },
          {
            "batch": 335.0,
            "span": 0.17749303579330444,
            "span_floor_in_batch": 0.0
          },
          {
            "batch": 336.0,
            "span": 0.1965799629688263,
            "span_floor_in_batch": 0.0
          },
          {
            "batch": 337.0,
            "letter": 1.340580940246582,
            "letter_floor_in_batch": 0.0
          },
          {
            "batch": 338.0,
            "letter": 1.3404645919799805,
            "letter_floor_in_batch": 0.0
          },
          {
            "batch": 339.0,
            "span": 0.17756059765815735,
            "span_floor_in_batch": 0.0
          },
          {
            "batch": 340.0,
            "letter": 1.618473768234253,
            "letter_floor_in_batch": 0.0
          },
          {
            "batch": 341.0,
            "letter": 1.2799930572509766,
            "letter_floor_in_batch": 0.0
          },
          {
            "batch": 342.0,
            "span": 0.1770826131105423,
            "span_floor_in_batch": 0.0
          },
          {
            "batch": 343.0,
            "span": 0.17743763327598572,
            "span_floor_in_batch": 0.0
          }
        ],
        "span_floor_mean_per_batch": 0.0,
        "span_floor_over_the_plan": 0.0,
        "span_gap": 0.5921139629601047,
        "span_loss": 0.5921139629601047,
        "span_rows": 172
      },
      "ft_row_id": "c0526fb3-1220-4bb0-8d41-5d7cb28eaa76",
      "heads": 4,
      "hidden": 128,
      "letter_at_first_joint_batch": NaN,
      "letter_first": 5.490370750427246,
      "letter_floor": 0.0,
      "letter_last": 1.2763376235961914,
      "micro_batches": 344,
      "no_memorise": true,
      "optimizer_steps": 344,
      "padding_fraction": 0.0,
      "params": 352512,
      "seed": 0,
      "span_at_first_joint_batch": NaN,
      "span_first": 13.550694465637207,
      "span_floor": 0.0,
      "span_last": 0.20542554557323456,
      "span_rows": 172,
      "span_weight": 1.0,
      "steps_per_s": 143.6,
      "steps_requested": 344,
      "supervised_tokens": 172,
      "tag": "epoch",
      "termination": "steps_exhausted",
      "total_first": 13.550694465637207,
      "total_last": 0.20542554557323456,
      "wall_clock_s": 2.396
    }
  ],
  "arm2": [],
  "batches": {
    "batches": 344,
    "batches_letter_only": 172,
    "batches_span_only": 172,
    "batches_with_a_span_row": 172,
    "letter_channel_live_chunks": 172,
    "letter_channel_total_chunks": 344,
    "widths": [
      394,
      396,
      435,
      437
    ]
  },
  "batches_with_span": [
    {
      "bucket": 1,
      "chunks": 1,
      "index": 0,
      "kinds": {
        "span": 1
      },
      "live_chunks": 0,
      "rows": 1,
      "span_rows": 1,
      "supervised": 0,
      "width": 396
    },
    {
      "bucket": 1,
      "chunks": 1,
      "index": 6,
      "kinds": {
        "span": 1
      },
      "live_chunks": 0,
      "rows": 1,
      "span_rows": 1,
      "supervised": 0,
      "width": 396
    },
    {
      "bucket": 1,
      "chunks": 1,
      "index": 8,
      "kinds": {
        "span": 1
      },
      "live_chunks": 0,
      "rows": 1,
      "span_rows": 1,
      "supervised": 0,
      "width": 396
    },
    {
      "bucket": 1,
      "chunks": 1,
      "index": 9,
      "kinds": {
        "span": 1
      },
      "live_chunks": 0,
      "rows": 1,
      "span_rows": 1,
      "supervised": 0,
      "width": 396
    },
    {
      "bucket": 1,
      "chunks": 1,
      "index": 11,
      "kinds": {
        "span": 1
      },
      "live_chunks": 0,
      "rows": 1,
      "span_rows": 1,
      "supervised": 0,
      "width": 396
    },
    {
      "bucket": 0,
      "chunks": 1,
      "index": 12,
      "kinds": {
        "span": 1
      },
      "live_chunks": 0,
      "rows": 1,
      "span_rows": 1,
      "supervised": 0,
      "width": 394
    },
    {
      "bucket": 1,
      "chunks": 1,
      "index": 13,
      "kinds": {
        "span": 1
      },
      "live_chunks": 0,
      "rows": 1,
      "span_rows": 1,
      "supervised": 0,
      "width": 396
    },
    {
      "bucket": 0,
      "chunks": 1,
      "index": 15,
      "kinds": {
        "span": 1
      },
      "live_chunks": 0,
      "rows": 1,
      "span_rows": 1,
      "supervised": 0,
      "width": 394
    },
    {
      "bucket": 1,
      "chunks": 1,
      "index": 16,
      "kinds": {
        "span": 1
      },
      "live_chunks": 0,
      "rows": 1,
      "span_rows": 1,
      "supervised": 0,
      "width": 396
    },
    {
      "bucket": 1,
      "chunks": 1,
      "index": 20,
      "kinds": {
        "span": 1
      },
      "live_chunks": 0,
      "rows": 1,
      "span_rows": 1,
      "supervised": 0,
      "width": 396
    },
    {
      "bucket": 0,
      "chunks": 1,
      "index": 22,
      "kinds": {
        "span": 1
      },
      "live_chunks": 0,
      "rows": 1,
      "span_rows": 1,
      "supervised": 0,
      "width": 394
    },
    {
      "bucket": 1,
      "chunks": 1,
      "index": 24,
      "kinds": {
        "span": 1
      },
      "live_chunks": 0,
      "rows": 1,
      "span_rows": 1,
      "supervised": 0,
      "width": 396
    },
    {
      "bucket": 0,
      "chunks": 1,
      "index": 25,
      "kinds": {
        "span": 1
      },
      "live_chunks": 0,
      "rows": 1,
      "span_rows": 1,
      "supervised": 0,
      "width": 394
    },
    {
      "bucket": 1,
      "chunks": 1,
      "index": 27,
      "kinds": {
        "span": 1
      },
      "live_chunks": 0,
      "rows": 1,
      "span_rows": 1,
      "supervised": 0,
      "width": 396
    },
    {
      "bucket": 0,
      "chunks": 1,
      "index": 28,
      "kinds": {
        "span": 1
      },
      "live_chunks": 0,
      "rows": 1,
      "span_rows": 1,
      "supervised": 0,
      "width": 394
    },
    {
      "bucket": 0,
      "chunks": 1,
      "index": 29,
      "kinds": {
        "span": 1
      },
      "live_chunks": 0,
      "rows": 1,
      "span_rows": 1,
      "supervised": 0,
      "width": 394
    },
    {
      "bucket": 0,
      "chunks": 1,
      "index": 32,
      "kinds": {
        "span": 1
      },
      "live_chunks": 0,
      "rows": 1,
      "span_rows": 1,
      "supervised": 0,
      "width": 394
    },
    {
      "bucket": 1,
      "chunks": 1,
      "index": 34,
      "kinds": {
        "span": 1
      },
      "live_chunks": 0,
      "rows": 1,
      "span_rows": 1,
      "supervised": 0,
      "width": 396
    },
    {
      "bucket": 1,
      "chunks": 1,
      "index": 37,
      "kinds": {
        "span": 1
      },
      "live_chunks": 0,
      "rows": 1,
      "span_rows": 1,
      "supervised": 0,
      "width": 396
    },
    {
      "bucket": 1,
      "chunks": 1,
      "index": 41,
      "kinds": {
        "span": 1
      },
      "live_chunks": 0,
      "rows": 1,
      "span_rows": 1,
      "supervised": 0,
      "width": 396
    },
    {
      "bucket": 0,
      "chunks": 1,
      "index": 52,
      "kinds": {
        "span": 1
      },
      "live_chunks": 0,
      "rows": 1,
      "span_rows": 1,
      "supervised": 0,
      "width": 394
    },
    {
      "bucket": 1,
      "chunks": 1,
      "index": 53,
      "kinds": {
        "span": 1
      },
      "live_chunks": 0,
      "rows": 1,
      "span_rows": 1,
      "supervised": 0,
      "width": 396
    },
    {
      "bucket": 1,
      "chunks": 1,
      "index": 54,
      "kinds": {
        "span": 1
      },
      "live_chunks": 0,
      "rows": 1,
      "span_rows": 1,
      "supervised": 0,
      "width": 396
    },
    {
      "bucket": 0,
      "chunks": 1,
      "index": 55,
      "kinds": {
        "span": 1
      },
      "live_chunks": 0,
      "rows": 1,
      "span_rows": 1,
      "supervised": 0,
      "width": 394
    },
    {
      "bucket": 0,
      "chunks": 1,
      "index": 57,
      "kinds": {
        "span": 1
      },
      "live_chunks": 0,
      "rows": 1,
      "span_rows": 1,
      "supervised": 0,
      "width": 394
    },
    {
      "bucket": 1,
      "chunks": 1,
      "index": 61,
      "kinds": {
        "span": 1
      },
      "live_chunks": 0,
      "rows": 1,
      "span_rows": 1,
      "supervised": 0,
      "width": 396
    },
    {
      "bucket": 1,
      "chunks": 1,
      "index": 64,
      "kinds": {
        "span": 1
      },
      "live_chunks": 0,
      "rows": 1,
      "span_rows": 1,
      "supervised": 0,
      "width": 396
    },
    {
      "bucket": 1,
      "chunks": 1,
      "index": 66,
      "kinds": {
        "span": 1
      },
      "live_chunks": 0,
      "rows": 1,
      "span_rows": 1,
      "supervised": 0,
      "width": 396
    },
    {
      "bucket": 1,
      "chunks": 1,
      "index": 67,
      "kinds": {
        "span": 1
      },
      "live_chunks": 0,
      "rows": 1,
      "span_rows": 1,
      "supervised": 0,
      "width": 396
    },
    {
      "bucket": 1,
      "chunks": 1,
      "index": 70,
      "kinds": {
        "span": 1
      },
      "live_chunks": 0,
      "rows": 1,
      "span_rows": 1,
      "supervised": 0,
      "width": 396
    },
    {
      "bucket": 0,
      "chunks": 1,
      "index": 71,
      "kinds": {
        "span": 1
      },
      "live_chunks": 0,
      "rows": 1,
      "span_rows": 1,
      "supervised": 0,
      "width": 394
    },
    {
      "bucket": 1,
      "chunks": 1,
      "index": 72,
      "kinds": {
        "span": 1
      },
      "live_chunks": 0,
      "rows": 1,
      "span_rows": 1,
      "supervised": 0,
      "width": 396
    },
    {
      "bucket": 1,
      "chunks": 1,
      "index": 74,
      "kinds": {
        "span": 1
      },
      "live_chunks": 0,
      "rows": 1,
      "span_rows": 1,
      "supervised": 0,
      "width": 396
    },
    {
      "bucket": 1,
      "chunks": 1,
      "index": 75,
      "kinds": {
        "span": 1
      },
      "live_chunks": 0,
      "rows": 1,
      "span_rows": 1,
      "supervised": 0,
      "width": 396
    },
    {
      "bucket": 1,
      "chunks": 1,
      "index": 76,
      "kinds": {
        "span": 1
      },
      "live_chunks": 0,
      "rows": 1,
      "span_rows": 1,
      "supervised": 0,
      "width": 396
    },
    {
      "bucket": 1,
      "chunks": 1,
      "index": 77,
      "kinds": {
        "span": 1
      },
      "live_chunks": 0,
      "rows": 1,
      "span_rows": 1,
      "supervised": 0,
      "width": 396
    },
    {
      "bucket": 1,
      "chunks": 1,
      "index": 78,
      "kinds": {
        "span": 1
      },
      "live_chunks": 0,
      "rows": 1,
      "span_rows": 1,
      "supervised": 0,
      "width": 396
    },
    {
      "bucket": 1,
      "chunks": 1,
      "index": 79,
      "kinds": {
        "span": 1
      },
      "live_chunks": 0,
      "rows": 1,
      "span_rows": 1,
      "supervised": 0,
      "width": 396
    },
    {
      "bucket": 1,
      "chunks": 1,
      "index": 84,
      "kinds": {
        "span": 1
      },
      "live_chunks": 0,
      "rows": 1,
      "span_rows": 1,
      "supervised": 0,
      "width": 396
    },
    {
      "bucket": 1,
      "chunks": 1,
      "index": 86,
      "kinds": {
        "span": 1
      },
      "live_chunks": 0,
      "rows": 1,
      "span_rows": 1,
      "supervised": 0,
      "width": 396
    },
    {
      "bucket": 1,
      "chunks": 1,
      "index": 88,
      "kinds": {
        "span": 1
      },
      "live_chunks": 0,
      "rows": 1,
      "span_rows": 1,
      "supervised": 0,
      "width": 396
    },
    {
      "bucket": 1,
      "chunks": 1,
      "index": 89,
      "kinds": {
        "span": 1
      },
      "live_chunks": 0,
      "rows": 1,
      "span_rows": 1,
      "supervised": 0,
      "width": 396
    },
    {
      "bucket": 1,
      "chunks": 1,
      "index": 93,
      "kinds": {
        "span": 1
      },
      "live_chunks": 0,
      "rows": 1,
      "span_rows": 1,
      "supervised": 0,
      "width": 396
    },
    {
      "bucket": 1,
      "chunks": 1,
      "index": 94,
      "kinds": {
        "span": 1
      },
      "live_chunks": 0,
      "rows": 1,
      "span_rows": 1,
      "supervised": 0,
      "width": 396
    },
    {
      "bucket": 1,
      "chunks": 1,
      "index": 96,
      "kinds": {
        "span": 1
      },
      "live_chunks": 0,
      "rows": 1,
      "span_rows": 1,
      "supervised": 0,
      "width": 396
    },
    {
      "bucket": 1,
      "chunks": 1,
      "index": 97,
      "kinds": {
        "span": 1
      },
      "live_chunks": 0,
      "rows": 1,
      "span_rows": 1,
      "supervised": 0,
      "width": 396
    },
    {
      "bucket": 1,
      "chunks": 1,
      "index": 98,
      "kinds": {
        "span": 1
      },
      "live_chunks": 0,
      "rows": 1,
      "span_rows": 1,
      "supervised": 0,
      "width": 396
    },
    {
      "bucket": 1,
      "chunks": 1,
      "index": 101,
      "kinds": {
        "span": 1
      },
      "live_chunks": 0,
      "rows": 1,
      "span_rows": 1,
      "supervised": 0,
      "width": 396
    },
    {
      "bucket": 1,
      "chunks": 1,
      "index": 102,
      "kinds": {
        "span": 1
      },
      "live_chunks": 0,
      "rows": 1,
      "span_rows": 1,
      "supervised": 0,
      "width": 396
    },
    {
      "bucket": 1,
      "chunks": 1,
      "index": 103,
      "kinds": {
        "span": 1
      },
      "live_chunks": 0,
      "rows": 1,
      "span_rows": 1,
      "supervised": 0,
      "width": 396
    },
    {
      "bucket": 1,
      "chunks": 1,
      "index": 108,
      "kinds": {
        "span": 1
      },
      "live_chunks": 0,
      "rows": 1,
      "span_rows": 1,
      "supervised": 0,
      "width": 396
    },
    {
      "bucket": 1,
      "chunks": 1,
      "index": 109,
      "kinds": {
        "span": 1
      },
      "live_chunks": 0,
      "rows": 1,
      "span_rows": 1,
      "supervised": 0,
      "width": 396
    },
    {
      "bucket": 0,
      "chunks": 1,
      "index": 110,
      "kinds": {
        "span": 1
      },
      "live_chunks": 0,
      "rows": 1,
      "span_rows": 1,
      "supervised": 0,
      "width": 394
    },
    {
      "bucket": 1,
      "chunks": 1,
      "index": 111,
      "kinds": {
        "span": 1
      },
      "live_chunks": 0,
      "rows": 1,
      "span_rows": 1,
      "supervised": 0,
      "width": 396
    },
    {
      "bucket": 1,
      "chunks": 1,
      "index": 115,
      "kinds": {
        "span": 1
      },
      "live_chunks": 0,
      "rows": 1,
      "span_rows": 1,
      "supervised": 0,
      "width": 396
    },
    {
      "bucket": 1,
      "chunks": 1,
      "index": 117,
      "kinds": {
        "span": 1
      },
      "live_chunks": 0,
      "rows": 1,
      "span_rows": 1,
      "supervised": 0,
      "width": 396
    },
    {
      "bucket": 1,
      "chunks": 1,
      "index": 118,
      "kinds": {
        "span": 1
      },
      "live_chunks": 0,
      "rows": 1,
      "span_rows": 1,
      "supervised": 0,
      "width": 396
    },
    {
      "bucket": 1,
      "chunks": 1,
      "index": 120,
      "kinds": {
        "span": 1
      },
      "live_chunks": 0,
      "rows": 1,
      "span_rows": 1,
      "supervised": 0,
      "width": 396
    },
    {
      "bucket": 1,
      "chunks": 1,
      "index": 121,
      "kinds": {
        "span": 1
      },
      "live_chunks": 0,
      "rows": 1,
      "span_rows": 1,
      "supervised": 0,
      "width": 396
    },
    {
      "bucket": 1,
      "chunks": 1,
      "index": 122,
      "kinds": {
        "span": 1
      },
      "live_chunks": 0,
      "rows": 1,
      "span_rows": 1,
      "supervised": 0,
      "width": 396
    },
    {
      "bucket": 1,
      "chunks": 1,
      "index": 125,
      "kinds": {
        "span": 1
      },
      "live_chunks": 0,
      "rows": 1,
      "span_rows": 1,
      "supervised": 0,
      "width": 396
    },
    {
      "bucket": 1,
      "chunks": 1,
      "index": 132,
      "kinds": {
        "span": 1
      },
      "live_chunks": 0,
      "rows": 1,
      "span_rows": 1,
      "supervised": 0,
      "width": 396
    },
    {
      "bucket": 1,
      "chunks": 1,
      "index": 134,
      "kinds": {
        "span": 1
      },
      "live_chunks": 0,
      "rows": 1,
      "span_rows": 1,
      "supervised": 0,
      "width": 396
    },
    {
      "bucket": 1,
      "chunks": 1,
      "index": 135,
      "kinds": {
        "span": 1
      },
      "live_chunks": 0,
      "rows": 1,
      "span_rows": 1,
      "supervised": 0,
      "width": 396
    },
    {
      "bucket": 0,
      "chunks": 1,
      "index": 137,
      "kinds": {
        "span": 1
      },
      "live_chunks": 0,
      "rows": 1,
      "span_rows": 1,
      "supervised": 0,
      "width": 394
    },
    {
      "bucket": 1,
      "chunks": 1,
      "index": 139,
      "kinds": {
        "span": 1
      },
      "live_chunks": 0,
      "rows": 1,
      "span_rows": 1,
      "supervised": 0,
      "width": 396
    },
    {
      "bucket": 1,
      "chunks": 1,
      "index": 140,
      "kinds": {
        "span": 1
      },
      "live_chunks": 0,
      "rows": 1,
      "span_rows": 1,
      "supervised": 0,
      "width": 396
    },
    {
      "bucket": 1,
      "chunks": 1,
      "index": 141,
      "kinds": {
        "span": 1
      },
      "live_chunks": 0,
      "rows": 1,
      "span_rows": 1,
      "supervised": 0,
      "width": 396
    },
    {
      "bucket": 1,
      "chunks": 1,
      "index": 144,
      "kinds": {
        "span": 1
      },
      "live_chunks": 0,
      "rows": 1,
      "span_rows": 1,
      "supervised": 0,
      "width": 396
    },
    {
      "bucket": 1,
      "chunks": 1,
      "index": 147,
      "kinds": {
        "span": 1
      },
      "live_chunks": 0,
      "rows": 1,
      "span_rows": 1,
      "supervised": 0,
      "width": 396
    },
    {
      "bucket": 1,
      "chunks": 1,
      "index": 148,
      "kinds": {
        "span": 1
      },
      "live_chunks": 0,
      "rows": 1,
      "span_rows": 1,
      "supervised": 0,
      "width": 396
    },
    {
      "bucket": 0,
      "chunks": 1,
      "index": 149,
      "kinds": {
        "span": 1
      },
      "live_chunks": 0,
      "rows": 1,
      "span_rows": 1,
      "supervised": 0,
      "width": 394
    },
    {
      "bucket": 0,
      "chunks": 1,
      "index": 151,
      "kinds": {
        "span": 1
      },
      "live_chunks": 0,
      "rows": 1,
      "span_rows": 1,
      "supervised": 0,
      "width": 394
    },
    {
      "bucket": 1,
      "chunks": 1,
      "index": 152,
      "kinds": {
        "span": 1
      },
      "live_chunks": 0,
      "rows": 1,
      "span_rows": 1,
      "supervised": 0,
      "width": 396
    },
    {
      "bucket": 1,
      "chunks": 1,
      "index": 154,
      "kinds": {
        "span": 1
      },
      "live_chunks": 0,
      "rows": 1,
      "span_rows": 1,
      "supervised": 0,
      "width": 396
    },
    {
      "bucket": 1,
      "chunks": 1,
      "index": 157,
      "kinds": {
        "span": 1
      },
      "live_chunks": 0,
      "rows": 1,
      "span_rows": 1,
      "supervised": 0,
      "width": 396
    },
    {
      "bucket": 1,
      "chunks": 1,
      "index": 158,
      "kinds": {
        "span": 1
      },
      "live_chunks": 0,
      "rows": 1,
      "span_rows": 1,
      "supervised": 0,
      "width": 396
    },
    {
      "bucket": 1,
      "chunks": 1,
      "index": 160,
      "kinds": {
        "span": 1
      },
      "live_chunks": 0,
      "rows": 1,
      "span_rows": 1,
      "supervised": 0,
      "width": 396
    },
    {
      "bucket": 0,
      "chunks": 1,
      "index": 161,
      "kinds": {
        "span": 1
      },
      "live_chunks": 0,
      "rows": 1,
      "span_rows": 1,
      "supervised": 0,
      "width": 394
    },
    {
      "bucket": 1,
      "chunks": 1,
      "index": 164,
      "kinds": {
        "span": 1
      },
      "live_chunks": 0,
      "rows": 1,
      "span_rows": 1,
      "supervised": 0,
      "width": 396
    },
    {
      "bucket": 1,
      "chunks": 1,
      "index": 165,
      "kinds": {
        "span": 1
      },
      "live_chunks": 0,
      "rows": 1,
      "span_rows": 1,
      "supervised": 0,
      "width": 396
    },
    {
      "bucket": 1,
      "chunks": 1,
      "index": 166,
      "kinds": {
        "span": 1
      },
      "live_chunks": 0,
      "rows": 1,
      "span_rows": 1,
      "supervised": 0,
      "width": 396
    },
    {
      "bucket": 1,
      "chunks": 1,
      "index": 169,
      "kinds": {
        "span": 1
      },
      "live_chunks": 0,
      "rows": 1,
      "span_rows": 1,
      "supervised": 0,
      "width": 396
    },
    {
      "bucket": 1,
      "chunks": 1,
      "index": 171,
      "kinds": {
        "span": 1
      },
      "live_chunks": 0,
      "rows": 1,
      "span_rows": 1,
      "supervised": 0,
      "width": 396
    },
    {
      "bucket": 1,
      "chunks": 1,
      "index": 175,
      "kinds": {
        "span": 1
      },
      "live_chunks": 0,
      "rows": 1,
      "span_rows": 1,
      "supervised": 0,
      "width": 396
    },
    {
      "bucket": 1,
      "chunks": 1,
      "index": 177,
      "kinds": {
        "span": 1
      },
      "live_chunks": 0,
      "rows": 1,
      "span_rows": 1,
      "supervised": 0,
      "width": 396
    },
    {
      "bucket": 1,
      "chunks": 1,
      "index": 180,
      "kinds": {
        "span": 1
      },
      "live_chunks": 0,
      "rows": 1,
      "span_rows": 1,
      "supervised": 0,
      "width": 396
    },
    {
      "bucket": 1,
      "chunks": 1,
      "index": 181,
      "kinds": {
        "span": 1
      },
      "live_chunks": 0,
      "rows": 1,
      "span_rows": 1,
      "supervised": 0,
      "width": 396
    },
    {
      "bucket": 1,
      "chunks": 1,
      "index": 183,
      "kinds": {
        "span": 1
      },
      "live_chunks": 0,
      "rows": 1,
      "span_rows": 1,
      "supervised": 0,
      "width": 396
    },
    {
      "bucket": 1,
      "chunks": 1,
      "index": 185,
      "kinds": {
        "span": 1
      },
      "live_chunks": 0,
      "rows": 1,
      "span_rows": 1,
      "supervised": 0,
      "width": 396
    },
    {
      "bucket": 1,
      "chunks": 1,
      "index": 188,
      "kinds": {
        "span": 1
      },
      "live_chunks": 0,
      "rows": 1,
      "span_rows": 1,
      "supervised": 0,
      "width": 396
    },
    {
      "bucket": 1,
      "chunks": 1,
      "index": 189,
      "kinds": {
        "span": 1
      },
      "live_chunks": 0,
      "rows": 1,
      "span_rows": 1,
      "supervised": 0,
      "width": 396
    },
    {
      "bucket": 1,
      "chunks": 1,
      "index": 190,
      "kinds": {
        "span": 1
      },
      "live_chunks": 0,
      "rows": 1,
      "span_rows": 1,
      "supervised": 0,
      "width": 396
    },
    {
      "bucket": 0,
      "chunks": 1,
      "index": 191,
      "kinds": {
        "span": 1
      },
      "live_chunks": 0,
      "rows": 1,
      "span_rows": 1,
      "supervised": 0,
      "width": 394
    },
    {
      "bucket": 0,
      "chunks": 1,
      "index": 192,
      "kinds": {
        "span": 1
      },
      "live_chunks": 0,
      "rows": 1,
      "span_rows": 1,
      "supervised": 0,
      "width": 394
    },
    {
      "bucket": 1,
      "chunks": 1,
      "index": 193,
      "kinds": {
        "span": 1
      },
      "live_chunks": 0,
      "rows": 1,
      "span_rows": 1,
      "supervised": 0,
      "width": 396
    },
    {
      "bucket": 1,
      "chunks": 1,
      "index": 194,
      "kinds": {
        "span": 1
      },
      "live_chunks": 0,
      "rows": 1,
      "span_rows": 1,
      "supervised": 0,
      "width": 396
    },
    {
      "bucket": 1,
      "chunks": 1,
      "index": 196,
      "kinds": {
        "span": 1
      },
      "live_chunks": 0,
      "rows": 1,
      "span_rows": 1,
      "supervised": 0,
      "width": 396
    },
    {
      "bucket": 1,
      "chunks": 1,
      "index": 197,
      "kinds": {
        "span": 1
      },
      "live_chunks": 0,
      "rows": 1,
      "span_rows": 1,
      "supervised": 0,
      "width": 396
    },
    {
      "bucket": 1,
      "chunks": 1,
      "index": 199,
      "kinds": {
        "span": 1
      },
      "live_chunks": 0,
      "rows": 1,
      "span_rows": 1,
      "supervised": 0,
      "width": 396
    },
    {
      "bucket": 1,
      "chunks": 1,
      "index": 200,
      "kinds": {
        "span": 1
      },
      "live_chunks": 0,
      "rows": 1,
      "span_rows": 1,
      "supervised": 0,
      "width": 396
    },
    {
      "bucket": 0,
      "chunks": 1,
      "index": 202,
      "kinds": {
        "span": 1
      },
      "live_chunks": 0,
      "rows": 1,
      "span_rows": 1,
      "supervised": 0,
      "width": 394
    },
    {
      "bucket": 1,
      "chunks": 1,
      "index": 203,
      "kinds": {
        "span": 1
      },
      "live_chunks": 0,
      "rows": 1,
      "span_rows": 1,
      "supervised": 0,
      "width": 396
    },
    {
      "bucket": 0,
      "chunks": 1,
      "index": 204,
      "kinds": {
        "span": 1
      },
      "live_chunks": 0,
      "rows": 1,
      "span_rows": 1,
      "supervised": 0,
      "width": 394
    },
    {
      "bucket": 1,
      "chunks": 1,
      "index": 207,
      "kinds": {
        "span": 1
      },
      "live_chunks": 0,
      "rows": 1,
      "span_rows": 1,
      "supervised": 0,
      "width": 396
    },
    {
      "bucket": 1,
      "chunks": 1,
      "index": 209,
      "kinds": {
        "span": 1
      },
      "live_chunks": 0,
      "rows": 1,
      "span_rows": 1,
      "supervised": 0,
      "width": 396
    },
    {
      "bucket": 1,
      "chunks": 1,
      "index": 210,
      "kinds": {
        "span": 1
      },
      "live_chunks": 0,
      "rows": 1,
      "span_rows": 1,
      "supervised": 0,
      "width": 396
    },
    {
      "bucket": 1,
      "chunks": 1,
      "index": 212,
      "kinds": {
        "span": 1
      },
      "live_chunks": 0,
      "rows": 1,
      "span_rows": 1,
      "supervised": 0,
      "width": 396
    },
    {
      "bucket": 1,
      "chunks": 1,
      "index": 215,
      "kinds": {
        "span": 1
      },
      "live_chunks": 0,
      "rows": 1,
      "span_rows": 1,
      "supervised": 0,
      "width": 396
    },
    {
      "bucket": 1,
      "chunks": 1,
      "index": 217,
      "kinds": {
        "span": 1
      },
      "live_chunks": 0,
      "rows": 1,
      "span_rows": 1,
      "supervised": 0,
      "width": 396
    },
    {
      "bucket": 0,
      "chunks": 1,
      "index": 219,
      "kinds": {
        "span": 1
      },
      "live_chunks": 0,
      "rows": 1,
      "span_rows": 1,
      "supervised": 0,
      "width": 394
    },
    {
      "bucket": 1,
      "chunks": 1,
      "index": 220,
      "kinds": {
        "span": 1
      },
      "live_chunks": 0,
      "rows": 1,
      "span_rows": 1,
      "supervised": 0,
      "width": 396
    },
    {
      "bucket": 1,
      "chunks": 1,
      "index": 222,
      "kinds": {
        "span": 1
      },
      "live_chunks": 0,
      "rows": 1,
      "span_rows": 1,
      "supervised": 0,
      "width": 396
    },
    {
      "bucket": 0,
      "chunks": 1,
      "index": 224,
      "kinds": {
        "span": 1
      },
      "live_chunks": 0,
      "rows": 1,
      "span_rows": 1,
      "supervised": 0,
      "width": 394
    },
    {
      "bucket": 1,
      "chunks": 1,
      "index": 225,
      "kinds": {
        "span": 1
      },
      "live_chunks": 0,
      "rows": 1,
      "span_rows": 1,
      "supervised": 0,
      "width": 396
    },
    {
      "bucket": 1,
      "chunks": 1,
      "index": 227,
      "kinds": {
        "span": 1
      },
      "live_chunks": 0,
      "rows": 1,
      "span_rows": 1,
      "supervised": 0,
      "width": 396
    },
    {
      "bucket": 1,
      "chunks": 1,
      "index": 229,
      "kinds": {
        "span": 1
      },
      "live_chunks": 0,
      "rows": 1,
      "span_rows": 1,
      "supervised": 0,
      "width": 396
    },
    {
      "bucket": 1,
      "chunks": 1,
      "index": 230,
      "kinds": {
        "span": 1
      },
      "live_chunks": 0,
      "rows": 1,
      "span_rows": 1,
      "supervised": 0,
      "width": 396
    },
    {
      "bucket": 1,
      "chunks": 1,
      "index": 231,
      "kinds": {
        "span": 1
      },
      "live_chunks": 0,
      "rows": 1,
      "span_rows": 1,
      "supervised": 0,
      "width": 396
    },
    {
      "bucket": 1,
      "chunks": 1,
      "index": 233,
      "kinds": {
        "span": 1
      },
      "live_chunks": 0,
      "rows": 1,
      "span_rows": 1,
      "supervised": 0,
      "width": 396
    },
    {
      "bucket": 1,
      "chunks": 1,
      "index": 236,
      "kinds": {
        "span": 1
      },
      "live_chunks": 0,
      "rows": 1,
      "span_rows": 1,
      "supervised": 0,
      "width": 396
    },
    {
      "bucket": 1,
      "chunks": 1,
      "index": 239,
      "kinds": {
        "span": 1
      },
      "live_chunks": 0,
      "rows": 1,
      "span_rows": 1,
      "supervised": 0,
      "width": 396
    },
    {
      "bucket": 1,
      "chunks": 1,
      "index": 242,
      "kinds": {
        "span": 1
      },
      "live_chunks": 0,
      "rows": 1,
      "span_rows": 1,
      "supervised": 0,
      "width": 396
    },
    {
      "bucket": 1,
      "chunks": 1,
      "index": 244,
      "kinds": {
        "span": 1
      },
      "live_chunks": 0,
      "rows": 1,
      "span_rows": 1,
      "supervised": 0,
      "width": 396
    },
    {
      "bucket": 0,
      "chunks": 1,
      "index": 245,
      "kinds": {
        "span": 1
      },
      "live_chunks": 0,
      "rows": 1,
      "span_rows": 1,
      "supervised": 0,
      "width": 394
    },
    {
      "bucket": 1,
      "chunks": 1,
      "index": 246,
      "kinds": {
        "span": 1
      },
      "live_chunks": 0,
      "rows": 1,
      "span_rows": 1,
      "supervised": 0,
      "width": 396
    },
    {
      "bucket": 1,
      "chunks": 1,
      "index": 249,
      "kinds": {
        "span": 1
      },
      "live_chunks": 0,
      "rows": 1,
      "span_rows": 1,
      "supervised": 0,
      "width": 396
    },
    {
      "bucket": 1,
      "chunks": 1,
      "index": 252,
      "kinds": {
        "span": 1
      },
      "live_chunks": 0,
      "rows": 1,
      "span_rows": 1,
      "supervised": 0,
      "width": 396
    },
    {
      "bucket": 0,
      "chunks": 1,
      "index": 254,
      "kinds": {
        "span": 1
      },
      "live_chunks": 0,
      "rows": 1,
      "span_rows": 1,
      "supervised": 0,
      "width": 394
    },
    {
      "bucket": 0,
      "chunks": 1,
      "index": 257,
      "kinds": {
        "span": 1
      },
      "live_chunks": 0,
      "rows": 1,
      "span_rows": 1,
      "supervised": 0,
      "width": 394
    },
    {
      "bucket": 1,
      "chunks": 1,
      "index": 259,
      "kinds": {
        "span": 1
      },
      "live_chunks": 0,
      "rows": 1,
      "span_rows": 1,
      "supervised": 0,
      "width": 396
    },
    {
      "bucket": 1,
      "chunks": 1,
      "index": 263,
      "kinds": {
        "span": 1
      },
      "live_chunks": 0,
      "rows": 1,
      "span_rows": 1,
      "supervised": 0,
      "width": 396
    },
    {
      "bucket": 1,
      "chunks": 1,
      "index": 264,
      "kinds": {
        "span": 1
      },
      "live_chunks": 0,
      "rows": 1,
      "span_rows": 1,
      "supervised": 0,
      "width": 396
    },
    {
      "bucket": 1,
      "chunks": 1,
      "index": 267,
      "kinds": {
        "span": 1
      },
      "live_chunks": 0,
      "rows": 1,
      "span_rows": 1,
      "supervised": 0,
      "width": 396
    },
    {
      "bucket": 1,
      "chunks": 1,
      "index": 269,
      "kinds": {
        "span": 1
      },
      "live_chunks": 0,
      "rows": 1,
      "span_rows": 1,
      "supervised": 0,
      "width": 396
    },
    {
      "bucket": 1,
      "chunks": 1,
      "index": 270,
      "kinds": {
        "span": 1
      },
      "live_chunks": 0,
      "rows": 1,
      "span_rows": 1,
      "supervised": 0,
      "width": 396
    },
    {
      "bucket": 1,
      "chunks": 1,
      "index": 273,
      "kinds": {
        "span": 1
      },
      "live_chunks": 0,
      "rows": 1,
      "span_rows": 1,
      "supervised": 0,
      "width": 396
    },
    {
      "bucket": 1,
      "chunks": 1,
      "index": 274,
      "kinds": {
        "span": 1
      },
      "live_chunks": 0,
      "rows": 1,
      "span_rows": 1,
      "supervised": 0,
      "width": 396
    },
    {
      "bucket": 0,
      "chunks": 1,
      "index": 278,
      "kinds": {
        "span": 1
      },
      "live_chunks": 0,
      "rows": 1,
      "span_rows": 1,
      "supervised": 0,
      "width": 394
    },
    {
      "bucket": 1,
      "chunks": 1,
      "index": 279,
      "kinds": {
        "span": 1
      },
      "live_chunks": 0,
      "rows": 1,
      "span_rows": 1,
      "supervised": 0,
      "width": 396
    },
    {
      "bucket": 1,
      "chunks": 1,
      "index": 282,
      "kinds": {
        "span": 1
      },
      "live_chunks": 0,
      "rows": 1,
      "span_rows": 1,
      "supervised": 0,
      "width": 396
    },
    {
      "bucket": 1,
      "chunks": 1,
      "index": 286,
      "kinds": {
        "span": 1
      },
      "live_chunks": 0,
      "rows": 1,
      "span_rows": 1,
      "supervised": 0,
      "width": 396
    },
    {
      "bucket": 0,
      "chunks": 1,
      "index": 291,
      "kinds": {
        "span": 1
      },
      "live_chunks": 0,
      "rows": 1,
      "span_rows": 1,
      "supervised": 0,
      "width": 394
    },
    {
      "bucket": 1,
      "chunks": 1,
      "index": 292,
      "kinds": {
        "span": 1
      },
      "live_chunks": 0,
      "rows": 1,
      "span_rows": 1,
      "supervised": 0,
      "width": 396
    },
    {
      "bucket": 0,
      "chunks": 1,
      "index": 294,
      "kinds": {
        "span": 1
      },
      "live_chunks": 0,
      "rows": 1,
      "span_rows": 1,
      "supervised": 0,
      "width": 394
    },
    {
      "bucket": 1,
      "chunks": 1,
      "index": 295,
      "kinds": {
        "span": 1
      },
      "live_chunks": 0,
      "rows": 1,
      "span_rows": 1,
      "supervised": 0,
      "width": 396
    },
    {
      "bucket": 1,
      "chunks": 1,
      "index": 296,
      "kinds": {
        "span": 1
      },
      "live_chunks": 0,
      "rows": 1,
      "span_rows": 1,
      "supervised": 0,
      "width": 396
    },
    {
      "bucket": 1,
      "chunks": 1,
      "index": 298,
      "kinds": {
        "span": 1
      },
      "live_chunks": 0,
      "rows": 1,
      "span_rows": 1,
      "supervised": 0,
      "width": 396
    },
    {
      "bucket": 1,
      "chunks": 1,
      "index": 301,
      "kinds": {
        "span": 1
      },
      "live_chunks": 0,
      "rows": 1,
      "span_rows": 1,
      "supervised": 0,
      "width": 396
    },
    {
      "bucket": 1,
      "chunks": 1,
      "index": 302,
      "kinds": {
        "span": 1
      },
      "live_chunks": 0,
      "rows": 1,
      "span_rows": 1,
      "supervised": 0,
      "width": 396
    },
    {
      "bucket": 1,
      "chunks": 1,
      "index": 305,
      "kinds": {
        "span": 1
      },
      "live_chunks": 0,
      "rows": 1,
      "span_rows": 1,
      "supervised": 0,
      "width": 396
    },
    {
      "bucket": 1,
      "chunks": 1,
      "index": 309,
      "kinds": {
        "span": 1
      },
      "live_chunks": 0,
      "rows": 1,
      "span_rows": 1,
      "supervised": 0,
      "width": 396
    },
    {
      "bucket": 0,
      "chunks": 1,
      "index": 310,
      "kinds": {
        "span": 1
      },
      "live_chunks": 0,
      "rows": 1,
      "span_rows": 1,
      "supervised": 0,
      "width": 394
    },
    {
      "bucket": 1,
      "chunks": 1,
      "index": 311,
      "kinds": {
        "span": 1
      },
      "live_chunks": 0,
      "rows": 1,
      "span_rows": 1,
      "supervised": 0,
      "width": 396
    },
    {
      "bucket": 1,
      "chunks": 1,
      "index": 313,
      "kinds": {
        "span": 1
      },
      "live_chunks": 0,
      "rows": 1,
      "span_rows": 1,
      "supervised": 0,
      "width": 396
    },
    {
      "bucket": 1,
      "chunks": 1,
      "index": 315,
      "kinds": {
        "span": 1
      },
      "live_chunks": 0,
      "rows": 1,
      "span_rows": 1,
      "supervised": 0,
      "width": 396
    },
    {
      "bucket": 0,
      "chunks": 1,
      "index": 317,
      "kinds": {
        "span": 1
      },
      "live_chunks": 0,
      "rows": 1,
      "span_rows": 1,
      "supervised": 0,
      "width": 394
    },
    {
      "bucket": 1,
      "chunks": 1,
      "index": 319,
      "kinds": {
        "span": 1
      },
      "live_chunks": 0,
      "rows": 1,
      "span_rows": 1,
      "supervised": 0,
      "width": 396
    },
    {
      "bucket": 1,
      "chunks": 1,
      "index": 321,
      "kinds": {
        "span": 1
      },
      "live_chunks": 0,
      "rows": 1,
      "span_rows": 1,
      "supervised": 0,
      "width": 396
    },
    {
      "bucket": 1,
      "chunks": 1,
      "index": 322,
      "kinds": {
        "span": 1
      },
      "live_chunks": 0,
      "rows": 1,
      "span_rows": 1,
      "supervised": 0,
      "width": 396
    },
    {
      "bucket": 1,
      "chunks": 1,
      "index": 324,
      "kinds": {
        "span": 1
      },
      "live_chunks": 0,
      "rows": 1,
      "span_rows": 1,
      "supervised": 0,
      "width": 396
    },
    {
      "bucket": 0,
      "chunks": 1,
      "index": 325,
      "kinds": {
        "span": 1
      },
      "live_chunks": 0,
      "rows": 1,
      "span_rows": 1,
      "supervised": 0,
      "width": 394
    },
    {
      "bucket": 1,
      "chunks": 1,
      "index": 327,
      "kinds": {
        "span": 1
      },
      "live_chunks": 0,
      "rows": 1,
      "span_rows": 1,
      "supervised": 0,
      "width": 396
    },
    {
      "bucket": 1,
      "chunks": 1,
      "index": 329,
      "kinds": {
        "span": 1
      },
      "live_chunks": 0,
      "rows": 1,
      "span_rows": 1,
      "supervised": 0,
      "width": 396
    },
    {
      "bucket": 1,
      "chunks": 1,
      "index": 330,
      "kinds": {
        "span": 1
      },
      "live_chunks": 0,
      "rows": 1,
      "span_rows": 1,
      "supervised": 0,
      "width": 396
    },
    {
      "bucket": 1,
      "chunks": 1,
      "index": 331,
      "kinds": {
        "span": 1
      },
      "live_chunks": 0,
      "rows": 1,
      "span_rows": 1,
      "supervised": 0,
      "width": 396
    },
    {
      "bucket": 1,
      "chunks": 1,
      "index": 333,
      "kinds": {
        "span": 1
      },
      "live_chunks": 0,
      "rows": 1,
      "span_rows": 1,
      "supervised": 0,
      "width": 396
    },
    {
      "bucket": 1,
      "chunks": 1,
      "index": 335,
      "kinds": {
        "span": 1
      },
      "live_chunks": 0,
      "rows": 1,
      "span_rows": 1,
      "supervised": 0,
      "width": 396
    },
    {
      "bucket": 0,
      "chunks": 1,
      "index": 336,
      "kinds": {
        "span": 1
      },
      "live_chunks": 0,
      "rows": 1,
      "span_rows": 1,
      "supervised": 0,
      "width": 394
    },
    {
      "bucket": 1,
      "chunks": 1,
      "index": 339,
      "kinds": {
        "span": 1
      },
      "live_chunks": 0,
      "rows": 1,
      "span_rows": 1,
      "supervised": 0,
      "width": 396
    },
    {
      "bucket": 1,
      "chunks": 1,
      "index": 342,
      "kinds": {
        "span": 1
      },
      "live_chunks": 0,
      "rows": 1,
      "span_rows": 1,
      "supervised": 0,
      "width": 396
    },
    {
      "bucket": 1,
      "chunks": 1,
      "index": 343,
      "kinds": {
        "span": 1
      },
      "live_chunks": 0,
      "rows": 1,
      "span_rows": 1,
      "supervised": 0,
      "width": 396
    }
  ],
  "failures": [],
  "inventory": {
    "buckets": [
      394,
      396,
      435,
      437
    ],
    "contradictions": {
      "contradicting_groups": 0,
      "contradicting_rows": 0,
      "examples": [],
      "per_kind": {},
      "rows_sharing_a_prefix": 0,
      "sequences": 344
    },
    "coverage": {
      "detail": "every row in the manifest was tokenized into the shard set",
      "n": 172,
      "n_total": 172,
      "passed": true,
      "state": "ran",
      "value": 172
    },
    "excluded_examples": [],
    "excluded_rows": 0,
    "letter_rows": 172,
    "letter_rows_whose_gold_is_noul": 0,
    "padding_waste": {
      "detail": "0 padding of 143148 positions (0.00%) over 344 sequences; gate is <= 15%. buckets=[394, 396, 435, 437]",
      "n": 344,
      "n_total": 344,
      "passed": true,
      "state": "ran",
      "value": 0.0
    },
    "per_kind": {
      "choice": {
        "families": {
          "code.defect_class": 172
        },
        "gold_is_noul": 0,
        "len_max": 437,
        "len_mean": 436.6,
        "len_min": 435,
        "n": 172,
        "n_total": 344,
        "row_widths": [
          5
        ],
        "tokens": 75100
      },
      "span": {
        "candidates_max": 7,
        "candidates_min": 7,
        "candidates_total": 1204,
        "families": {
          "code.defect_class": 172
        },
        "gold_is_noul": 172,
        "len_max": 396,
        "len_mean": 395.6,
        "len_min": 394,
        "n": 172,
        "n_total": 344,
        "pointer_abstaining": 43,
        "row_widths": [
          1
        ],
        "tokens": 68048
      }
    },
    "remap_check": {
      "detail": "/private/var/folders/wl/qc_0nnp91cd5kfy179krkjxr0000gn/T/pytest-of-bharath/pytest-468/rungd-corpus0/shards/train/remap.npz re-read and re-hashed; matches the header. tokenizer_hash=tokhash-shuffled\u2026",
      "n": 256,
      "n_total": 256,
      "passed": true,
      "state": "ran",
      "value": "7aa0d64186acd624d5791460205f63855352fa4c589266b986e35fdfd90ee7df"
    },
    "root": "/private/var/folders/wl/qc_0nnp91cd5kfy179krkjxr0000gn/T/pytest-of-bharath/pytest-468/rungd-corpus0/shards/train",
    "sequences": 344,
    "span_check": {
      "reason": "write_shards was called without decode=, so the 172 span sequence(s) here had their gold and candidate positions checked only against the offset mapping they were derived from. That circle is GAP-S4-GOLD-ON-CANDIDATE-CANNOT-CATCH-LINE-SHIFT: a mapping that is consistently wrong moves gold and candidates together and every other check stays green. Supplying decode= is what GAP-SPAN-HEAD-LINE-MAPPING-BPE-UNVERIFIED asks for.",
      "state": "not_run"
    },
    "tokens": 143148,
    "vocab_size": 256
  },
  "letter_ids": {
    "A": 65,
    "B": 66,
    "C": 67,
    "D": 68,
    "Z": 90
  },
  "probes": [
    {
      "bucket": 0,
      "device": "cpu",
      "ok": true,
      "rows": 1,
      "wall_s": 0.0,
      "why": "stubbed in-process",
      "width": 394
    },
    {
      "bucket": 1,
      "device": "cpu",
      "ok": true,
      "rows": 1,
      "wall_s": 0.0,
      "why": "stubbed in-process",
      "width": 396
    },
    {
      "bucket": 2,
      "device": "cpu",
      "ok": true,
      "rows": 1,
      "wall_s": 0.0,
      "why": "stubbed in-process",
      "width": 435
    },
    {
      "bucket": 3,
      "device": "cpu",
      "ok": true,
      "rows": 1,
      "wall_s": 0.0,
      "why": "stubbed in-process",
      "width": 437
    }
  ],
  "torch": "2.12.1"
}

----------------------------- Captured stderr call -----------------------------
usage: python -m pytest [-h] [--out OUT] [--passes PASSES]
                        [--seeds SEEDS [SEEDS ...]] [--prior-sd PRIOR_SD]
                        [--target-difference TARGET_DIFFERENCE]
                        [--span-weight SPAN_WEIGHT]
                        [--checkpoint-dir CHECKPOINT_DIR]
                        [--checkpoint-every CHECKPOINT_EVERY]
                        [--resume-from RESUME_FROM] [--hidden HIDDEN]
                        [--heads HEADS] [--lr LR] [--max-width MAX_WIDTH]
                        [--max-pairs MAX_PAIRS] [--no-repo-history]
                        [--rev REV] [--commitpackft COMMITPACKFT]
                        [--defect-class DEFECT_CLASS]
                        [--defect-download DEFECT_DOWNLOAD]
                        [--defect-max-rows DEFECT_MAX_ROWS]
                        [--defect-noul DEFECT_NOUL]
                        [--general-record GENERAL_RECORD]
                        [--general-max-rows GENERAL_MAX_ROWS]
                        [--replay-partition] [--epoch] [--no-memorise]
                        [--wall-clock-cap-s WALL_CLOCK_CAP_S]
                        [--batch-tokens BATCH_TOKENS] [--score-val]
                        [--score-checkpoint SCORE_CHECKPOINT [SCORE_CHECKPOINT ...]]
                        [--ft-ledger FT_LEDGER]
                        [--ft-row-id FT_ROW_ID [FT_ROW_ID ...]]
                        [--score-plan PLAN.json] [--composed-slice SLICE_OUT]
                        [--composed-slice-corpus COMPOSED_SLICE_CORPUS]
                        [--score-dtype {fp32,bf16}] [--needle] [--ood]
                        [--ood-general-record OOD_GENERAL_RECORD]
                        [--needle-predictions-out NEEDLE_PREDICTIONS_OUT]
                        [--needle-handoff NEEDLE_HANDOFF] [--ledger LEDGER]
                        [--optimizer {bf16,master}]
                        [--real-backbone REAL_BACKBONE]
                        [--devices {cpu,cuda,mps} [{cpu,cuda,mps} ...]]
                        [--instance INSTANCE] [--usd-per-hour USD_PER_HOUR]
                        [--usd-per-gpu-hour USD_PER_GPU_HOUR]
                        [--approved-by APPROVED_BY]
                        [--attn-implementation ATTN_IMPLEMENTATION]
                        [--deterministic] [--fused-adamw]
                        [--train-attention-mask {padding,none}]
                        [--checkpoint-skip-layers CHECKPOINT_SKIP_LAYERS]
                        [--lower-layers-n LOWER_LAYERS_N]
                        [--lower-layers-lr-scale LOWER_LAYERS_LR_SCALE]
                        [--beta2 BETA2]
                        [--option-permutation-seed OPTION_PERMUTATION_SEED]
                        [--tokenizer-json TOKENIZER_JSON]
                        [--replay-shards REPLAY_SHARDS]
                        [--replay-attestation REPLAY_ATTESTATION]
                        [--replay-cache REPLAY_CACHE]
                        [--replay-weight REPLAY_WEIGHT]
                        [--replay-every REPLAY_EVERY]
                        [--needle-control TOKENS,TOKENS,...]
                        [--suite-verdicts-out SUITE_VERDICTS_OUT]
                        [--suite-logits] [--verdicts-out VERDICTS_OUT]
                        [--shuffled-label EVAL_ROW_ID]
python -m pytest: error: unrecognized arguments: --max-steps 3
____ test_max_steps_at_or_past_the_epoch_is_not_a_truncation_and_is_refused ____

corpus = Corpus(out=PosixPath('/private/var/folders/wl/qc_0nnp91cd5kfy179krkjxr0000gn/T/pytest-of-bharath/pytest-468/rungd-corp...private/var/folders/wl/qc_0nnp91cd5kfy179krkjxr0000gn/T/pytest-of-bharath/pytest-468/rungd-corpus0/tiny-snapshot-h64'))
tmp_path = PosixPath('/private/var/folders/wl/qc_0nnp91cd5kfy179krkjxr0000gn/T/pytest-of-bharath/pytest-468/test_max_steps_at_or_past_the_0')

    def test_max_steps_at_or_past_the_epoch_is_not_a_truncation_and_is_refused(corpus, tmp_path):
        ledger = tmp_path / "l.jsonl"
        with pytest.raises(ValueError, match="not a truncation"):
>           _run(corpus, ledger, "--max-steps", "100000")

python/tests/test_real_ft_rungd_flags.py:415: 
_ _ _ _ _ _ _ _ _ _ _ _ _ _ _ _ _ _ _ _ _ _ _ _ _ _ _ _ _ _ _ _ _ _ _ _ _ _ _ _ 
python/tests/test_real_ft_rungd_flags.py:210: in _run
    code = module.main(argv)
           ^^^^^^^^^^^^^^^^^
tools/real_ft_run.py:8719: in main
    args = parser.parse_args(argv)
           ^^^^^^^^^^^^^^^^^^^^^^^
/opt/homebrew/Cellar/python@3.14/3.14.7/Frameworks/Python.framework/Versions/3.14/lib/python3.14/argparse.py:2012: in parse_args
    self.error(msg)
/opt/homebrew/Cellar/python@3.14/3.14.7/Frameworks/Python.framework/Versions/3.14/lib/python3.14/argparse.py:2785: in error
    self.exit(2, _('%(prog)s: error: %(message)s\n') % args)
_ _ _ _ _ _ _ _ _ _ _ _ _ _ _ _ _ _ _ _ _ _ _ _ _ _ _ _ _ _ _ _ _ _ _ _ _ _ _ _ 

self = ArgumentParser(prog='python -m pytest', usage=None, description='Does ``train_ft`` train on a shard set that came out of the real pipeline?', formatter_class=<class 'argparse.HelpFormatter'>, conflict_handler='error', add_help=True)
status = 2
message = 'python -m pytest: error: unrecognized arguments: --max-steps 100000\n'

    def exit(self, status=0, message=None):
        if message:
            self._print_message(message, _sys.stderr)
>       _sys.exit(status)
E       SystemExit: 2

/opt/homebrew/Cellar/python@3.14/3.14.7/Frameworks/Python.framework/Versions/3.14/lib/python3.14/argparse.py:2772: SystemExit
----------------------------- Captured stderr call -----------------------------
usage: python -m pytest [-h] [--out OUT] [--passes PASSES]
                        [--seeds SEEDS [SEEDS ...]] [--prior-sd PRIOR_SD]
                        [--target-difference TARGET_DIFFERENCE]
                        [--span-weight SPAN_WEIGHT]
                        [--checkpoint-dir CHECKPOINT_DIR]
                        [--checkpoint-every CHECKPOINT_EVERY]
                        [--resume-from RESUME_FROM] [--hidden HIDDEN]
                        [--heads HEADS] [--lr LR] [--max-width MAX_WIDTH]
                        [--max-pairs MAX_PAIRS] [--no-repo-history]
                        [--rev REV] [--commitpackft COMMITPACKFT]
                        [--defect-class DEFECT_CLASS]
                        [--defect-download DEFECT_DOWNLOAD]
                        [--defect-max-rows DEFECT_MAX_ROWS]
                        [--defect-noul DEFECT_NOUL]
                        [--general-record GENERAL_RECORD]
                        [--general-max-rows GENERAL_MAX_ROWS]
                        [--replay-partition] [--epoch] [--no-memorise]
                        [--wall-clock-cap-s WALL_CLOCK_CAP_S]
                        [--batch-tokens BATCH_TOKENS] [--score-val]
                        [--score-checkpoint SCORE_CHECKPOINT [SCORE_CHECKPOINT ...]]
                        [--ft-ledger FT_LEDGER]
                        [--ft-row-id FT_ROW_ID [FT_ROW_ID ...]]
                        [--score-plan PLAN.json] [--composed-slice SLICE_OUT]
                        [--composed-slice-corpus COMPOSED_SLICE_CORPUS]
                        [--score-dtype {fp32,bf16}] [--needle] [--ood]
                        [--ood-general-record OOD_GENERAL_RECORD]
                        [--needle-predictions-out NEEDLE_PREDICTIONS_OUT]
                        [--needle-handoff NEEDLE_HANDOFF] [--ledger LEDGER]
                        [--optimizer {bf16,master}]
                        [--real-backbone REAL_BACKBONE]
                        [--devices {cpu,cuda,mps} [{cpu,cuda,mps} ...]]
                        [--instance INSTANCE] [--usd-per-hour USD_PER_HOUR]
                        [--usd-per-gpu-hour USD_PER_GPU_HOUR]
                        [--approved-by APPROVED_BY]
                        [--attn-implementation ATTN_IMPLEMENTATION]
                        [--deterministic] [--fused-adamw]
                        [--train-attention-mask {padding,none}]
                        [--checkpoint-skip-layers CHECKPOINT_SKIP_LAYERS]
                        [--lower-layers-n LOWER_LAYERS_N]
                        [--lower-layers-lr-scale LOWER_LAYERS_LR_SCALE]
                        [--beta2 BETA2]
                        [--option-permutation-seed OPTION_PERMUTATION_SEED]
                        [--tokenizer-json TOKENIZER_JSON]
                        [--replay-shards REPLAY_SHARDS]
                        [--replay-attestation REPLAY_ATTESTATION]
                        [--replay-cache REPLAY_CACHE]
                        [--replay-weight REPLAY_WEIGHT]
                        [--replay-every REPLAY_EVERY]
                        [--needle-control TOKENS,TOKENS,...]
                        [--suite-verdicts-out SUITE_VERDICTS_OUT]
                        [--suite-logits] [--verdicts-out VERDICTS_OUT]
                        [--shuffled-label EVAL_ROW_ID]
python -m pytest: error: unrecognized arguments: --max-steps 100000
__________ test_the_fp32_adamw_check_reads_the_optimizers_own_groups ___________

    def test_the_fp32_adamw_check_reads_the_optimizers_own_groups():
        p = [torch.nn.Parameter(torch.zeros(3))]
>       assert rft.fp32_adamw_problems(torch.optim.AdamW(p, lr=1e-5), beta2=0.999) == []
               ^^^^^^^^^^^^^^^^^^^^^^^
E       AttributeError: module 'real_ft_run' has no attribute 'fp32_adamw_problems'

python/tests/test_real_ft_rungd_flags.py:435: AttributeError
__________ test_train_dtype_fp32_trains_an_fp32_tower_on_plain_adamw ___________

corpus = Corpus(out=PosixPath('/private/var/folders/wl/qc_0nnp91cd5kfy179krkjxr0000gn/T/pytest-of-bharath/pytest-468/rungd-corp...private/var/folders/wl/qc_0nnp91cd5kfy179krkjxr0000gn/T/pytest-of-bharath/pytest-468/rungd-corpus0/tiny-snapshot-h64'))
tmp_path = PosixPath('/private/var/folders/wl/qc_0nnp91cd5kfy179krkjxr0000gn/T/pytest-of-bharath/pytest-468/test_train_dtype_fp32_trains_a0')

    def test_train_dtype_fp32_trains_an_fp32_tower_on_plain_adamw(corpus, tmp_path):
>       rows = _run(
            corpus, tmp_path / "fp32.jsonl", "--optimizer", "master", "--lower-layers-n", "1",
            "--train-dtype", "fp32", "--max-steps", "2", real=True, short=True,
        )

python/tests/test_real_ft_rungd_flags.py:458: 
_ _ _ _ _ _ _ _ _ _ _ _ _ _ _ _ _ _ _ _ _ _ _ _ _ _ _ _ _ _ _ _ _ _ _ _ _ _ _ _ 
python/tests/test_real_ft_rungd_flags.py:210: in _run
    code = module.main(argv)
           ^^^^^^^^^^^^^^^^^
tools/real_ft_run.py:8719: in main
    args = parser.parse_args(argv)
           ^^^^^^^^^^^^^^^^^^^^^^^
/opt/homebrew/Cellar/python@3.14/3.14.7/Frameworks/Python.framework/Versions/3.14/lib/python3.14/argparse.py:2012: in parse_args
    self.error(msg)
/opt/homebrew/Cellar/python@3.14/3.14.7/Frameworks/Python.framework/Versions/3.14/lib/python3.14/argparse.py:2785: in error
    self.exit(2, _('%(prog)s: error: %(message)s\n') % args)
_ _ _ _ _ _ _ _ _ _ _ _ _ _ _ _ _ _ _ _ _ _ _ _ _ _ _ _ _ _ _ _ _ _ _ _ _ _ _ _ 

self = ArgumentParser(prog='python -m pytest', usage=None, description='Does ``train_ft`` train on a shard set that came out of the real pipeline?', formatter_class=<class 'argparse.HelpFormatter'>, conflict_handler='error', add_help=True)
status = 2
message = 'python -m pytest: error: unrecognized arguments: --train-dtype fp32 --max-steps 2\n'

    def exit(self, status=0, message=None):
        if message:
            self._print_message(message, _sys.stderr)
>       _sys.exit(status)
E       SystemExit: 2

/opt/homebrew/Cellar/python@3.14/3.14.7/Frameworks/Python.framework/Versions/3.14/lib/python3.14/argparse.py:2772: SystemExit
----------------------------- Captured stderr call -----------------------------
usage: python -m pytest [-h] [--out OUT] [--passes PASSES]
                        [--seeds SEEDS [SEEDS ...]] [--prior-sd PRIOR_SD]
                        [--target-difference TARGET_DIFFERENCE]
                        [--span-weight SPAN_WEIGHT]
                        [--checkpoint-dir CHECKPOINT_DIR]
                        [--checkpoint-every CHECKPOINT_EVERY]
                        [--resume-from RESUME_FROM] [--hidden HIDDEN]
                        [--heads HEADS] [--lr LR] [--max-width MAX_WIDTH]
                        [--max-pairs MAX_PAIRS] [--no-repo-history]
                        [--rev REV] [--commitpackft COMMITPACKFT]
                        [--defect-class DEFECT_CLASS]
                        [--defect-download DEFECT_DOWNLOAD]
                        [--defect-max-rows DEFECT_MAX_ROWS]
                        [--defect-noul DEFECT_NOUL]
                        [--general-record GENERAL_RECORD]
                        [--general-max-rows GENERAL_MAX_ROWS]
                        [--replay-partition] [--epoch] [--no-memorise]
                        [--wall-clock-cap-s WALL_CLOCK_CAP_S]
                        [--batch-tokens BATCH_TOKENS] [--score-val]
                        [--score-checkpoint SCORE_CHECKPOINT [SCORE_CHECKPOINT ...]]
                        [--ft-ledger FT_LEDGER]
                        [--ft-row-id FT_ROW_ID [FT_ROW_ID ...]]
                        [--score-plan PLAN.json] [--composed-slice SLICE_OUT]
                        [--composed-slice-corpus COMPOSED_SLICE_CORPUS]
                        [--score-dtype {fp32,bf16}] [--needle] [--ood]
                        [--ood-general-record OOD_GENERAL_RECORD]
                        [--needle-predictions-out NEEDLE_PREDICTIONS_OUT]
                        [--needle-handoff NEEDLE_HANDOFF] [--ledger LEDGER]
                        [--optimizer {bf16,master}]
                        [--real-backbone REAL_BACKBONE]
                        [--devices {cpu,cuda,mps} [{cpu,cuda,mps} ...]]
                        [--instance INSTANCE] [--usd-per-hour USD_PER_HOUR]
                        [--usd-per-gpu-hour USD_PER_GPU_HOUR]
                        [--approved-by APPROVED_BY]
                        [--attn-implementation ATTN_IMPLEMENTATION]
                        [--deterministic] [--fused-adamw]
                        [--train-attention-mask {padding,none}]
                        [--checkpoint-skip-layers CHECKPOINT_SKIP_LAYERS]
                        [--lower-layers-n LOWER_LAYERS_N]
                        [--lower-layers-lr-scale LOWER_LAYERS_LR_SCALE]
                        [--beta2 BETA2]
                        [--option-permutation-seed OPTION_PERMUTATION_SEED]
                        [--tokenizer-json TOKENIZER_JSON]
                        [--replay-shards REPLAY_SHARDS]
                        [--replay-attestation REPLAY_ATTESTATION]
                        [--replay-cache REPLAY_CACHE]
                        [--replay-weight REPLAY_WEIGHT]
                        [--replay-every REPLAY_EVERY]
                        [--needle-control TOKENS,TOKENS,...]
                        [--suite-verdicts-out SUITE_VERDICTS_OUT]
                        [--suite-logits] [--verdicts-out VERDICTS_OUT]
                        [--shuffled-label EVAL_ROW_ID]
python -m pytest: error: unrecognized arguments: --train-dtype fp32 --max-steps 2
________ test_train_dtype_fp32_refuses_an_optimizer_whose_groups_drift _________

corpus = Corpus(out=PosixPath('/private/var/folders/wl/qc_0nnp91cd5kfy179krkjxr0000gn/T/pytest-of-bharath/pytest-468/rungd-corp...private/var/folders/wl/qc_0nnp91cd5kfy179krkjxr0000gn/T/pytest-of-bharath/pytest-468/rungd-corpus0/tiny-snapshot-h64'))
tmp_path = PosixPath('/private/var/folders/wl/qc_0nnp91cd5kfy179krkjxr0000gn/T/pytest-of-bharath/pytest-468/test_train_dtype_fp32_refuses_0')
monkeypatch = <_pytest.monkeypatch.MonkeyPatch object at 0x1203ff070>

    def test_train_dtype_fp32_refuses_an_optimizer_whose_groups_drift(corpus, tmp_path, monkeypatch):
        """The eps/weight-decay check runs on what was BUILT, so a builder that changed them is
        refused before step 0 -- not discovered as a trajectory that does not track."""
        import qd_train.backbone as backbone
    
        real_build = backbone.build_optimizer
    
        def drifted(params: Any, **kw: Any) -> Any:
            opt = real_build(params, **kw)
            for g in opt.param_groups:
                g["eps"] = 1e-6
            return opt
    
        monkeypatch.setattr(backbone, "build_optimizer", drifted)
        ledger = tmp_path / "l.jsonl"
>       with pytest.raises(SystemExit, match="eps"):
             ^^^^^^^^^^^^^^^^^^^^^^^^^^^^^^^^^^^^^^
E       AssertionError: Regex pattern did not match.
E         Expected regex: 'eps'
E         Actual message: '2'

python/tests/test_real_ft_rungd_flags.py:489: AssertionError
----------------------------- Captured stderr call -----------------------------
usage: python -m pytest [-h] [--out OUT] [--passes PASSES]
                        [--seeds SEEDS [SEEDS ...]] [--prior-sd PRIOR_SD]
                        [--target-difference TARGET_DIFFERENCE]
                        [--span-weight SPAN_WEIGHT]
                        [--checkpoint-dir CHECKPOINT_DIR]
                        [--checkpoint-every CHECKPOINT_EVERY]
                        [--resume-from RESUME_FROM] [--hidden HIDDEN]
                        [--heads HEADS] [--lr LR] [--max-width MAX_WIDTH]
                        [--max-pairs MAX_PAIRS] [--no-repo-history]
                        [--rev REV] [--commitpackft COMMITPACKFT]
                        [--defect-class DEFECT_CLASS]
                        [--defect-download DEFECT_DOWNLOAD]
                        [--defect-max-rows DEFECT_MAX_ROWS]
                        [--defect-noul DEFECT_NOUL]
                        [--general-record GENERAL_RECORD]
                        [--general-max-rows GENERAL_MAX_ROWS]
                        [--replay-partition] [--epoch] [--no-memorise]
                        [--wall-clock-cap-s WALL_CLOCK_CAP_S]
                        [--batch-tokens BATCH_TOKENS] [--score-val]
                        [--score-checkpoint SCORE_CHECKPOINT [SCORE_CHECKPOINT ...]]
                        [--ft-ledger FT_LEDGER]
                        [--ft-row-id FT_ROW_ID [FT_ROW_ID ...]]
                        [--score-plan PLAN.json] [--composed-slice SLICE_OUT]
                        [--composed-slice-corpus COMPOSED_SLICE_CORPUS]
                        [--score-dtype {fp32,bf16}] [--needle] [--ood]
                        [--ood-general-record OOD_GENERAL_RECORD]
                        [--needle-predictions-out NEEDLE_PREDICTIONS_OUT]
                        [--needle-handoff NEEDLE_HANDOFF] [--ledger LEDGER]
                        [--optimizer {bf16,master}]
                        [--real-backbone REAL_BACKBONE]
                        [--devices {cpu,cuda,mps} [{cpu,cuda,mps} ...]]
                        [--instance INSTANCE] [--usd-per-hour USD_PER_HOUR]
                        [--usd-per-gpu-hour USD_PER_GPU_HOUR]
                        [--approved-by APPROVED_BY]
                        [--attn-implementation ATTN_IMPLEMENTATION]
                        [--deterministic] [--fused-adamw]
                        [--train-attention-mask {padding,none}]
                        [--checkpoint-skip-layers CHECKPOINT_SKIP_LAYERS]
                        [--lower-layers-n LOWER_LAYERS_N]
                        [--lower-layers-lr-scale LOWER_LAYERS_LR_SCALE]
                        [--beta2 BETA2]
                        [--option-permutation-seed OPTION_PERMUTATION_SEED]
                        [--tokenizer-json TOKENIZER_JSON]
                        [--replay-shards REPLAY_SHARDS]
                        [--replay-attestation REPLAY_ATTESTATION]
                        [--replay-cache REPLAY_CACHE]
                        [--replay-weight REPLAY_WEIGHT]
                        [--replay-every REPLAY_EVERY]
                        [--needle-control TOKENS,TOKENS,...]
                        [--suite-verdicts-out SUITE_VERDICTS_OUT]
                        [--suite-logits] [--verdicts-out VERDICTS_OUT]
                        [--shuffled-label EVAL_ROW_ID]
python -m pytest: error: unrecognized arguments: --train-dtype fp32 --max-steps 2
_____________ test_the_head_digest_is_the_checkpoints_own_formula ______________

corpus = Corpus(out=PosixPath('/private/var/folders/wl/qc_0nnp91cd5kfy179krkjxr0000gn/T/pytest-of-bharath/pytest-468/rungd-corp...private/var/folders/wl/qc_0nnp91cd5kfy179krkjxr0000gn/T/pytest-of-bharath/pytest-468/rungd-corpus0/tiny-snapshot-h64'))

    def test_the_head_digest_is_the_checkpoints_own_formula(corpus):
        """One formula for the manifest, the Rust trainer and the arm: ``_sidecar_digest`` over
        ``state()['span_head']`` named ``span_head.<k>`` -- pinned here so the head-only helper
        (which skips copying the whole tower to host at init) cannot drift from it."""
        step = _step_for(corpus.snapshot, seed=3)
        from_state = _sidecar_digest(
            {f"span_head.{k}": v for k, v in step.state()["span_head"].items()}
        )
>       assert rft.span_head_digest(step) == from_state
               ^^^^^^^^^^^^^^^^^^^^
E       AttributeError: module 'real_ft_run' has no attribute 'span_head_digest'

python/tests/test_real_ft_rungd_flags.py:517: AttributeError
___________ test_the_tiny_h64_head_at_seed_0_is_the_tracked_fixtures ___________

corpus = Corpus(out=PosixPath('/private/var/folders/wl/qc_0nnp91cd5kfy179krkjxr0000gn/T/pytest-of-bharath/pytest-468/rungd-corp...private/var/folders/wl/qc_0nnp91cd5kfy179krkjxr0000gn/T/pytest-of-bharath/pytest-468/rungd-corpus0/tiny-snapshot-h64'))

    def test_the_tiny_h64_head_at_seed_0_is_the_tracked_fixtures(corpus):
>       assert rft.span_head_digest(_step_for(corpus.snapshot, seed=0)) == H64_DIGEST
               ^^^^^^^^^^^^^^^^^^^^
E       AttributeError: module 'real_ft_run' has no attribute 'span_head_digest'

python/tests/test_real_ft_rungd_flags.py:521: AttributeError
___ test_the_digest_flag_records_the_init_digest_on_the_ft_row_only_when_on ____

corpus = Corpus(out=PosixPath('/private/var/folders/wl/qc_0nnp91cd5kfy179krkjxr0000gn/T/pytest-of-bharath/pytest-468/rungd-corp...private/var/folders/wl/qc_0nnp91cd5kfy179krkjxr0000gn/T/pytest-of-bharath/pytest-468/rungd-corpus0/tiny-snapshot-h64'))
tmp_path = PosixPath('/private/var/folders/wl/qc_0nnp91cd5kfy179krkjxr0000gn/T/pytest-of-bharath/pytest-468/test_the_digest_flag_records_t0')

    def test_the_digest_flag_records_the_init_digest_on_the_ft_row_only_when_on(corpus, tmp_path):
>       on = _only(_run(corpus, tmp_path / "on.jsonl", "--span-head-init-digest", "--max-steps", "2",
                        real=True, short=True), "ft")

python/tests/test_real_ft_rungd_flags.py:526: 
_ _ _ _ _ _ _ _ _ _ _ _ _ _ _ _ _ _ _ _ _ _ _ _ _ _ _ _ _ _ _ _ _ _ _ _ _ _ _ _ 
python/tests/test_real_ft_rungd_flags.py:210: in _run
    code = module.main(argv)
           ^^^^^^^^^^^^^^^^^
tools/real_ft_run.py:8719: in main
    args = parser.parse_args(argv)
           ^^^^^^^^^^^^^^^^^^^^^^^
/opt/homebrew/Cellar/python@3.14/3.14.7/Frameworks/Python.framework/Versions/3.14/lib/python3.14/argparse.py:2012: in parse_args
    self.error(msg)
/opt/homebrew/Cellar/python@3.14/3.14.7/Frameworks/Python.framework/Versions/3.14/lib/python3.14/argparse.py:2785: in error
    self.exit(2, _('%(prog)s: error: %(message)s\n') % args)
_ _ _ _ _ _ _ _ _ _ _ _ _ _ _ _ _ _ _ _ _ _ _ _ _ _ _ _ _ _ _ _ _ _ _ _ _ _ _ _ 

self = ArgumentParser(prog='python -m pytest', usage=None, description='Does ``train_ft`` train on a shard set that came out of the real pipeline?', formatter_class=<class 'argparse.HelpFormatter'>, conflict_handler='error', add_help=True)
status = 2
message = 'python -m pytest: error: unrecognized arguments: --span-head-init-digest --max-steps 2\n'

    def exit(self, status=0, message=None):
        if message:
            self._print_message(message, _sys.stderr)
>       _sys.exit(status)
E       SystemExit: 2

/opt/homebrew/Cellar/python@3.14/3.14.7/Frameworks/Python.framework/Versions/3.14/lib/python3.14/argparse.py:2772: SystemExit
----------------------------- Captured stderr call -----------------------------
usage: python -m pytest [-h] [--out OUT] [--passes PASSES]
                        [--seeds SEEDS [SEEDS ...]] [--prior-sd PRIOR_SD]
                        [--target-difference TARGET_DIFFERENCE]
                        [--span-weight SPAN_WEIGHT]
                        [--checkpoint-dir CHECKPOINT_DIR]
                        [--checkpoint-every CHECKPOINT_EVERY]
                        [--resume-from RESUME_FROM] [--hidden HIDDEN]
                        [--heads HEADS] [--lr LR] [--max-width MAX_WIDTH]
                        [--max-pairs MAX_PAIRS] [--no-repo-history]
                        [--rev REV] [--commitpackft COMMITPACKFT]
                        [--defect-class DEFECT_CLASS]
                        [--defect-download DEFECT_DOWNLOAD]
                        [--defect-max-rows DEFECT_MAX_ROWS]
                        [--defect-noul DEFECT_NOUL]
                        [--general-record GENERAL_RECORD]
                        [--general-max-rows GENERAL_MAX_ROWS]
                        [--replay-partition] [--epoch] [--no-memorise]
                        [--wall-clock-cap-s WALL_CLOCK_CAP_S]
                        [--batch-tokens BATCH_TOKENS] [--score-val]
                        [--score-checkpoint SCORE_CHECKPOINT [SCORE_CHECKPOINT ...]]
                        [--ft-ledger FT_LEDGER]
                        [--ft-row-id FT_ROW_ID [FT_ROW_ID ...]]
                        [--score-plan PLAN.json] [--composed-slice SLICE_OUT]
                        [--composed-slice-corpus COMPOSED_SLICE_CORPUS]
                        [--score-dtype {fp32,bf16}] [--needle] [--ood]
                        [--ood-general-record OOD_GENERAL_RECORD]
                        [--needle-predictions-out NEEDLE_PREDICTIONS_OUT]
                        [--needle-handoff NEEDLE_HANDOFF] [--ledger LEDGER]
                        [--optimizer {bf16,master}]
                        [--real-backbone REAL_BACKBONE]
                        [--devices {cpu,cuda,mps} [{cpu,cuda,mps} ...]]
                        [--instance INSTANCE] [--usd-per-hour USD_PER_HOUR]
                        [--usd-per-gpu-hour USD_PER_GPU_HOUR]
                        [--approved-by APPROVED_BY]
                        [--attn-implementation ATTN_IMPLEMENTATION]
                        [--deterministic] [--fused-adamw]
                        [--train-attention-mask {padding,none}]
                        [--checkpoint-skip-layers CHECKPOINT_SKIP_LAYERS]
                        [--lower-layers-n LOWER_LAYERS_N]
                        [--lower-layers-lr-scale LOWER_LAYERS_LR_SCALE]
                        [--beta2 BETA2]
                        [--option-permutation-seed OPTION_PERMUTATION_SEED]
                        [--tokenizer-json TOKENIZER_JSON]
                        [--replay-shards REPLAY_SHARDS]
                        [--replay-attestation REPLAY_ATTESTATION]
                        [--replay-cache REPLAY_CACHE]
                        [--replay-weight REPLAY_WEIGHT]
                        [--replay-every REPLAY_EVERY]
                        [--needle-control TOKENS,TOKENS,...]
                        [--suite-verdicts-out SUITE_VERDICTS_OUT]
                        [--suite-logits] [--verdicts-out VERDICTS_OUT]
                        [--shuffled-label EVAL_ROW_ID]
python -m pytest: error: unrecognized arguments: --span-head-init-digest --max-steps 2
_____ test_span_head_init_loads_the_file_into_the_head_the_optimizer_steps _____

corpus = Corpus(out=PosixPath('/private/var/folders/wl/qc_0nnp91cd5kfy179krkjxr0000gn/T/pytest-of-bharath/pytest-468/rungd-corp...private/var/folders/wl/qc_0nnp91cd5kfy179krkjxr0000gn/T/pytest-of-bharath/pytest-468/rungd-corpus0/tiny-snapshot-h64'))

    def test_span_head_init_loads_the_file_into_the_head_the_optimizer_steps(corpus):
        """Loaded in place after the optimizer exists: the head's fp32 parameters are their own
        masters (optim.py), so the copy is what the first step updates."""
>       init = rft.read_span_head_init(H64_FILE, H64_MANIFEST)
               ^^^^^^^^^^^^^^^^^^^^^^^
E       AttributeError: module 'real_ft_run' has no attribute 'read_span_head_init'

python/tests/test_real_ft_rungd_flags.py:541: AttributeError
________ test_span_head_init_end_to_end_records_the_file_in_the_recipe _________

corpus = Corpus(out=PosixPath('/private/var/folders/wl/qc_0nnp91cd5kfy179krkjxr0000gn/T/pytest-of-bharath/pytest-468/rungd-corp...private/var/folders/wl/qc_0nnp91cd5kfy179krkjxr0000gn/T/pytest-of-bharath/pytest-468/rungd-corpus0/tiny-snapshot-h64'))
tmp_path = PosixPath('/private/var/folders/wl/qc_0nnp91cd5kfy179krkjxr0000gn/T/pytest-of-bharath/pytest-468/test_span_head_init_end_to_end0')

    def test_span_head_init_end_to_end_records_the_file_in_the_recipe(corpus, tmp_path):
>       ft = _only(_run(
            corpus, tmp_path / "init.jsonl", "--span-head-init", str(H64_FILE),
            "--span-head-init-manifest", str(H64_MANIFEST), "--max-steps", "2", real=True, short=True,
        ), "ft")

python/tests/test_real_ft_rungd_flags.py:557: 
_ _ _ _ _ _ _ _ _ _ _ _ _ _ _ _ _ _ _ _ _ _ _ _ _ _ _ _ _ _ _ _ _ _ _ _ _ _ _ _ 
python/tests/test_real_ft_rungd_flags.py:210: in _run
    code = module.main(argv)
           ^^^^^^^^^^^^^^^^^
tools/real_ft_run.py:8719: in main
    args = parser.parse_args(argv)
           ^^^^^^^^^^^^^^^^^^^^^^^
/opt/homebrew/Cellar/python@3.14/3.14.7/Frameworks/Python.framework/Versions/3.14/lib/python3.14/argparse.py:2012: in parse_args
    self.error(msg)
/opt/homebrew/Cellar/python@3.14/3.14.7/Frameworks/Python.framework/Versions/3.14/lib/python3.14/argparse.py:2785: in error
    self.exit(2, _('%(prog)s: error: %(message)s\n') % args)
_ _ _ _ _ _ _ _ _ _ _ _ _ _ _ _ _ _ _ _ _ _ _ _ _ _ _ _ _ _ _ _ _ _ _ _ _ _ _ _ 

self = ArgumentParser(prog='python -m pytest', usage=None, description='Does ``train_ft`` train on a shard set that came out of the real pipeline?', formatter_class=<class 'argparse.HelpFormatter'>, conflict_handler='error', add_help=True)
status = 2
message = 'python -m pytest: error: unrecognized arguments: --span-head-init /Users/bharath/Code/research/Lappi-decision/.claude...orktrees/agent-af2fee24b0ffeacd5/crates/qd-train/tests/fixtures/span-head-init-seed0-h64.manifest.json --max-steps 2\n'

    def exit(self, status=0, message=None):
        if message:
            self._print_message(message, _sys.stderr)
>       _sys.exit(status)
E       SystemExit: 2

/opt/homebrew/Cellar/python@3.14/3.14.7/Frameworks/Python.framework/Versions/3.14/lib/python3.14/argparse.py:2772: SystemExit
----------------------------- Captured stderr call -----------------------------
usage: python -m pytest [-h] [--out OUT] [--passes PASSES]
                        [--seeds SEEDS [SEEDS ...]] [--prior-sd PRIOR_SD]
                        [--target-difference TARGET_DIFFERENCE]
                        [--span-weight SPAN_WEIGHT]
                        [--checkpoint-dir CHECKPOINT_DIR]
                        [--checkpoint-every CHECKPOINT_EVERY]
                        [--resume-from RESUME_FROM] [--hidden HIDDEN]
                        [--heads HEADS] [--lr LR] [--max-width MAX_WIDTH]
                        [--max-pairs MAX_PAIRS] [--no-repo-history]
                        [--rev REV] [--commitpackft COMMITPACKFT]
                        [--defect-class DEFECT_CLASS]
                        [--defect-download DEFECT_DOWNLOAD]
                        [--defect-max-rows DEFECT_MAX_ROWS]
                        [--defect-noul DEFECT_NOUL]
                        [--general-record GENERAL_RECORD]
                        [--general-max-rows GENERAL_MAX_ROWS]
                        [--replay-partition] [--epoch] [--no-memorise]
                        [--wall-clock-cap-s WALL_CLOCK_CAP_S]
                        [--batch-tokens BATCH_TOKENS] [--score-val]
                        [--score-checkpoint SCORE_CHECKPOINT [SCORE_CHECKPOINT ...]]
                        [--ft-ledger FT_LEDGER]
                        [--ft-row-id FT_ROW_ID [FT_ROW_ID ...]]
                        [--score-plan PLAN.json] [--composed-slice SLICE_OUT]
                        [--composed-slice-corpus COMPOSED_SLICE_CORPUS]
                        [--score-dtype {fp32,bf16}] [--needle] [--ood]
                        [--ood-general-record OOD_GENERAL_RECORD]
                        [--needle-predictions-out NEEDLE_PREDICTIONS_OUT]
                        [--needle-handoff NEEDLE_HANDOFF] [--ledger LEDGER]
                        [--optimizer {bf16,master}]
                        [--real-backbone REAL_BACKBONE]
                        [--devices {cpu,cuda,mps} [{cpu,cuda,mps} ...]]
                        [--instance INSTANCE] [--usd-per-hour USD_PER_HOUR]
                        [--usd-per-gpu-hour USD_PER_GPU_HOUR]
                        [--approved-by APPROVED_BY]
                        [--attn-implementation ATTN_IMPLEMENTATION]
                        [--deterministic] [--fused-adamw]
                        [--train-attention-mask {padding,none}]
                        [--checkpoint-skip-layers CHECKPOINT_SKIP_LAYERS]
                        [--lower-layers-n LOWER_LAYERS_N]
                        [--lower-layers-lr-scale LOWER_LAYERS_LR_SCALE]
                        [--beta2 BETA2]
                        [--option-permutation-seed OPTION_PERMUTATION_SEED]
                        [--tokenizer-json TOKENIZER_JSON]
                        [--replay-shards REPLAY_SHARDS]
                        [--replay-attestation REPLAY_ATTESTATION]
                        [--replay-cache REPLAY_CACHE]
                        [--replay-weight REPLAY_WEIGHT]
                        [--replay-every REPLAY_EVERY]
                        [--needle-control TOKENS,TOKENS,...]
                        [--suite-verdicts-out SUITE_VERDICTS_OUT]
                        [--suite-logits] [--verdicts-out VERDICTS_OUT]
                        [--shuffled-label EVAL_ROW_ID]
python -m pytest: error: unrecognized arguments: --span-head-init /Users/bharath/Code/research/Lappi-decision/.claude/worktrees/agent-af2fee24b0ffeacd5/crates/qd-train/tests/fixtures/span-head-init-seed0-h64.safetensors --span-head-init-manifest /Users/bharath/Code/research/Lappi-decision/.claude/worktrees/agent-af2fee24b0ffeacd5/crates/qd-train/tests/fixtures/span-head-init-seed0-h64.manifest.json --max-steps 2
_ test_a_span_head_init_that_does_not_match_its_manifest_is_refused[_flip_last_byte-None-sha256] _

tmp_path = PosixPath('/private/var/folders/wl/qc_0nnp91cd5kfy179krkjxr0000gn/T/pytest-of-bharath/pytest-468/test_a_span_head_init_that_doe0')
file = <function _flip_last_byte at 0x1123ea820>, edit = None, match = 'sha256'

    @pytest.mark.parametrize(
        ("file", "edit", "match"),
        [
            (_flip_last_byte, None, "sha256"),
            (None, lambda m: m["content_digest"].update(value="0" * 64), "content digest"),
            (None, lambda m: m["file"].update(sha256="0" * 64), "sha256"),
            (None, lambda m: m.pop("content_digest"), "content_digest"),
            (None, lambda m: m["construction"].update(seed=True), "seed"),
        ],
    )
    def test_a_span_head_init_that_does_not_match_its_manifest_is_refused(tmp_path, file, edit, match):
        data = H64_FILE.read_bytes()
        path, mpath = _tampered(tmp_path, file=None if file is None else file(data), edit=edit)
        with pytest.raises(SystemExit, match=match):
>           rft.read_span_head_init(path, mpath)
            ^^^^^^^^^^^^^^^^^^^^^^^
E           AttributeError: module 'real_ft_run' has no attribute 'read_span_head_init'

python/tests/test_real_ft_rungd_flags.py:598: AttributeError
_ test_a_span_head_init_that_does_not_match_its_manifest_is_refused[None-<lambda>-content digest] _

tmp_path = PosixPath('/private/var/folders/wl/qc_0nnp91cd5kfy179krkjxr0000gn/T/pytest-of-bharath/pytest-468/test_a_span_head_init_that_doe1')
file = None, edit = <function <lambda> at 0x1123ea8d0>, match = 'content digest'

    @pytest.mark.parametrize(
        ("file", "edit", "match"),
        [
            (_flip_last_byte, None, "sha256"),
            (None, lambda m: m["content_digest"].update(value="0" * 64), "content digest"),
            (None, lambda m: m["file"].update(sha256="0" * 64), "sha256"),
            (None, lambda m: m.pop("content_digest"), "content_digest"),
            (None, lambda m: m["construction"].update(seed=True), "seed"),
        ],
    )
    def test_a_span_head_init_that_does_not_match_its_manifest_is_refused(tmp_path, file, edit, match):
        data = H64_FILE.read_bytes()
        path, mpath = _tampered(tmp_path, file=None if file is None else file(data), edit=edit)
        with pytest.raises(SystemExit, match=match):
>           rft.read_span_head_init(path, mpath)
            ^^^^^^^^^^^^^^^^^^^^^^^
E           AttributeError: module 'real_ft_run' has no attribute 'read_span_head_init'

python/tests/test_real_ft_rungd_flags.py:598: AttributeError
_ test_a_span_head_init_that_does_not_match_its_manifest_is_refused[None-<lambda>-sha256] _

tmp_path = PosixPath('/private/var/folders/wl/qc_0nnp91cd5kfy179krkjxr0000gn/T/pytest-of-bharath/pytest-468/test_a_span_head_init_that_doe2')
file = None, edit = <function <lambda> at 0x1123ea980>, match = 'sha256'

    @pytest.mark.parametrize(
        ("file", "edit", "match"),
        [
            (_flip_last_byte, None, "sha256"),
            (None, lambda m: m["content_digest"].update(value="0" * 64), "content digest"),
            (None, lambda m: m["file"].update(sha256="0" * 64), "sha256"),
            (None, lambda m: m.pop("content_digest"), "content_digest"),
            (None, lambda m: m["construction"].update(seed=True), "seed"),
        ],
    )
    def test_a_span_head_init_that_does_not_match_its_manifest_is_refused(tmp_path, file, edit, match):
        data = H64_FILE.read_bytes()
        path, mpath = _tampered(tmp_path, file=None if file is None else file(data), edit=edit)
        with pytest.raises(SystemExit, match=match):
>           rft.read_span_head_init(path, mpath)
            ^^^^^^^^^^^^^^^^^^^^^^^
E           AttributeError: module 'real_ft_run' has no attribute 'read_span_head_init'

python/tests/test_real_ft_rungd_flags.py:598: AttributeError
_ test_a_span_head_init_that_does_not_match_its_manifest_is_refused[None-<lambda>-content_digest] _

tmp_path = PosixPath('/private/var/folders/wl/qc_0nnp91cd5kfy179krkjxr0000gn/T/pytest-of-bharath/pytest-468/test_a_span_head_init_that_doe3')
file = None, edit = <function <lambda> at 0x1123eaa30>, match = 'content_digest'

    @pytest.mark.parametrize(
        ("file", "edit", "match"),
        [
            (_flip_last_byte, None, "sha256"),
            (None, lambda m: m["content_digest"].update(value="0" * 64), "content digest"),
            (None, lambda m: m["file"].update(sha256="0" * 64), "sha256"),
            (None, lambda m: m.pop("content_digest"), "content_digest"),
            (None, lambda m: m["construction"].update(seed=True), "seed"),
        ],
    )
    def test_a_span_head_init_that_does_not_match_its_manifest_is_refused(tmp_path, file, edit, match):
        data = H64_FILE.read_bytes()
        path, mpath = _tampered(tmp_path, file=None if file is None else file(data), edit=edit)
        with pytest.raises(SystemExit, match=match):
>           rft.read_span_head_init(path, mpath)
            ^^^^^^^^^^^^^^^^^^^^^^^
E           AttributeError: module 'real_ft_run' has no attribute 'read_span_head_init'

python/tests/test_real_ft_rungd_flags.py:598: AttributeError
_ test_a_span_head_init_that_does_not_match_its_manifest_is_refused[None-<lambda>-seed] _

tmp_path = PosixPath('/private/var/folders/wl/qc_0nnp91cd5kfy179krkjxr0000gn/T/pytest-of-bharath/pytest-468/test_a_span_head_init_that_doe4')
file = None, edit = <function <lambda> at 0x1123eaae0>, match = 'seed'

    @pytest.mark.parametrize(
        ("file", "edit", "match"),
        [
            (_flip_last_byte, None, "sha256"),
            (None, lambda m: m["content_digest"].update(value="0" * 64), "content digest"),
            (None, lambda m: m["file"].update(sha256="0" * 64), "sha256"),
            (None, lambda m: m.pop("content_digest"), "content_digest"),
            (None, lambda m: m["construction"].update(seed=True), "seed"),
        ],
    )
    def test_a_span_head_init_that_does_not_match_its_manifest_is_refused(tmp_path, file, edit, match):
        data = H64_FILE.read_bytes()
        path, mpath = _tampered(tmp_path, file=None if file is None else file(data), edit=edit)
        with pytest.raises(SystemExit, match=match):
>           rft.read_span_head_init(path, mpath)
            ^^^^^^^^^^^^^^^^^^^^^^^
E           AttributeError: module 'real_ft_run' has no attribute 'read_span_head_init'

python/tests/test_real_ft_rungd_flags.py:598: AttributeError
_ test_a_file_whose_bytes_and_manifest_both_changed_still_fails_the_content_digest _

tmp_path = PosixPath('/private/var/folders/wl/qc_0nnp91cd5kfy179krkjxr0000gn/T/pytest-of-bharath/pytest-468/test_a_file_whose_bytes_and_ma0')

    def test_a_file_whose_bytes_and_manifest_both_changed_still_fails_the_content_digest(tmp_path):
        """sha256 over the bytes is updated to match a tampered file; the content digest, over
        the tensors, still names the head that was pre-registered."""
        tampered = _flip_last_byte(H64_FILE.read_bytes())
        path, mpath = _tampered(
            tmp_path, file=tampered,
            edit=lambda m: m["file"].update(sha256=hashlib.sha256(tampered).hexdigest()),
        )
        with pytest.raises(SystemExit, match="content digest"):
>           rft.read_span_head_init(path, mpath)
            ^^^^^^^^^^^^^^^^^^^^^^^
E           AttributeError: module 'real_ft_run' has no attribute 'read_span_head_init'

python/tests/test_real_ft_rungd_flags.py:610: AttributeError
________ test_a_span_head_init_for_another_seed_is_refused_at_argv_time ________

corpus = Corpus(out=PosixPath('/private/var/folders/wl/qc_0nnp91cd5kfy179krkjxr0000gn/T/pytest-of-bharath/pytest-468/rungd-corp...private/var/folders/wl/qc_0nnp91cd5kfy179krkjxr0000gn/T/pytest-of-bharath/pytest-468/rungd-corpus0/tiny-snapshot-h64'))
tmp_path = PosixPath('/private/var/folders/wl/qc_0nnp91cd5kfy179krkjxr0000gn/T/pytest-of-bharath/pytest-468/test_a_span_head_init_for_anot0')

    def test_a_span_head_init_for_another_seed_is_refused_at_argv_time(corpus, tmp_path):
        path, mpath = _tampered(tmp_path, edit=lambda m: m["construction"].update(seed=1))
>       with pytest.raises(SystemExit, match="seed"):
             ^^^^^^^^^^^^^^^^^^^^^^^^^^^^^^^^^^^^^^^
E       AssertionError: Regex pattern did not match.
E         Expected regex: 'seed'
E         Actual message: '2'

python/tests/test_real_ft_rungd_flags.py:615: AssertionError
----------------------------- Captured stderr call -----------------------------
usage: python -m pytest [-h] [--out OUT] [--passes PASSES]
                        [--seeds SEEDS [SEEDS ...]] [--prior-sd PRIOR_SD]
                        [--target-difference TARGET_DIFFERENCE]
                        [--span-weight SPAN_WEIGHT]
                        [--checkpoint-dir CHECKPOINT_DIR]
                        [--checkpoint-every CHECKPOINT_EVERY]
                        [--resume-from RESUME_FROM] [--hidden HIDDEN]
                        [--heads HEADS] [--lr LR] [--max-width MAX_WIDTH]
                        [--max-pairs MAX_PAIRS] [--no-repo-history]
                        [--rev REV] [--commitpackft COMMITPACKFT]
                        [--defect-class DEFECT_CLASS]
                        [--defect-download DEFECT_DOWNLOAD]
                        [--defect-max-rows DEFECT_MAX_ROWS]
                        [--defect-noul DEFECT_NOUL]
                        [--general-record GENERAL_RECORD]
                        [--general-max-rows GENERAL_MAX_ROWS]
                        [--replay-partition] [--epoch] [--no-memorise]
                        [--wall-clock-cap-s WALL_CLOCK_CAP_S]
                        [--batch-tokens BATCH_TOKENS] [--score-val]
                        [--score-checkpoint SCORE_CHECKPOINT [SCORE_CHECKPOINT ...]]
                        [--ft-ledger FT_LEDGER]
                        [--ft-row-id FT_ROW_ID [FT_ROW_ID ...]]
                        [--score-plan PLAN.json] [--composed-slice SLICE_OUT]
                        [--composed-slice-corpus COMPOSED_SLICE_CORPUS]
                        [--score-dtype {fp32,bf16}] [--needle] [--ood]
                        [--ood-general-record OOD_GENERAL_RECORD]
                        [--needle-predictions-out NEEDLE_PREDICTIONS_OUT]
                        [--needle-handoff NEEDLE_HANDOFF] [--ledger LEDGER]
                        [--optimizer {bf16,master}]
                        [--real-backbone REAL_BACKBONE]
                        [--devices {cpu,cuda,mps} [{cpu,cuda,mps} ...]]
                        [--instance INSTANCE] [--usd-per-hour USD_PER_HOUR]
                        [--usd-per-gpu-hour USD_PER_GPU_HOUR]
                        [--approved-by APPROVED_BY]
                        [--attn-implementation ATTN_IMPLEMENTATION]
                        [--deterministic] [--fused-adamw]
                        [--train-attention-mask {padding,none}]
                        [--checkpoint-skip-layers CHECKPOINT_SKIP_LAYERS]
                        [--lower-layers-n LOWER_LAYERS_N]
                        [--lower-layers-lr-scale LOWER_LAYERS_LR_SCALE]
                        [--beta2 BETA2]
                        [--option-permutation-seed OPTION_PERMUTATION_SEED]
                        [--tokenizer-json TOKENIZER_JSON]
                        [--replay-shards REPLAY_SHARDS]
                        [--replay-attestation REPLAY_ATTESTATION]
                        [--replay-cache REPLAY_CACHE]
                        [--replay-weight REPLAY_WEIGHT]
                        [--replay-every REPLAY_EVERY]
                        [--needle-control TOKENS,TOKENS,...]
                        [--suite-verdicts-out SUITE_VERDICTS_OUT]
                        [--suite-logits] [--verdicts-out VERDICTS_OUT]
                        [--shuffled-label EVAL_ROW_ID]
python -m pytest: error: unrecognized arguments: --span-head-init /private/var/folders/wl/qc_0nnp91cd5kfy179krkjxr0000gn/T/pytest-of-bharath/pytest-468/test_a_span_head_init_for_anot0/head.safetensors --span-head-init-manifest /private/var/folders/wl/qc_0nnp91cd5kfy179krkjxr0000gn/T/pytest-of-bharath/pytest-468/test_a_span_head_init_for_anot0/head.manifest.json
__________ test_a_span_head_init_for_another_width_is_refused_by_name __________

tmp_path = PosixPath('/private/var/folders/wl/qc_0nnp91cd5kfy179krkjxr0000gn/T/pytest-of-bharath/pytest-468/test_a_span_head_init_for_anot1')

    def test_a_span_head_init_for_another_width_is_refused_by_name(tmp_path):
        """The h64 file into a hidden-32 tower: refused with the shapes, before load_state_dict
        raises its own less specific error."""
        snapshot = tmp_path / "h32"
        tb._write_tiny_snapshot(snapshot, vocab=TINY_VOCAB, hidden=32)
        step = _step_for(snapshot, seed=0, hidden=32)
        with pytest.raises(SystemExit, match="shape"):
>           rft.load_span_head_init(step, rft.read_span_head_init(H64_FILE, H64_MANIFEST))
            ^^^^^^^^^^^^^^^^^^^^^^^
E           AttributeError: module 'real_ft_run' has no attribute 'load_span_head_init'

python/tests/test_real_ft_rungd_flags.py:627: AttributeError
________ test_the_2b_head_at_seed_0_is_the_pre_registered_h2048_fixture ________

tmp_path = PosixPath('/private/var/folders/wl/qc_0nnp91cd5kfy179krkjxr0000gn/T/pytest-of-bharath/pytest-468/test_the_2b_head_at_seed_0_is_0')

    @pytest.mark.skipif(
        not os.environ.get(H2048_ENV),
        reason=(
            f"opt-in: set {H2048_ENV} to L-oracle's span_head_init-seed0.safetensors (main checkout, "
            "data/checkpoints/span-head-init/, ignored). Builds a hidden-2048 stand-in tower on CPU"
        ),
    )
    def test_the_2b_head_at_seed_0_is_the_pre_registered_h2048_fixture(tmp_path):
        """Amendment 2 (iv): the torch arms build their head from seed 0 and record the digest;
        gate 0 compares it with the Rust trainer's. Built through QwenDecisionStep's own path at
        hidden 2048, as L-oracle's generator does, then the fallback file read and loaded."""
        from qd_train_oracle_span_head_init import STAND_IN_LAYERS, STAND_IN_PLAN
        from qd_train_oracle_tiny import make_step, write_snapshot
    
        snapshot = tmp_path / "snapshot-h2048"
        write_snapshot(snapshot, STAND_IN_LAYERS, 2048)
        _, step = make_step(
            snapshot=snapshot, layers=STAND_IN_LAYERS, dtype="bf16", plan=STAND_IN_PLAN, steps=1,
            lr=1e-5, seed=0, lower_layers_n=0, lower_lr_scale=1.0, hidden=2048,
        )
>       assert rft.span_head_digest(step) == H2048_DIGEST
               ^^^^^^^^^^^^^^^^^^^^
E       AttributeError: module 'real_ft_run' has no attribute 'span_head_digest'

python/tests/test_real_ft_rungd_flags.py:650: AttributeError
_________ test_every_tool_that_hashes_a_recipe_is_found_by_this_check __________

    def test_every_tool_that_hashes_a_recipe_is_found_by_this_check() -> None:
        """Scope first, and asserted, because everything below is vacuous without it.
    
        Six tools produce a `recipe_hash`. A seventh that this stopped finding would read
        exactly like a repository with six.
        """
        found = _recipe_hash_spellings()
>       assert set(found) == set(_SPELLINGS), (
            f"tools hashing a recipe: found {sorted(found)}, pinned {sorted(_SPELLINGS)}. A "
            "tool that appeared needs a spelling entry; one that vanished needs this list "
            "shortened deliberately"
        )
E       AssertionError: tools hashing a recipe: found ['calib_fit_row.py', 'ft_toy_run.py', 'gate_report_row.py', 'margin_probe_row.py', 'qd_train_oracle_trainer.py', 'real_ft_run.py', 'real_tokenizer_pipeline.py', 'remap_parity_real.py', 'rung0_linear_control.py', 'rung0_real_run.py', 'rung0_toy_run.py'], pinned ['calib_fit_row.py', 'ft_toy_run.py', 'gate_report_row.py', 'margin_probe_row.py', 'real_ft_run.py', 'real_tokenizer_pipeline.py', 'remap_parity_real.py', 'rung0_linear_control.py', 'rung0_real_run.py', 'rung0_toy_run.py']. A tool that appeared needs a spelling entry; one that vanished needs this list shortened deliberately
E       assert {'calib_fit_r..._run.py', ...} == {'calib_fit_r...line.py', ...}
E         
E         Extra items in the left set:
E         'qd_train_oracle_trainer.py'
E         Use -v to get more diff

python/tests/test_tool_call_sites.py:772: AssertionError
=============================== warnings summary ===============================
python/tests/test_real_ft_rungd_flags.py::test_max_steps_trains_the_first_n_batches_under_a_schedule_recomputed_at_n
  <frozen importlib._bootstrap>:491: DeprecationWarning: builtin type SwigPyPacked has no __module__ attribute

python/tests/test_real_ft_rungd_flags.py::test_max_steps_trains_the_first_n_batches_under_a_schedule_recomputed_at_n
  <frozen importlib._bootstrap>:491: DeprecationWarning: builtin type SwigPyObject has no __module__ attribute

-- Docs: https://docs.pytest.org/en/stable/how-to/capture-warnings.html
==================================== PASSES ====================================
____ test_with_every_new_flag_off_the_rows_are_the_base_commits[real-tiny] _____
----------------------------- Captured stdout call -----------------------------
val set: 16 sequences in 16 batches, remap 7aa0d64186acd624 (the train set's)
permutation second pass: not run -- no tokenizer.json: which token ids end an option line is a fact about the vocabulary, and without it the options cannot be moved
needle suite: not run -- --needle was not given
OOD suite: not run -- --ood was not given
shard set: /private/var/folders/wl/qc_0nnp91cd5kfy179krkjxr0000gn/T/pytest-of-bharath/pytest-468/rungd-corpus0/shards/train
  rows in -> out: 172 -> 172  (0 excluded)  tokens 143148  vocab 256
  choice  n= 172  len 435..437 (mean 436.6)  gold is noul: 0  rendered rows [5]
  span    n= 172  len 394..396 (mean 395.6)  gold is noul: 172  pointer-abstaining 43/172, candidates 1204
  letter rows whose gold is noul: 0 of 172
  prompt-identical rows: 0 of 344; of those, 0 rows in 0 groups carry DIFFERENT golds ({})
  letters -> post-remap ids: {'A': 65, 'B': 66, 'C': 67, 'D': 68, 'Z': 90}
  padding waste: 0 padding of 143148 positions (0.00%) over 344 sequences; gate is <= 15%. buckets=[394, 396, 435, 437]
  span_check: {"state": "not_run", "reason": "write_shards was called without decode=, so the 172 span sequence(s) here had their gold and candidate positions checked only against the offset map
  remap beside the shards: {"state": "ran", "passed": true, "value": "7aa0d64186acd624d5791460205f63855352fa4c589266b986e35fdfd90ee7df", "n": 256, "n_total": 256, "detail": "/private/var/folders/wl/qc_0nnp91
  epoch at batch_tokens=437: 344 batches, 172 carry a span row, 172 have no letter row; letter-channel chunks 172 live of 344
devices: ['cpu'] (from --devices; auto-detection skipped)

feasibility, one forward+backward per bucket width, in a subprocess:
  (a 128x4 stand-in, NOT the real tower: this establishes the device and the shape, not that the real model fits)
  cpu bucket 0 (1 x 394): ok 0.0s
  cpu bucket 1 (1 x 396): ok 0.0s
  cpu bucket 2 (1 x 435): ok 0.0s
  cpu bucket 3 (1 x 437): ok 0.0s

arm 2 plan: every real batch at most 5383 wide -> 344 of 344 batches, 344 of 344 sequences, slot kinds ['choice', 'span'] of ['choice', 'span']

arm 2: NOT RUN -- --no-memorise
  progress epoch cpu seed=0: step 1/344 elapsed 0s 0.26s/step 1516 pos/s eta 90s loss 7.1717
  cpu seed=0 val_top1.choice: {"state": "ran", "passed": false, "value": 0.375, "n": 3, "n_total": 8, "detail": "3 of 8 val choice rows (37.5%) decoded to the gold the way answer.rs decodes a Letters query, on rows this model never trained on; answering 'C' on every row, the val set's most common gold scores 3 of 8 (37.5%), a ga
  cpu seed=0 val_top1.score: {"state": "not_run", "reason": "the val set holds no score row to score"}
  cpu seed=0 val_top1.span: {"state": "ran", "passed": true, "value": 0.75, "n": 6, "n_total": 8, "detail": "6 of 8 val span rows (75.0%) decoded to the gold the way answer.rs decodes a pointer query, on rows this model never trained on; abstaining on every row scores 2 of 8 (25.0%), a gap of +50.0%"}
  cpu seed=0 ece: {"state": "not_run", "reason": "ece: 2 of 2 inputs did not run -> ece.choice.k4: ECE needs at least 100 examples to be meaningful; got 8. A binned calibration error over a small sample measures the binning.; ece.lang.python: ECE needs at least 100 examples to be meaningful; got 8. A binned calibrati
  cpu seed=0 degenerate_head: {"state": "ran", "passed": false, "n": 1, "n_total": 1, "detail": "degenerate_head: failing inputs: degenerate_head.choice.k4"}
  cpu seed=0 permutation_consistency: {"state": "not_run", "reason": "no tokenizer.json: which token ids end an option line is a fact about the vocabulary, and without it the options cannot be moved"}
  cpu seed=0 needle_hunk_recall: {"state": "not_run", "reason": "--needle was not given"}
  cpu seed=0 ood_abstain: {"state": "not_run", "reason": "--ood was not given"}
  score row 5d07b653-c3b7-4c09-a0d1-e59350862af4
arm1 cpu seed=0: 344 batches, 172 supervised tokens, 172 span rows, padding 0.000000, total 7.1717 -> 0.0019, 44.49s, termination steps_exhausted, ft row 45067dc7-afa4-4587-ba01-5b5c5ff7bcea
{
  "arm1": [
    {
      "attn_implementation": "sdpa",
      "backbone_params": 4000000,
      "backbone_snapshot": "tiny-snapshot-h64",
      "backbone_vocab": 256,
      "cost": "CostEstimate(usd_per_hour=0.0, cap=WallClockCap(cap_s=1800.0), n_gpus=0, instance='local-cpu', usd_per_gpu_hour=None)",
      "device": "cpu",
      "final": {
        "letter_floor_mean_per_batch": 0.0,
        "letter_floor_over_the_plan": 0.0,
        "letter_gap": 5.20616918386415,
        "letter_loss": 5.20616918386415,
        "letter_rows": 172,
        "per_batch": [
          {
            "batch": 0.0,
            "span": 0.0016674762591719627,
            "span_floor_in_batch": 0.0
          },
          {
            "batch": 1.0,
            "letter": 5.247912883758545,
            "letter_floor_in_batch": 0.0
          },
          {
            "batch": 2.0,
            "letter": 5.015699863433838,
            "letter_floor_in_batch": 0.0
          },
          {
            "batch": 3.0,
            "letter": 5.310996055603027,
            "letter_floor_in_batch": 0.0
          },
          {
            "batch": 4.0,
            "letter": 5.214422702789307,
            "letter_floor_in_batch": 0.0
          },
          {
            "batch": 5.0,
            "letter": 5.2147417068481445,
            "letter_floor_in_batch": 0.0
          },
          {
            "batch": 6.0,
            "span": 0.0018736390629783273,
            "span_floor_in_batch": 0.0
          },
          {
            "batch": 7.0,
            "letter": 5.216893196105957,
            "letter_floor_in_batch": 0.0
          },
          {
            "batch": 8.0,
            "span": 0.0016380809247493744,
            "span_floor_in_batch": 0.0
          },
          {
            "batch": 9.0,
            "span": 6.715332984924316,
            "span_floor_in_batch": 0.0
          },
          {
            "batch": 10.0,
            "letter": 5.2124714851379395,
            "letter_floor_in_batch": 0.0
          },
          {
            "batch": 11.0,
            "span": 0.0016640800749883056,
            "span_floor_in_batch": 0.0
          },
          {
            "batch": 12.0,
            "span": 6.749255180358887,
            "span_floor_in_batch": 0.0
          },
          {
            "batch": 13.0,
            "span": 0.0018095436971634626,
            "span_floor_in_batch": 0.0
          },
          {
            "batch": 14.0,
            "letter": 5.3120436668396,
            "letter_floor_in_batch": 0.0
          },
          {
            "batch": 15.0,
            "span": 0.001722858753055334,
            "span_floor_in_batch": 0.0
          },
          {
            "batch": 16.0,
            "span": 0.001764445099979639,
            "span_floor_in_batch": 0.0
          },
          {
            "batch": 17.0,
            "letter": 5.314061641693115,
            "letter_floor_in_batch": 0.0
          },
          {
            "batch": 18.0,
            "letter": 5.2461442947387695,
            "letter_floor_in_batch": 0.0
          },
          {
            "batch": 19.0,
            "letter": 5.315300941467285,
            "letter_floor_in_batch": 0.0
          },
          {
            "batch": 20.0,
            "span": 0.0017784475348889828,
            "span_floor_in_batch": 0.0
          },
          {
            "batch": 21.0,
            "letter": 5.314221382141113,
            "letter_floor_in_batch": 0.0
          },
          {
            "batch": 22.0,
            "span": 0.0016177805373445153,
            "span_floor_in_batch": 0.0
          },
          {
            "batch": 23.0,
            "letter": 5.218953609466553,
            "letter_floor_in_batch": 0.0
          },
          {
            "batch": 24.0,
            "span": 0.0016853280831128359,
            "span_floor_in_batch": 0.0
          },
          {
            "batch": 25.0,
            "span": 6.741178035736084,
            "span_floor_in_batch": 0.0
          },
          {
            "batch": 26.0,
            "letter": 5.313076496124268,
            "letter_floor_in_batch": 0.0
          },
          {
            "batch": 27.0,
            "span": 0.001701215747743845,
            "span_floor_in_batch": 0.0
          },
          {
            "batch": 28.0,
            "span": 0.0017838228959590197,
            "span_floor_in_batch": 0.0
          },
          {
            "batch": 29.0,
            "span": 0.001661559916101396,
            "span_floor_in_batch": 0.0
          },
          {
            "batch": 30.0,
            "letter": 5.314128875732422,
            "letter_floor_in_batch": 0.0
          },
          {
            "batch": 31.0,
            "letter": 5.246109962463379,
            "letter_floor_in_batch": 0.0
          },
          {
            "batch": 32.0,
            "span": 6.782671928405762,
            "span_floor_in_batch": 0.0
          },
          {
            "batch": 33.0,
            "letter": 5.214715480804443,
            "letter_floor_in_batch": 0.0
          },
          {
            "batch": 34.0,
            "span": 0.0018396135419607162,
            "span_floor_in_batch": 0.0
          },
          {
            "batch": 35.0,
            "letter": 5.249914169311523,
            "letter_floor_in_batch": 0.0
          },
          {
            "batch": 36.0,
            "letter": 5.3104023933410645,
            "letter_floor_in_batch": 0.0
          },
          {
            "batch": 37.0,
            "span": 6.71650505065918,
            "span_floor_in_batch": 0.0
          },
          {
            "batch": 38.0,
            "letter": 5.015603542327881,
            "letter_floor_in_batch": 0.0
          },
          {
            "batch": 39.0,
            "letter": 5.208288669586182,
            "letter_floor_in_batch": 0.0
          },
          {
            "batch": 40.0,
            "letter": 5.015271186828613,
            "letter_floor_in_batch": 0.0
          },
          {
            "batch": 41.0,
            "span": 0.0017447081627324224,
            "span_floor_in_batch": 0.0
          },
          {
            "batch": 42.0,
            "letter": 5.245894432067871,
            "letter_floor_in_batch": 0.0
          },
          {
            "batch": 43.0,
            "letter": 5.246148109436035,
            "letter_floor_in_batch": 0.0
          },
          {
            "batch": 44.0,
            "letter": 5.019421100616455,
            "letter_floor_in_batch": 0.0
          },
          {
            "batch": 45.0,
            "letter": 5.314048767089844,
            "letter_floor_in_batch": 0.0
          },
          {
            "batch": 46.0,
            "letter": 5.313213348388672,
            "letter_floor_in_batch": 0.0
          },
          {
            "batch": 47.0,
            "letter": 5.316318988800049,
            "letter_floor_in_batch": 0.0
          },
          {
            "batch": 48.0,
            "letter": 5.24594783782959,
            "letter_floor_in_batch": 0.0
          },
          {
            "batch": 49.0,
            "letter": 5.0153093338012695,
            "letter_floor_in_batch": 0.0
          },
          {
            "batch": 50.0,
            "letter": 5.316386699676514,
            "letter_floor_in_batch": 0.0
          },
          {
            "batch": 51.0,
            "letter": 5.212565898895264,
            "letter_floor_in_batch": 0.0
          },
          {
            "batch": 52.0,
            "span": 6.785146713256836,
            "span_floor_in_batch": 0.0
          },
          {
            "batch": 53.0,
            "span": 0.0017659392906352878,
            "span_floor_in_batch": 0.0
          },
          {
            "batch": 54.0,
            "span": 0.0017581472638994455,
            "span_floor_in_batch": 0.0
          },
          {
            "batch": 55.0,
            "span": 6.728804588317871,
            "span_floor_in_batch": 0.0
          },
          {
            "batch": 56.0,
            "letter": 5.253497123718262,
            "letter_floor_in_batch": 0.0
          },
          {
            "batch": 57.0,
            "span": 0.001711663673631847,
            "span_floor_in_batch": 0.0
          },
          {
            "batch": 58.0,
            "letter": 5.015459060668945,
            "letter_floor_in_batch": 0.0
          },
          {
            "batch": 59.0,
            "letter": 5.315189361572266,
            "letter_floor_in_batch": 0.0
          },
          {
            "batch": 60.0,
            "letter": 5.214684963226318,
            "letter_floor_in_batch": 0.0
          },
          {
            "batch": 61.0,
            "span": 6.73844575881958,
            "span_floor_in_batch": 0.0
          },
          {
            "batch": 62.0,
            "letter": 5.0155253410339355,
            "letter_floor_in_batch": 0.0
          },
          {
            "batch": 63.0,
            "letter": 5.255237579345703,
            "letter_floor_in_batch": 0.0
          },
          {
            "batch": 64.0,
            "span": 0.0017515519866719842,
            "span_floor_in_batch": 0.0
          },
          {
            "batch": 65.0,
            "letter": 5.20636510848999,
            "letter_floor_in_batch": 0.0
          },
          {
            "batch": 66.0,
            "span": 0.00166670186445117,
            "span_floor_in_batch": 0.0
          },
          {
            "batch": 67.0,
            "span": 0.0017368597909808159,
            "span_floor_in_batch": 0.0
          },
          {
            "batch": 68.0,
            "letter": 5.317379474639893,
            "letter_floor_in_batch": 0.0
          },
          {
            "batch": 69.0,
            "letter": 5.249671459197998,
            "letter_floor_in_batch": 0.0
          },
          {
            "batch": 70.0,
            "span": 0.0016549827996641397,
            "span_floor_in_batch": 0.0
          },
          {
            "batch": 71.0,
            "span": 0.0016317109111696482,
            "span_floor_in_batch": 0.0
          },
          {
            "batch": 72.0,
            "span": 0.0017694630660116673,
            "span_floor_in_batch": 0.0
          },
          {
            "batch": 73.0,
            "letter": 5.011494159698486,
            "letter_floor_in_batch": 0.0
          },
          {
            "batch": 74.0,
            "span": 0.0018617454916238785,
            "span_floor_in_batch": 0.0
          },
          {
            "batch": 75.0,
            "span": 0.001690440345555544,
            "span_floor_in_batch": 0.0
          },
          {
            "batch": 76.0,
            "span": 0.0017542792484164238,
            "span_floor_in_batch": 0.0
          },
          {
            "batch": 77.0,
            "span": 0.0018784025451168418,
            "span_floor_in_batch": 0.0
          },
          {
            "batch": 78.0,
            "span": 0.0018153758719563484,
            "span_floor_in_batch": 0.0
          },
          {
            "batch": 79.0,
            "span": 6.727229118347168,
            "span_floor_in_batch": 0.0
          },
          {
            "batch": 80.0,
            "letter": 5.011326789855957,
            "letter_floor_in_batch": 0.0
          },
          {
            "batch": 81.0,
            "letter": 5.015570640563965,
            "letter_floor_in_batch": 0.0
          },
          {
            "batch": 82.0,
            "letter": 5.015544414520264,
            "letter_floor_in_batch": 0.0
          },
          {
            "batch": 83.0,
            "letter": 5.212271213531494,
            "letter_floor_in_batch": 0.0
          },
          {
            "batch": 84.0,
            "span": 0.001726622460409999,
            "span_floor_in_batch": 0.0
          },
          {
            "batch": 85.0,
            "letter": 5.255161762237549,
            "letter_floor_in_batch": 0.0
          },
          {
            "batch": 86.0,
            "span": 6.674813747406006,
            "span_floor_in_batch": 0.0
          },
          {
            "batch": 87.0,
            "letter": 5.210481643676758,
            "letter_floor_in_batch": 0.0
          },
          {
            "batch": 88.0,
            "span": 0.0018165871733799577,
            "span_floor_in_batch": 0.0
          },
          {
            "batch": 89.0,
            "span": 6.716241836547852,
            "span_floor_in_batch": 0.0
          },
          {
            "batch": 90.0,
            "letter": 5.253461837768555,
            "letter_floor_in_batch": 0.0
          },
          {
            "batch": 91.0,
            "letter": 5.249649524688721,
            "letter_floor_in_batch": 0.0
          },
          {
            "batch": 92.0,
            "letter": 5.015627384185791,
            "letter_floor_in_batch": 0.0
          },
          {
            "batch": 93.0,
            "span": 6.7389068603515625,
            "span_floor_in_batch": 0.0
          },
          {
            "batch": 94.0,
            "span": 0.0016809275839477777,
            "span_floor_in_batch": 0.0
          },
          {
            "batch": 95.0,
            "letter": 5.216599464416504,
            "letter_floor_in_batch": 0.0
          },
          {
            "batch": 96.0,
            "span": 0.0018920255824923515,
            "span_floor_in_batch": 0.0
          },
          {
            "batch": 97.0,
            "span": 0.001698882319033146,
            "span_floor_in_batch": 0.0
          },
          {
            "batch": 98.0,
            "span": 0.0017320329789072275,
            "span_floor_in_batch": 0.0
          },
          {
            "batch": 99.0,
            "letter": 5.216506481170654,
            "letter_floor_in_batch": 0.0
          },
          {
            "batch": 100.0,
            "letter": 5.2169318199157715,
            "letter_floor_in_batch": 0.0
          },
          {
            "batch": 101.0,
            "span": 0.0019158716313540936,
            "span_floor_in_batch": 0.0
          },
          {
            "batch": 102.0,
            "span": 6.69742488861084,
            "span_floor_in_batch": 0.0
          },
          {
            "batch": 103.0,
            "span": 0.0017287058290094137,
            "span_floor_in_batch": 0.0
          },
          {
            "batch": 104.0,
            "letter": 5.318198204040527,
            "letter_floor_in_batch": 0.0
          },
          {
            "batch": 105.0,
            "letter": 5.011904239654541,
            "letter_floor_in_batch": 0.0
          },
          {
            "batch": 106.0,
            "letter": 5.247909069061279,
            "letter_floor_in_batch": 0.0
          },
          {
            "batch": 107.0,
            "letter": 5.249863147735596,
            "letter_floor_in_batch": 0.0
          },
          {
            "batch": 108.0,
            "span": 0.002025280613452196,
            "span_floor_in_batch": 0.0
          },
          {
            "batch": 109.0,
            "span": 0.0018121195025742054,
            "span_floor_in_batch": 0.0
          },
          {
            "batch": 110.0,
            "span": 0.001602125819772482,
            "span_floor_in_batch": 0.0
          },
          {
            "batch": 111.0,
            "span": 0.0018785222200676799,
            "span_floor_in_batch": 0.0
          },
          {
            "batch": 112.0,
            "letter": 5.21445369720459,
            "letter_floor_in_batch": 0.0
          },
          {
            "batch": 113.0,
            "letter": 5.01132345199585,
            "letter_floor_in_batch": 0.0
          },
          {
            "batch": 114.0,
            "letter": 5.247891902923584,
            "letter_floor_in_batch": 0.0
          },
          {
            "batch": 115.0,
            "span": 0.0018272977322340012,
            "span_floor_in_batch": 0.0
          },
          {
            "batch": 116.0,
            "letter": 5.208495140075684,
            "letter_floor_in_batch": 0.0
          },
          {
            "batch": 117.0,
            "span": 0.0017688110237941146,
            "span_floor_in_batch": 0.0
          },
          {
            "batch": 118.0,
            "span": 6.650594711303711,
            "span_floor_in_batch": 0.0
          },
          {
            "batch": 119.0,
            "letter": 5.015330791473389,
            "letter_floor_in_batch": 0.0
          },
          {
            "batch": 120.0,
            "span": 0.0017203749157488346,
            "span_floor_in_batch": 0.0
          },
          {
            "batch": 121.0,
            "span": 6.726197242736816,
            "span_floor_in_batch": 0.0
          },
          {
            "batch": 122.0,
            "span": 0.0017848145216703415,
            "span_floor_in_batch": 0.0
          },
          {
            "batch": 123.0,
            "letter": 5.246072769165039,
            "letter_floor_in_batch": 0.0
          },
          {
            "batch": 124.0,
            "letter": 5.247840404510498,
            "letter_floor_in_batch": 0.0
          },
          {
            "batch": 125.0,
            "span": 0.0017392041627317667,
            "span_floor_in_batch": 0.0
          },
          {
            "batch": 126.0,
            "letter": 5.249887466430664,
            "letter_floor_in_batch": 0.0
          },
          {
            "batch": 127.0,
            "letter": 5.212222099304199,
            "letter_floor_in_batch": 0.0
          },
          {
            "batch": 128.0,
            "letter": 5.01520299911499,
            "letter_floor_in_batch": 0.0
          },
          {
            "batch": 129.0,
            "letter": 5.249856472015381,
            "letter_floor_in_batch": 0.0
          },
          {
            "batch": 130.0,
            "letter": 5.251674652099609,
            "letter_floor_in_batch": 0.0
          },
          {
            "batch": 131.0,
            "letter": 5.011114597320557,
            "letter_floor_in_batch": 0.0
          },
          {
            "batch": 132.0,
            "span": 0.0017150216735899448,
            "span_floor_in_batch": 0.0
          },
          {
            "batch": 133.0,
            "letter": 5.314492702484131,
            "letter_floor_in_batch": 0.0
          },
          {
            "batch": 134.0,
            "span": 6.726236343383789,
            "span_floor_in_batch": 0.0
          },
          {
            "batch": 135.0,
            "span": 6.693398475646973,
            "span_floor_in_batch": 0.0
          },
          {
            "batch": 136.0,
            "letter": 5.2478556632995605,
            "letter_floor_in_batch": 0.0
          },
          {
            "batch": 137.0,
            "span": 0.0016364131588488817,
            "span_floor_in_batch": 0.0
          },
          {
            "batch": 138.0,
            "letter": 5.212646484375,
            "letter_floor_in_batch": 0.0
          },
          {
            "batch": 139.0,
            "span": 6.738025665283203,
            "span_floor_in_batch": 0.0
          },
          {
            "batch": 140.0,
            "span": 0.0017568472540006042,
            "span_floor_in_batch": 0.0
          },
          {
            "batch": 141.0,
            "span": 0.001686994917690754,
            "span_floor_in_batch": 0.0
          },
          {
            "batch": 142.0,
            "letter": 5.212448596954346,
            "letter_floor_in_batch": 0.0
          },
          {
            "batch": 143.0,
            "letter": 5.251523494720459,
            "letter_floor_in_batch": 0.0
          },
          {
            "batch": 144.0,
            "span": 0.0017585777677595615,
            "span_floor_in_batch": 0.0
          },
          {
            "batch": 145.0,
            "letter": 5.216849327087402,
            "letter_floor_in_batch": 0.0
          },
          {
            "batch": 146.0,
            "letter": 5.314418315887451,
            "letter_floor_in_batch": 0.0
          },
          {
            "batch": 147.0,
            "span": 0.0016871753614395857,
            "span_floor_in_batch": 0.0
          },
          {
            "batch": 148.0,
            "span": 6.669009208679199,
            "span_floor_in_batch": 0.0
          },
          {
            "batch": 149.0,
            "span": 6.776305198669434,
            "span_floor_in_batch": 0.0
          },
          {
            "batch": 150.0,
            "letter": 5.212808132171631,
            "letter_floor_in_batch": 0.0
          },
          {
            "batch": 151.0,
            "span": 0.0017882374813780189,
            "span_floor_in_batch": 0.0
          },
          {
            "batch": 152.0,
            "span": 6.743566513061523,
            "span_floor_in_batch": 0.0
          },
          {
            "batch": 153.0,
            "letter": 5.216529846191406,
            "letter_floor_in_batch": 0.0
          },
          {
            "batch": 154.0,
            "span": 0.00167366792447865,
            "span_floor_in_batch": 0.0
          },
          {
            "batch": 155.0,
            "letter": 5.315413475036621,
            "letter_floor_in_batch": 0.0
          },
          {
            "batch": 156.0,
            "letter": 5.314063549041748,
            "letter_floor_in_batch": 0.0
          },
          {
            "batch": 157.0,
            "span": 6.704767227172852,
            "span_floor_in_batch": 0.0
          },
          {
            "batch": 158.0,
            "span": 0.0018637592438608408,
            "span_floor_in_batch": 0.0
          },
          {
            "batch": 159.0,
            "letter": 5.316410541534424,
            "letter_floor_in_batch": 0.0
          },
          {
            "batch": 160.0,
            "span": 0.0018694796599447727,
            "span_floor_in_batch": 0.0
          },
          {
            "batch": 161.0,
            "span": 6.763261795043945,
            "span_floor_in_batch": 0.0
          },
          {
            "batch": 162.0,
            "letter": 5.313185214996338,
            "letter_floor_in_batch": 0.0
          },
          {
            "batch": 163.0,
            "letter": 5.0154523849487305,
            "letter_floor_in_batch": 0.0
          },
          {
            "batch": 164.0,
            "span": 0.0017179979477077723,
            "span_floor_in_batch": 0.0
          },
          {
            "batch": 165.0,
            "span": 0.0017685722559690475,
            "span_floor_in_batch": 0.0
          },
          {
            "batch": 166.0,
            "span": 0.0017726791556924582,
            "span_floor_in_batch": 0.0
          },
          {
            "batch": 167.0,
            "letter": 5.248000621795654,
            "letter_floor_in_batch": 0.0
          },
          {
            "batch": 168.0,
            "letter": 5.247859477996826,
            "letter_floor_in_batch": 0.0
          },
          {
            "batch": 169.0,
            "span": 0.0017272179247811437,
            "span_floor_in_batch": 0.0
          },
          {
            "batch": 170.0,
            "letter": 5.315081596374512,
            "letter_floor_in_batch": 0.0
          },
          {
            "batch": 171.0,
            "span": 0.0017402346711605787,
            "span_floor_in_batch": 0.0
          },
          {
            "batch": 172.0,
            "letter": 5.31205940246582,
            "letter_floor_in_batch": 0.0
          },
          {
            "batch": 173.0,
            "letter": 5.251607894897461,
            "letter_floor_in_batch": 0.0
          },
          {
            "batch": 174.0,
            "letter": 5.313485622406006,
            "letter_floor_in_batch": 0.0
          },
          {
            "batch": 175.0,
            "span": 6.675951957702637,
            "span_floor_in_batch": 0.0
          },
          {
            "batch": 176.0,
            "letter": 5.21256685256958,
            "letter_floor_in_batch": 0.0
          },
          {
            "batch": 177.0,
            "span": 0.0018091276288032532,
            "span_floor_in_batch": 0.0
          },
          {
            "batch": 178.0,
            "letter": 5.31407356262207,
            "letter_floor_in_batch": 0.0
          },
          {
            "batch": 179.0,
            "letter": 5.015341281890869,
            "letter_floor_in_batch": 0.0
          },
          {
            "batch": 180.0,
            "span": 6.751443862915039,
            "span_floor_in_batch": 0.0
          },
          {
            "batch": 181.0,
            "span": 0.0016771776136010885,
            "span_floor_in_batch": 0.0
          },
          {
            "batch": 182.0,
            "letter": 5.320095539093018,
            "letter_floor_in_batch": 0.0
          },
          {
            "batch": 183.0,
            "span": 0.0017131625209003687,
            "span_floor_in_batch": 0.0
          },
          {
            "batch": 184.0,
            "letter": 5.318294048309326,
            "letter_floor_in_batch": 0.0
          },
          {
            "batch": 185.0,
            "span": 6.656529426574707,
            "span_floor_in_batch": 0.0
          },
          {
            "batch": 186.0,
            "letter": 5.251561164855957,
            "letter_floor_in_batch": 0.0
          },
          {
            "batch": 187.0,
            "letter": 5.31742000579834,
            "letter_floor_in_batch": 0.0
          },
          {
            "batch": 188.0,
            "span": 6.684185981750488,
            "span_floor_in_batch": 0.0
          },
          {
            "batch": 189.0,
            "span": 0.001759049016982317,
            "span_floor_in_batch": 0.0
          },
          {
            "batch": 190.0,
            "span": 6.7439985275268555,
            "span_floor_in_batch": 0.0
          },
          {
            "batch": 191.0,
            "span": 0.001685446361079812,
            "span_floor_in_batch": 0.0
          },
          {
            "batch": 192.0,
            "span": 0.0018150157993659377,
            "span_floor_in_batch": 0.0
          },
          {
            "batch": 193.0,
            "span": 0.0018738792277872562,
            "span_floor_in_batch": 0.0
          },
          {
            "batch": 194.0,
            "span": 0.0017842811066657305,
            "span_floor_in_batch": 0.0
          },
          {
            "batch": 195.0,
            "letter": 5.210510730743408,
            "letter_floor_in_batch": 0.0
          },
          {
            "batch": 196.0,
            "span": 6.686114311218262,
            "span_floor_in_batch": 0.0
          },
          {
            "batch": 197.0,
            "span": 6.71385383605957,
            "span_floor_in_batch": 0.0
          },
          {
            "batch": 198.0,
            "letter": 5.312244892120361,
            "letter_floor_in_batch": 0.0
          },
          {
            "batch": 199.0,
            "span": 0.001971266698092222,
            "span_floor_in_batch": 0.0
          },
          {
            "batch": 200.0,
            "span": 0.0018112808465957642,
            "span_floor_in_batch": 0.0
          },
          {
            "batch": 201.0,
            "letter": 5.214727401733398,
            "letter_floor_in_batch": 0.0
          },
          {
            "batch": 202.0,
            "span": 0.0017357650212943554,
            "span_floor_in_batch": 0.0
          },
          {
            "batch": 203.0,
            "span": 0.0017755352891981602,
            "span_floor_in_batch": 0.0
          },
          {
            "batch": 204.0,
            "span": 0.0016133077442646027,
            "span_floor_in_batch": 0.0
          },
          {
            "batch": 205.0,
            "letter": 5.015393257141113,
            "letter_floor_in_batch": 0.0
          },
          {
            "batch": 206.0,
            "letter": 5.315485954284668,
            "letter_floor_in_batch": 0.0
          },
          {
            "batch": 207.0,
            "span": 0.001863099867478013,
            "span_floor_in_batch": 0.0
          },
          {
            "batch": 208.0,
            "letter": 5.314076900482178,
            "letter_floor_in_batch": 0.0
          },
          {
            "batch": 209.0,
            "span": 6.686700820922852,
            "span_floor_in_batch": 0.0
          },
          {
            "batch": 210.0,
            "span": 0.001837351475842297,
            "span_floor_in_batch": 0.0
          },
          {
            "batch": 211.0,
            "letter": 5.011721611022949,
            "letter_floor_in_batch": 0.0
          },
          {
            "batch": 212.0,
            "span": 0.0016814033733680844,
            "span_floor_in_batch": 0.0
          },
          {
            "batch": 213.0,
            "letter": 5.314248085021973,
            "letter_floor_in_batch": 0.0
          },
          {
            "batch": 214.0,
            "letter": 5.31511116027832,
            "letter_floor_in_batch": 0.0
          },
          {
            "batch": 215.0,
            "span": 0.0017641534795984626,
            "span_floor_in_batch": 0.0
          },
          {
            "batch": 216.0,
            "letter": 5.214747905731201,
            "letter_floor_in_batch": 0.0
          },
          {
            "batch": 217.0,
            "span": 6.736001014709473,
            "span_floor_in_batch": 0.0
          },
          {
            "batch": 218.0,
            "letter": 5.248020172119141,
            "letter_floor_in_batch": 0.0
          },
          {
            "batch": 219.0,
            "span": 0.0016136136837303638,
            "span_floor_in_batch": 0.0
          },
          {
            "batch": 220.0,
            "span": 0.0017805329989641905,
            "span_floor_in_batch": 0.0
          },
          {
            "batch": 221.0,
            "letter": 5.015108585357666,
            "letter_floor_in_batch": 0.0
          },
          {
            "batch": 222.0,
            "span": 6.7456254959106445,
            "span_floor_in_batch": 0.0
          },
          {
            "batch": 223.0,
            "letter": 5.316201686859131,
            "letter_floor_in_batch": 0.0
          },
          {
            "batch": 224.0,
            "span": 0.001640457659959793,
            "span_floor_in_batch": 0.0
          },
          {
            "batch": 225.0,
            "span": 0.001702992245554924,
            "span_floor_in_batch": 0.0
          },
          {
            "batch": 226.0,
            "letter": 5.3142266273498535,
            "letter_floor_in_batch": 0.0
          },
          {
            "batch": 227.0,
            "span": 0.0017714891582727432,
            "span_floor_in_batch": 0.0
          },
          {
            "batch": 228.0,
            "letter": 5.25146484375,
            "letter_floor_in_batch": 0.0
          },
          {
            "batch": 229.0,
            "span": 0.0017361228819936514,
            "span_floor_in_batch": 0.0
          },
          {
            "batch": 230.0,
            "span": 6.665742874145508,
            "span_floor_in_batch": 0.0
          },
          {
            "batch": 231.0,
            "span": 0.001762088155373931,
            "span_floor_in_batch": 0.0
          },
          {
            "batch": 232.0,
            "letter": 5.214764595031738,
            "letter_floor_in_batch": 0.0
          },
          {
            "batch": 233.0,
            "span": 6.695623397827148,
            "span_floor_in_batch": 0.0
          },
          {
            "batch": 234.0,
            "letter": 5.313399791717529,
            "letter_floor_in_batch": 0.0
          },
          {
            "batch": 235.0,
            "letter": 5.01556921005249,
            "letter_floor_in_batch": 0.0
          },
          {
            "batch": 236.0,
            "span": 6.619410991668701,
            "span_floor_in_batch": 0.0
          },
          {
            "batch": 237.0,
            "letter": 5.315978050231934,
            "letter_floor_in_batch": 0.0
          },
          {
            "batch": 238.0,
            "letter": 5.210341453552246,
            "letter_floor_in_batch": 0.0
          },
          {
            "batch": 239.0,
            "span": 0.0017434584442526102,
            "span_floor_in_batch": 0.0
          },
          {
            "batch": 240.0,
            "letter": 5.214673042297363,
            "letter_floor_in_batch": 0.0
          },
          {
            "batch": 241.0,
            "letter": 5.011634826660156,
            "letter_floor_in_batch": 0.0
          },
          {
            "batch": 242.0,
            "span": 6.669893264770508,
            "span_floor_in_batch": 0.0
          },
          {
            "batch": 243.0,
            "letter": 5.2144598960876465,
            "letter_floor_in_batch": 0.0
          },
          {
            "batch": 244.0,
            "span": 0.0017326951492577791,
            "span_floor_in_batch": 0.0
          },
          {
            "batch": 245.0,
            "span": 6.768271446228027,
            "span_floor_in_batch": 0.0
          },
          {
            "batch": 246.0,
            "span": 0.001712523982860148,
            "span_floor_in_batch": 0.0
          },
          {
            "batch": 247.0,
            "letter": 5.318295955657959,
            "letter_floor_in_batch": 0.0
          },
          {
            "batch": 248.0,
            "letter": 5.2125678062438965,
            "letter_floor_in_batch": 0.0
          },
          {
            "batch": 249.0,
            "span": 0.0018286006525158882,
            "span_floor_in_batch": 0.0
          },
          {
            "batch": 250.0,
            "letter": 5.251731872558594,
            "letter_floor_in_batch": 0.0
          },
          {
            "batch": 251.0,
            "letter": 5.011610984802246,
            "letter_floor_in_batch": 0.0
          },
          {
            "batch": 252.0,
            "span": 0.0017431613523513079,
            "span_floor_in_batch": 0.0
          },
          {
            "batch": 253.0,
            "letter": 5.212374687194824,
            "letter_floor_in_batch": 0.0
          },
          {
            "batch": 254.0,
            "span": 0.0018068659119307995,
            "span_floor_in_batch": 0.0
          },
          {
            "batch": 255.0,
            "letter": 5.018948554992676,
            "letter_floor_in_batch": 0.0
          },
          {
            "batch": 256.0,
            "letter": 5.249794006347656,
            "letter_floor_in_batch": 0.0
          },
          {
            "batch": 257.0,
            "span": 0.0016786931082606316,
            "span_floor_in_batch": 0.0
          },
          {
            "batch": 258.0,
            "letter": 5.247762203216553,
            "letter_floor_in_batch": 0.0
          },
          {
            "batch": 259.0,
            "span": 0.001744175679050386,
            "span_floor_in_batch": 0.0
          },
          {
            "batch": 260.0,
            "letter": 5.249631881713867,
            "letter_floor_in_batch": 0.0
          },
          {
            "batch": 261.0,
            "letter": 5.0155534744262695,
            "letter_floor_in_batch": 0.0
          },
          {
            "batch": 262.0,
            "letter": 5.216845512390137,
            "letter_floor_in_batch": 0.0
          },
          {
            "batch": 263.0,
            "span": 0.0017423341050744057,
            "span_floor_in_batch": 0.0
          },
          {
            "batch": 264.0,
            "span": 0.001725602662190795,
            "span_floor_in_batch": 0.0
          },
          {
            "batch": 265.0,
            "letter": 5.019433498382568,
            "letter_floor_in_batch": 0.0
          },
          {
            "batch": 266.0,
            "letter": 5.312264442443848,
            "letter_floor_in_batch": 0.0
          },
          {
            "batch": 267.0,
            "span": 0.0017415591282770038,
            "span_floor_in_batch": 0.0
          },
          {
            "batch": 268.0,
            "letter": 5.015071868896484,
            "letter_floor_in_batch": 0.0
          },
          {
            "batch": 269.0,
            "span": 0.00177249894477427,
            "span_floor_in_batch": 0.0
          },
          {
            "batch": 270.0,
            "span": 0.0017241269815713167,
            "span_floor_in_batch": 0.0
          },
          {
            "batch": 271.0,
            "letter": 5.2496490478515625,
            "letter_floor_in_batch": 0.0
          },
          {
            "batch": 272.0,
            "letter": 5.015467166900635,
            "letter_floor_in_batch": 0.0
          },
          {
            "batch": 273.0,
            "span": 0.0016737101832404733,
            "span_floor_in_batch": 0.0
          },
          {
            "batch": 274.0,
            "span": 0.0017798785120248795,
            "span_floor_in_batch": 0.0
          },
          {
            "batch": 275.0,
            "letter": 5.246013641357422,
            "letter_floor_in_batch": 0.0
          },
          {
            "batch": 276.0,
            "letter": 5.31521463394165,
            "letter_floor_in_batch": 0.0
          },
          {
            "batch": 277.0,
            "letter": 5.3151750564575195,
            "letter_floor_in_batch": 0.0
          },
          {
            "batch": 278.0,
            "span": 0.0017929853638634086,
            "span_floor_in_batch": 0.0
          },
          {
            "batch": 279.0,
            "span": 0.0017434048932045698,
            "span_floor_in_batch": 0.0
          },
          {
            "batch": 280.0,
            "letter": 5.3133625984191895,
            "letter_floor_in_batch": 0.0
          },
          {
            "batch": 281.0,
            "letter": 5.245964527130127,
            "letter_floor_in_batch": 0.0
          },
          {
            "batch": 282.0,
            "span": 0.0017453688196837902,
            "span_floor_in_batch": 0.0
          },
          {
            "batch": 283.0,
            "letter": 5.216578960418701,
            "letter_floor_in_batch": 0.0
          },
          {
            "batch": 284.0,
            "letter": 5.015525817871094,
            "letter_floor_in_batch": 0.0
          },
          {
            "batch": 285.0,
            "letter": 5.2481584548950195,
            "letter_floor_in_batch": 0.0
          },
          {
            "batch": 286.0,
            "span": 0.0016761048464104533,
            "span_floor_in_batch": 0.0
          },
          {
            "batch": 287.0,
            "letter": 5.3161420822143555,
            "letter_floor_in_batch": 0.0
          },
          {
            "batch": 288.0,
            "letter": 5.019158363342285,
            "letter_floor_in_batch": 0.0
          },
          {
            "batch": 289.0,
            "letter": 5.21688985824585,
            "letter_floor_in_batch": 0.0
          },
          {
            "batch": 290.0,
            "letter": 5.015608310699463,
            "letter_floor_in_batch": 0.0
          },
          {
            "batch": 291.0,
            "span": 0.0016842486802488565,
            "span_floor_in_batch": 0.0
          },
          {
            "batch": 292.0,
            "span": 0.0017594683449715376,
            "span_floor_in_batch": 0.0
          },
          {
            "batch": 293.0,
            "letter": 5.011376857757568,
            "letter_floor_in_batch": 0.0
          },
          {
            "batch": 294.0,
            "span": 0.0016444290522485971,
            "span_floor_in_batch": 0.0
          },
          {
            "batch": 295.0,
            "span": 0.0018332377076148987,
            "span_floor_in_batch": 0.0
          },
          {
            "batch": 296.0,
            "span": 6.707657814025879,
            "span_floor_in_batch": 0.0
          },
          {
            "batch": 297.0,
            "letter": 5.212851047515869,
            "letter_floor_in_batch": 0.0
          },
          {
            "batch": 298.0,
            "span": 6.700056076049805,
            "span_floor_in_batch": 0.0
          },
          {
            "batch": 299.0,
            "letter": 5.251770973205566,
            "letter_floor_in_batch": 0.0
          },
          {
            "batch": 300.0,
            "letter": 5.0155744552612305,
            "letter_floor_in_batch": 0.0
          },
          {
            "batch": 301.0,
            "span": 0.0018131936667487025,
            "span_floor_in_batch": 0.0
          },
          {
            "batch": 302.0,
            "span": 0.001901604002341628,
            "span_floor_in_batch": 0.0
          },
          {
            "batch": 303.0,
            "letter": 5.314018726348877,
            "letter_floor_in_batch": 0.0
          },
          {
            "batch": 304.0,
            "letter": 5.316434383392334,
            "letter_floor_in_batch": 0.0
          },
          {
            "batch": 305.0,
            "span": 0.0017545318696647882,
            "span_floor_in_batch": 0.0
          },
          {
            "batch": 306.0,
            "letter": 5.249773979187012,
            "letter_floor_in_batch": 0.0
          },
          {
            "batch": 307.0,
            "letter": 5.01549768447876,
            "letter_floor_in_batch": 0.0
          },
          {
            "batch": 308.0,
            "letter": 5.316333293914795,
            "letter_floor_in_batch": 0.0
          },
          {
            "batch": 309.0,
            "span": 6.631966590881348,
            "span_floor_in_batch": 0.0
          },
          {
            "batch": 310.0,
            "span": 0.001661521615460515,
            "span_floor_in_batch": 0.0
          },
          {
            "batch": 311.0,
            "span": 6.7037353515625,
            "span_floor_in_batch": 0.0
          },
          {
            "batch": 312.0,
            "letter": 5.247705459594727,
            "letter_floor_in_batch": 0.0
          },
          {
            "batch": 313.0,
            "span": 0.0018049776554107666,
            "span_floor_in_batch": 0.0
          },
          {
            "batch": 314.0,
            "letter": 5.015556335449219,
            "letter_floor_in_batch": 0.0
          },
          {
            "batch": 315.0,
            "span": 0.0017299538012593985,
            "span_floor_in_batch": 0.0
          },
          {
            "batch": 316.0,
            "letter": 5.249568462371826,
            "letter_floor_in_batch": 0.0
          },
          {
            "batch": 317.0,
            "span": 0.0016115889884531498,
            "span_floor_in_batch": 0.0
          },
          {
            "batch": 318.0,
            "letter": 5.015435695648193,
            "letter_floor_in_batch": 0.0
          },
          {
            "batch": 319.0,
            "span": 0.0016883027274161577,
            "span_floor_in_batch": 0.0
          },
          {
            "batch": 320.0,
            "letter": 5.249738693237305,
            "letter_floor_in_batch": 0.0
          },
          {
            "batch": 321.0,
            "span": 0.0017031097086146474,
            "span_floor_in_batch": 0.0
          },
          {
            "batch": 322.0,
            "span": 0.0018756650388240814,
            "span_floor_in_batch": 0.0
          },
          {
            "batch": 323.0,
            "letter": 5.318099021911621,
            "letter_floor_in_batch": 0.0
          },
          {
            "batch": 324.0,
            "span": 0.001939319772645831,
            "span_floor_in_batch": 0.0
          },
          {
            "batch": 325.0,
            "span": 0.0016034985892474651,
            "span_floor_in_batch": 0.0
          },
          {
            "batch": 326.0,
            "letter": 5.212854862213135,
            "letter_floor_in_batch": 0.0
          },
          {
            "batch": 327.0,
            "span": 0.0017302727792412043,
            "span_floor_in_batch": 0.0
          },
          {
            "batch": 328.0,
            "letter": 5.249737739562988,
            "letter_floor_in_batch": 0.0
          },
          {
            "batch": 329.0,
            "span": 6.727874279022217,
            "span_floor_in_batch": 0.0
          },
          {
            "batch": 330.0,
            "span": 0.0017265069764107466,
            "span_floor_in_batch": 0.0
          },
          {
            "batch": 331.0,
            "span": 0.0017508954042568803,
            "span_floor_in_batch": 0.0
          },
          {
            "batch": 332.0,
            "letter": 5.214777946472168,
            "letter_floor_in_batch": 0.0
          },
          {
            "batch": 333.0,
            "span": 0.0016957439947873354,
            "span_floor_in_batch": 0.0
          },
          {
            "batch": 334.0,
            "letter": 5.314352989196777,
            "letter_floor_in_batch": 0.0
          },
          {
            "batch": 335.0,
            "span": 0.0016902650240808725,
            "span_floor_in_batch": 0.0
          },
          {
            "batch": 336.0,
            "span": 0.0016298515256494284,
            "span_floor_in_batch": 0.0
          },
          {
            "batch": 337.0,
            "letter": 5.249626636505127,
            "letter_floor_in_batch": 0.0
          },
          {
            "batch": 338.0,
            "letter": 5.24807071685791,
            "letter_floor_in_batch": 0.0
          },
          {
            "batch": 339.0,
            "span": 0.001733885146677494,
            "span_floor_in_batch": 0.0
          },
          {
            "batch": 340.0,
            "letter": 5.2104926109313965,
            "letter_floor_in_batch": 0.0
          },
          {
            "batch": 341.0,
            "letter": 5.015493869781494,
            "letter_floor_in_batch": 0.0
          },
          {
            "batch": 342.0,
            "span": 0.0018398455576971173,
            "span_floor_in_batch": 0.0
          },
          {
            "batch": 343.0,
            "span": 0.0018522856989875436,
            "span_floor_in_batch": 0.0
          }
        ],
        "span_floor_mean_per_batch": 0.0,
        "span_floor_over_the_plan": 0.0,
        "span_gap": 1.6796500749593644,
        "span_loss": 1.6796500749593644,
        "span_rows": 172
      },
      "ft_row_id": "45067dc7-afa4-4587-ba01-5b5c5ff7bcea",
      "letter_at_first_joint_batch": NaN,
      "letter_first": 5.4493088722229,
      "letter_floor": 0.0,
      "letter_last": 5.015584468841553,
      "lower_layers_n": 1,
      "lower_lr_scale": 0.1,
      "micro_batches": 344,
      "no_memorise": true,
      "optimizer_recipe": "master",
      "optimizer_steps": 344,
      "padding_fraction": 0.0,
      "params": 112680,
      "score_row_id": "5d07b653-c3b7-4c09-a0d1-e59350862af4",
      "seed": 0,
      "span_at_first_joint_batch": NaN,
      "span_first": 7.171743869781494,
      "span_floor": 0.0,
      "span_last": 0.0018952980171889067,
      "span_rows": 172,
      "span_weight": 1.0,
      "steps_per_s": 7.73,
      "steps_requested": 344,
      "supervised_tokens": 172,
      "tag": "epoch",
      "termination": "steps_exhausted",
      "total_first": 7.171743869781494,
      "total_last": 0.0018952980171889067,
      "train_attention_mask": "none",
      "wall_clock_s": 44.49
    }
  ],
  "arm2": [],
  "batches": {
    "batches": 344,
    "batches_letter_only": 172,
    "batches_span_only": 172,
    "batches_with_a_span_row": 172,
    "letter_channel_live_chunks": 172,
    "letter_channel_total_chunks": 344,
    "widths": [
      394,
      396,
      435,
      437
    ]
  },
  "batches_with_span": [
    {
      "bucket": 1,
      "chunks": 1,
      "index": 0,
      "kinds": {
        "span": 1
      },
      "live_chunks": 0,
      "rows": 1,
      "span_rows": 1,
      "supervised": 0,
      "width": 396
    },
    {
      "bucket": 1,
      "chunks": 1,
      "index": 6,
      "kinds": {
        "span": 1
      },
      "live_chunks": 0,
      "rows": 1,
      "span_rows": 1,
      "supervised": 0,
      "width": 396
    },
    {
      "bucket": 1,
      "chunks": 1,
      "index": 8,
      "kinds": {
        "span": 1
      },
      "live_chunks": 0,
      "rows": 1,
      "span_rows": 1,
      "supervised": 0,
      "width": 396
    },
    {
      "bucket": 1,
      "chunks": 1,
      "index": 9,
      "kinds": {
        "span": 1
      },
      "live_chunks": 0,
      "rows": 1,
      "span_rows": 1,
      "supervised": 0,
      "width": 396
    },
    {
      "bucket": 1,
      "chunks": 1,
      "index": 11,
      "kinds": {
        "span": 1
      },
      "live_chunks": 0,
      "rows": 1,
      "span_rows": 1,
      "supervised": 0,
      "width": 396
    },
    {
      "bucket": 0,
      "chunks": 1,
      "index": 12,
      "kinds": {
        "span": 1
      },
      "live_chunks": 0,
      "rows": 1,
      "span_rows": 1,
      "supervised": 0,
      "width": 394
    },
    {
      "bucket": 1,
      "chunks": 1,
      "index": 13,
      "kinds": {
        "span": 1
      },
      "live_chunks": 0,
      "rows": 1,
      "span_rows": 1,
      "supervised": 0,
      "width": 396
    },
    {
      "bucket": 0,
      "chunks": 1,
      "index": 15,
      "kinds": {
        "span": 1
      },
      "live_chunks": 0,
      "rows": 1,
      "span_rows": 1,
      "supervised": 0,
      "width": 394
    },
    {
      "bucket": 1,
      "chunks": 1,
      "index": 16,
      "kinds": {
        "span": 1
      },
      "live_chunks": 0,
      "rows": 1,
      "span_rows": 1,
      "supervised": 0,
      "width": 396
    },
    {
      "bucket": 1,
      "chunks": 1,
      "index": 20,
      "kinds": {
        "span": 1
      },
      "live_chunks": 0,
      "rows": 1,
      "span_rows": 1,
      "supervised": 0,
      "width": 396
    },
    {
      "bucket": 0,
      "chunks": 1,
      "index": 22,
      "kinds": {
        "span": 1
      },
      "live_chunks": 0,
      "rows": 1,
      "span_rows": 1,
      "supervised": 0,
      "width": 394
    },
    {
      "bucket": 1,
      "chunks": 1,
      "index": 24,
      "kinds": {
        "span": 1
      },
      "live_chunks": 0,
      "rows": 1,
      "span_rows": 1,
      "supervised": 0,
      "width": 396
    },
    {
      "bucket": 0,
      "chunks": 1,
      "index": 25,
      "kinds": {
        "span": 1
      },
      "live_chunks": 0,
      "rows": 1,
      "span_rows": 1,
      "supervised": 0,
      "width": 394
    },
    {
      "bucket": 1,
      "chunks": 1,
      "index": 27,
      "kinds": {
        "span": 1
      },
      "live_chunks": 0,
      "rows": 1,
      "span_rows": 1,
      "supervised": 0,
      "width": 396
    },
    {
      "bucket": 0,
      "chunks": 1,
      "index": 28,
      "kinds": {
        "span": 1
      },
      "live_chunks": 0,
      "rows": 1,
      "span_rows": 1,
      "supervised": 0,
      "width": 394
    },
    {
      "bucket": 0,
      "chunks": 1,
      "index": 29,
      "kinds": {
        "span": 1
      },
      "live_chunks": 0,
      "rows": 1,
      "span_rows": 1,
      "supervised": 0,
      "width": 394
    },
    {
      "bucket": 0,
      "chunks": 1,
      "index": 32,
      "kinds": {
        "span": 1
      },
      "live_chunks": 0,
      "rows": 1,
      "span_rows": 1,
      "supervised": 0,
      "width": 394
    },
    {
      "bucket": 1,
      "chunks": 1,
      "index": 34,
      "kinds": {
        "span": 1
      },
      "live_chunks": 0,
      "rows": 1,
      "span_rows": 1,
      "supervised": 0,
      "width": 396
    },
    {
      "bucket": 1,
      "chunks": 1,
      "index": 37,
      "kinds": {
        "span": 1
      },
      "live_chunks": 0,
      "rows": 1,
      "span_rows": 1,
      "supervised": 0,
      "width": 396
    },
    {
      "bucket": 1,
      "chunks": 1,
      "index": 41,
      "kinds": {
        "span": 1
      },
      "live_chunks": 0,
      "rows": 1,
      "span_rows": 1,
      "supervised": 0,
      "width": 396
    },
    {
      "bucket": 0,
      "chunks": 1,
      "index": 52,
      "kinds": {
        "span": 1
      },
      "live_chunks": 0,
      "rows": 1,
      "span_rows": 1,
      "supervised": 0,
      "width": 394
    },
    {
      "bucket": 1,
      "chunks": 1,
      "index": 53,
      "kinds": {
        "span": 1
      },
      "live_chunks": 0,
      "rows": 1,
      "span_rows": 1,
      "supervised": 0,
      "width": 396
    },
    {
      "bucket": 1,
      "chunks": 1,
      "index": 54,
      "kinds": {
        "span": 1
      },
      "live_chunks": 0,
      "rows": 1,
      "span_rows": 1,
      "supervised": 0,
      "width": 396
    },
    {
      "bucket": 0,
      "chunks": 1,
      "index": 55,
      "kinds": {
        "span": 1
      },
      "live_chunks": 0,
      "rows": 1,
      "span_rows": 1,
      "supervised": 0,
      "width": 394
    },
    {
      "bucket": 0,
      "chunks": 1,
      "index": 57,
      "kinds": {
        "span": 1
      },
      "live_chunks": 0,
      "rows": 1,
      "span_rows": 1,
      "supervised": 0,
      "width": 394
    },
    {
      "bucket": 1,
      "chunks": 1,
      "index": 61,
      "kinds": {
        "span": 1
      },
      "live_chunks": 0,
      "rows": 1,
      "span_rows": 1,
      "supervised": 0,
      "width": 396
    },
    {
      "bucket": 1,
      "chunks": 1,
      "index": 64,
      "kinds": {
        "span": 1
      },
      "live_chunks": 0,
      "rows": 1,
      "span_rows": 1,
      "supervised": 0,
      "width": 396
    },
    {
      "bucket": 1,
      "chunks": 1,
      "index": 66,
      "kinds": {
        "span": 1
      },
      "live_chunks": 0,
      "rows": 1,
      "span_rows": 1,
      "supervised": 0,
      "width": 396
    },
    {
      "bucket": 1,
      "chunks": 1,
      "index": 67,
      "kinds": {
        "span": 1
      },
      "live_chunks": 0,
      "rows": 1,
      "span_rows": 1,
      "supervised": 0,
      "width": 396
    },
    {
      "bucket": 1,
      "chunks": 1,
      "index": 70,
      "kinds": {
        "span": 1
      },
      "live_chunks": 0,
      "rows": 1,
      "span_rows": 1,
      "supervised": 0,
      "width": 396
    },
    {
      "bucket": 0,
      "chunks": 1,
      "index": 71,
      "kinds": {
        "span": 1
      },
      "live_chunks": 0,
      "rows": 1,
      "span_rows": 1,
      "supervised": 0,
      "width": 394
    },
    {
      "bucket": 1,
      "chunks": 1,
      "index": 72,
      "kinds": {
        "span": 1
      },
      "live_chunks": 0,
      "rows": 1,
      "span_rows": 1,
      "supervised": 0,
      "width": 396
    },
    {
      "bucket": 1,
      "chunks": 1,
      "index": 74,
      "kinds": {
        "span": 1
      },
      "live_chunks": 0,
      "rows": 1,
      "span_rows": 1,
      "supervised": 0,
      "width": 396
    },
    {
      "bucket": 1,
      "chunks": 1,
      "index": 75,
      "kinds": {
        "span": 1
      },
      "live_chunks": 0,
      "rows": 1,
      "span_rows": 1,
      "supervised": 0,
      "width": 396
    },
    {
      "bucket": 1,
      "chunks": 1,
      "index": 76,
      "kinds": {
        "span": 1
      },
      "live_chunks": 0,
      "rows": 1,
      "span_rows": 1,
      "supervised": 0,
      "width": 396
    },
    {
      "bucket": 1,
      "chunks": 1,
      "index": 77,
      "kinds": {
        "span": 1
      },
      "live_chunks": 0,
      "rows": 1,
      "span_rows": 1,
      "supervised": 0,
      "width": 396
    },
    {
      "bucket": 1,
      "chunks": 1,
      "index": 78,
      "kinds": {
        "span": 1
      },
      "live_chunks": 0,
      "rows": 1,
      "span_rows": 1,
      "supervised": 0,
      "width": 396
    },
    {
      "bucket": 1,
      "chunks": 1,
      "index": 79,
      "kinds": {
        "span": 1
      },
      "live_chunks": 0,
      "rows": 1,
      "span_rows": 1,
      "supervised": 0,
      "width": 396
    },
    {
      "bucket": 1,
      "chunks": 1,
      "index": 84,
      "kinds": {
        "span": 1
      },
      "live_chunks": 0,
      "rows": 1,
      "span_rows": 1,
      "supervised": 0,
      "width": 396
    },
    {
      "bucket": 1,
      "chunks": 1,
      "index": 86,
      "kinds": {
        "span": 1
      },
      "live_chunks": 0,
      "rows": 1,
      "span_rows": 1,
      "supervised": 0,
      "width": 396
    },
    {
      "bucket": 1,
      "chunks": 1,
      "index": 88,
      "kinds": {
        "span": 1
      },
      "live_chunks": 0,
      "rows": 1,
      "span_rows": 1,
      "supervised": 0,
      "width": 396
    },
    {
      "bucket": 1,
      "chunks": 1,
      "index": 89,
      "kinds": {
        "span": 1
      },
      "live_chunks": 0,
      "rows": 1,
      "span_rows": 1,
      "supervised": 0,
      "width": 396
    },
    {
      "bucket": 1,
      "chunks": 1,
      "index": 93,
      "kinds": {
        "span": 1
      },
      "live_chunks": 0,
      "rows": 1,
      "span_rows": 1,
      "supervised": 0,
      "width": 396
    },
    {
      "bucket": 1,
      "chunks": 1,
      "index": 94,
      "kinds": {
        "span": 1
      },
      "live_chunks": 0,
      "rows": 1,
      "span_rows": 1,
      "supervised": 0,
      "width": 396
    },
    {
      "bucket": 1,
      "chunks": 1,
      "index": 96,
      "kinds": {
        "span": 1
      },
      "live_chunks": 0,
      "rows": 1,
      "span_rows": 1,
      "supervised": 0,
      "width": 396
    },
    {
      "bucket": 1,
      "chunks": 1,
      "index": 97,
      "kinds": {
        "span": 1
      },
      "live_chunks": 0,
      "rows": 1,
      "span_rows": 1,
      "supervised": 0,
      "width": 396
    },
    {
      "bucket": 1,
      "chunks": 1,
      "index": 98,
      "kinds": {
        "span": 1
      },
      "live_chunks": 0,
      "rows": 1,
      "span_rows": 1,
      "supervised": 0,
      "width": 396
    },
    {
      "bucket": 1,
      "chunks": 1,
      "index": 101,
      "kinds": {
        "span": 1
      },
      "live_chunks": 0,
      "rows": 1,
      "span_rows": 1,
      "supervised": 0,
      "width": 396
    },
    {
      "bucket": 1,
      "chunks": 1,
      "index": 102,
      "kinds": {
        "span": 1
      },
      "live_chunks": 0,
      "rows": 1,
      "span_rows": 1,
      "supervised": 0,
      "width": 396
    },
    {
      "bucket": 1,
      "chunks": 1,
      "index": 103,
      "kinds": {
        "span": 1
      },
      "live_chunks": 0,
      "rows": 1,
      "span_rows": 1,
      "supervised": 0,
      "width": 396
    },
    {
      "bucket": 1,
      "chunks": 1,
      "index": 108,
      "kinds": {
        "span": 1
      },
      "live_chunks": 0,
      "rows": 1,
      "span_rows": 1,
      "supervised": 0,
      "width": 396
    },
    {
      "bucket": 1,
      "chunks": 1,
      "index": 109,
      "kinds": {
        "span": 1
      },
      "live_chunks": 0,
      "rows": 1,
      "span_rows": 1,
      "supervised": 0,
      "width": 396
    },
    {
      "bucket": 0,
      "chunks": 1,
      "index": 110,
      "kinds": {
        "span": 1
      },
      "live_chunks": 0,
      "rows": 1,
      "span_rows": 1,
      "supervised": 0,
      "width": 394
    },
    {
      "bucket": 1,
      "chunks": 1,
      "index": 111,
      "kinds": {
        "span": 1
      },
      "live_chunks": 0,
      "rows": 1,
      "span_rows": 1,
      "supervised": 0,
      "width": 396
    },
    {
      "bucket": 1,
      "chunks": 1,
      "index": 115,
      "kinds": {
        "span": 1
      },
      "live_chunks": 0,
      "rows": 1,
      "span_rows": 1,
      "supervised": 0,
      "width": 396
    },
    {
      "bucket": 1,
      "chunks": 1,
      "index": 117,
      "kinds": {
        "span": 1
      },
      "live_chunks": 0,
      "rows": 1,
      "span_rows": 1,
      "supervised": 0,
      "width": 396
    },
    {
      "bucket": 1,
      "chunks": 1,
      "index": 118,
      "kinds": {
        "span": 1
      },
      "live_chunks": 0,
      "rows": 1,
      "span_rows": 1,
      "supervised": 0,
      "width": 396
    },
    {
      "bucket": 1,
      "chunks": 1,
      "index": 120,
      "kinds": {
        "span": 1
      },
      "live_chunks": 0,
      "rows": 1,
      "span_rows": 1,
      "supervised": 0,
      "width": 396
    },
    {
      "bucket": 1,
      "chunks": 1,
      "index": 121,
      "kinds": {
        "span": 1
      },
      "live_chunks": 0,
      "rows": 1,
      "span_rows": 1,
      "supervised": 0,
      "width": 396
    },
    {
      "bucket": 1,
      "chunks": 1,
      "index": 122,
      "kinds": {
        "span": 1
      },
      "live_chunks": 0,
      "rows": 1,
      "span_rows": 1,
      "supervised": 0,
      "width": 396
    },
    {
      "bucket": 1,
      "chunks": 1,
      "index": 125,
      "kinds": {
        "span": 1
      },
      "live_chunks": 0,
      "rows": 1,
      "span_rows": 1,
      "supervised": 0,
      "width": 396
    },
    {
      "bucket": 1,
      "chunks": 1,
      "index": 132,
      "kinds": {
        "span": 1
      },
      "live_chunks": 0,
      "rows": 1,
      "span_rows": 1,
      "supervised": 0,
      "width": 396
    },
    {
      "bucket": 1,
      "chunks": 1,
      "index": 134,
      "kinds": {
        "span": 1
      },
      "live_chunks": 0,
      "rows": 1,
      "span_rows": 1,
      "supervised": 0,
      "width": 396
    },
    {
      "bucket": 1,
      "chunks": 1,
      "index": 135,
      "kinds": {
        "span": 1
      },
      "live_chunks": 0,
      "rows": 1,
      "span_rows": 1,
      "supervised": 0,
      "width": 396
    },
    {
      "bucket": 0,
      "chunks": 1,
      "index": 137,
      "kinds": {
        "span": 1
      },
      "live_chunks": 0,
      "rows": 1,
      "span_rows": 1,
      "supervised": 0,
      "width": 394
    },
    {
      "bucket": 1,
      "chunks": 1,
      "index": 139,
      "kinds": {
        "span": 1
      },
      "live_chunks": 0,
      "rows": 1,
      "span_rows": 1,
      "supervised": 0,
      "width": 396
    },
    {
      "bucket": 1,
      "chunks": 1,
      "index": 140,
      "kinds": {
        "span": 1
      },
      "live_chunks": 0,
      "rows": 1,
      "span_rows": 1,
      "supervised": 0,
      "width": 396
    },
    {
      "bucket": 1,
      "chunks": 1,
      "index": 141,
      "kinds": {
        "span": 1
      },
      "live_chunks": 0,
      "rows": 1,
      "span_rows": 1,
      "supervised": 0,
      "width": 396
    },
    {
      "bucket": 1,
      "chunks": 1,
      "index": 144,
      "kinds": {
        "span": 1
      },
      "live_chunks": 0,
      "rows": 1,
      "span_rows": 1,
      "supervised": 0,
      "width": 396
    },
    {
      "bucket": 1,
      "chunks": 1,
      "index": 147,
      "kinds": {
        "span": 1
      },
      "live_chunks": 0,
      "rows": 1,
      "span_rows": 1,
      "supervised": 0,
      "width": 396
    },
    {
      "bucket": 1,
      "chunks": 1,
      "index": 148,
      "kinds": {
        "span": 1
      },
      "live_chunks": 0,
      "rows": 1,
      "span_rows": 1,
      "supervised": 0,
      "width": 396
    },
    {
      "bucket": 0,
      "chunks": 1,
      "index": 149,
      "kinds": {
        "span": 1
      },
      "live_chunks": 0,
      "rows": 1,
      "span_rows": 1,
      "supervised": 0,
      "width": 394
    },
    {
      "bucket": 0,
      "chunks": 1,
      "index": 151,
      "kinds": {
        "span": 1
      },
      "live_chunks": 0,
      "rows": 1,
      "span_rows": 1,
      "supervised": 0,
      "width": 394
    },
    {
      "bucket": 1,
      "chunks": 1,
      "index": 152,
      "kinds": {
        "span": 1
      },
      "live_chunks": 0,
      "rows": 1,
      "span_rows": 1,
      "supervised": 0,
      "width": 396
    },
    {
      "bucket": 1,
      "chunks": 1,
      "index": 154,
      "kinds": {
        "span": 1
      },
      "live_chunks": 0,
      "rows": 1,
      "span_rows": 1,
      "supervised": 0,
      "width": 396
    },
    {
      "bucket": 1,
      "chunks": 1,
      "index": 157,
      "kinds": {
        "span": 1
      },
      "live_chunks": 0,
      "rows": 1,
      "span_rows": 1,
      "supervised": 0,
      "width": 396
    },
    {
      "bucket": 1,
      "chunks": 1,
      "index": 158,
      "kinds": {
        "span": 1
      },
      "live_chunks": 0,
      "rows": 1,
      "span_rows": 1,
      "supervised": 0,
      "width": 396
    },
    {
      "bucket": 1,
      "chunks": 1,
      "index": 160,
      "kinds": {
        "span": 1
      },
      "live_chunks": 0,
      "rows": 1,
      "span_rows": 1,
      "supervised": 0,
      "width": 396
    },
    {
      "bucket": 0,
      "chunks": 1,
      "index": 161,
      "kinds": {
        "span": 1
      },
      "live_chunks": 0,
      "rows": 1,
      "span_rows": 1,
      "supervised": 0,
      "width": 394
    },
    {
      "bucket": 1,
      "chunks": 1,
      "index": 164,
      "kinds": {
        "span": 1
      },
      "live_chunks": 0,
      "rows": 1,
      "span_rows": 1,
      "supervised": 0,
      "width": 396
    },
    {
      "bucket": 1,
      "chunks": 1,
      "index": 165,
      "kinds": {
        "span": 1
      },
      "live_chunks": 0,
      "rows": 1,
      "span_rows": 1,
      "supervised": 0,
      "width": 396
    },
    {
      "bucket": 1,
      "chunks": 1,
      "index": 166,
      "kinds": {
        "span": 1
      },
      "live_chunks": 0,
      "rows": 1,
      "span_rows": 1,
      "supervised": 0,
      "width": 396
    },
    {
      "bucket": 1,
      "chunks": 1,
      "index": 169,
      "kinds": {
        "span": 1
      },
      "live_chunks": 0,
      "rows": 1,
      "span_rows": 1,
      "supervised": 0,
      "width": 396
    },
    {
      "bucket": 1,
      "chunks": 1,
      "index": 171,
      "kinds": {
        "span": 1
      },
      "live_chunks": 0,
      "rows": 1,
      "span_rows": 1,
      "supervised": 0,
      "width": 396
    },
    {
      "bucket": 1,
      "chunks": 1,
      "index": 175,
      "kinds": {
        "span": 1
      },
      "live_chunks": 0,
      "rows": 1,
      "span_rows": 1,
      "supervised": 0,
      "width": 396
    },
    {
      "bucket": 1,
      "chunks": 1,
      "index": 177,
      "kinds": {
        "span": 1
      },
      "live_chunks": 0,
      "rows": 1,
      "span_rows": 1,
      "supervised": 0,
      "width": 396
    },
    {
      "bucket": 1,
      "chunks": 1,
      "index": 180,
      "kinds": {
        "span": 1
      },
      "live_chunks": 0,
      "rows": 1,
      "span_rows": 1,
      "supervised": 0,
      "width": 396
    },
    {
      "bucket": 1,
      "chunks": 1,
      "index": 181,
      "kinds": {
        "span": 1
      },
      "live_chunks": 0,
      "rows": 1,
      "span_rows": 1,
      "supervised": 0,
      "width": 396
    },
    {
      "bucket": 1,
      "chunks": 1,
      "index": 183,
      "kinds": {
        "span": 1
      },
      "live_chunks": 0,
      "rows": 1,
      "span_rows": 1,
      "supervised": 0,
      "width": 396
    },
    {
      "bucket": 1,
      "chunks": 1,
      "index": 185,
      "kinds": {
        "span": 1
      },
      "live_chunks": 0,
      "rows": 1,
      "span_rows": 1,
      "supervised": 0,
      "width": 396
    },
    {
      "bucket": 1,
      "chunks": 1,
      "index": 188,
      "kinds": {
        "span": 1
      },
      "live_chunks": 0,
      "rows": 1,
      "span_rows": 1,
      "supervised": 0,
      "width": 396
    },
    {
      "bucket": 1,
      "chunks": 1,
      "index": 189,
      "kinds": {
        "span": 1
      },
      "live_chunks": 0,
      "rows": 1,
      "span_rows": 1,
      "supervised": 0,
      "width": 396
    },
    {
      "bucket": 1,
      "chunks": 1,
      "index": 190,
      "kinds": {
        "span": 1
      },
      "live_chunks": 0,
      "rows": 1,
      "span_rows": 1,
      "supervised": 0,
      "width": 396
    },
    {
      "bucket": 0,
      "chunks": 1,
      "index": 191,
      "kinds": {
        "span": 1
      },
      "live_chunks": 0,
      "rows": 1,
      "span_rows": 1,
      "supervised": 0,
      "width": 394
    },
    {
      "bucket": 0,
      "chunks": 1,
      "index": 192,
      "kinds": {
        "span": 1
      },
      "live_chunks": 0,
      "rows": 1,
      "span_rows": 1,
      "supervised": 0,
      "width": 394
    },
    {
      "bucket": 1,
      "chunks": 1,
      "index": 193,
      "kinds": {
        "span": 1
      },
      "live_chunks": 0,
      "rows": 1,
      "span_rows": 1,
      "supervised": 0,
      "width": 396
    },
    {
      "bucket": 1,
      "chunks": 1,
      "index": 194,
      "kinds": {
        "span": 1
      },
      "live_chunks": 0,
      "rows": 1,
      "span_rows": 1,
      "supervised": 0,
      "width": 396
    },
    {
      "bucket": 1,
      "chunks": 1,
      "index": 196,
      "kinds": {
        "span": 1
      },
      "live_chunks": 0,
      "rows": 1,
      "span_rows": 1,
      "supervised": 0,
      "width": 396
    },
    {
      "bucket": 1,
      "chunks": 1,
      "index": 197,
      "kinds": {
        "span": 1
      },
      "live_chunks": 0,
      "rows": 1,
      "span_rows": 1,
      "supervised": 0,
      "width": 396
    },
    {
      "bucket": 1,
      "chunks": 1,
      "index": 199,
      "kinds": {
        "span": 1
      },
      "live_chunks": 0,
      "rows": 1,
      "span_rows": 1,
      "supervised": 0,
      "width": 396
    },
    {
      "bucket": 1,
      "chunks": 1,
      "index": 200,
      "kinds": {
        "span": 1
      },
      "live_chunks": 0,
      "rows": 1,
      "span_rows": 1,
      "supervised": 0,
      "width": 396
    },
    {
      "bucket": 0,
      "chunks": 1,
      "index": 202,
      "kinds": {
        "span": 1
      },
      "live_chunks": 0,
      "rows": 1,
      "span_rows": 1,
      "supervised": 0,
      "width": 394
    },
    {
      "bucket": 1,
      "chunks": 1,
      "index": 203,
      "kinds": {
        "span": 1
      },
      "live_chunks": 0,
      "rows": 1,
      "span_rows": 1,
      "supervised": 0,
      "width": 396
    },
    {
      "bucket": 0,
      "chunks": 1,
      "index": 204,
      "kinds": {
        "span": 1
      },
      "live_chunks": 0,
      "rows": 1,
      "span_rows": 1,
      "supervised": 0,
      "width": 394
    },
    {
      "bucket": 1,
      "chunks": 1,
      "index": 207,
      "kinds": {
        "span": 1
      },
      "live_chunks": 0,
      "rows": 1,
      "span_rows": 1,
      "supervised": 0,
      "width": 396
    },
    {
      "bucket": 1,
      "chunks": 1,
      "index": 209,
      "kinds": {
        "span": 1
      },
      "live_chunks": 0,
      "rows": 1,
      "span_rows": 1,
      "supervised": 0,
      "width": 396
    },
    {
      "bucket": 1,
      "chunks": 1,
      "index": 210,
      "kinds": {
        "span": 1
      },
      "live_chunks": 0,
      "rows": 1,
      "span_rows": 1,
      "supervised": 0,
      "width": 396
    },
    {
      "bucket": 1,
      "chunks": 1,
      "index": 212,
      "kinds": {
        "span": 1
      },
      "live_chunks": 0,
      "rows": 1,
      "span_rows": 1,
      "supervised": 0,
      "width": 396
    },
    {
      "bucket": 1,
      "chunks": 1,
      "index": 215,
      "kinds": {
        "span": 1
      },
      "live_chunks": 0,
      "rows": 1,
      "span_rows": 1,
      "supervised": 0,
      "width": 396
    },
    {
      "bucket": 1,
      "chunks": 1,
      "index": 217,
      "kinds": {
        "span": 1
      },
      "live_chunks": 0,
      "rows": 1,
      "span_rows": 1,
      "supervised": 0,
      "width": 396
    },
    {
      "bucket": 0,
      "chunks": 1,
      "index": 219,
      "kinds": {
        "span": 1
      },
      "live_chunks": 0,
      "rows": 1,
      "span_rows": 1,
      "supervised": 0,
      "width": 394
    },
    {
      "bucket": 1,
      "chunks": 1,
      "index": 220,
      "kinds": {
        "span": 1
      },
      "live_chunks": 0,
      "rows": 1,
      "span_rows": 1,
      "supervised": 0,
      "width": 396
    },
    {
      "bucket": 1,
      "chunks": 1,
      "index": 222,
      "kinds": {
        "span": 1
      },
      "live_chunks": 0,
      "rows": 1,
      "span_rows": 1,
      "supervised": 0,
      "width": 396
    },
    {
      "bucket": 0,
      "chunks": 1,
      "index": 224,
      "kinds": {
        "span": 1
      },
      "live_chunks": 0,
      "rows": 1,
      "span_rows": 1,
      "supervised": 0,
      "width": 394
    },
    {
      "bucket": 1,
      "chunks": 1,
      "index": 225,
      "kinds": {
        "span": 1
      },
      "live_chunks": 0,
      "rows": 1,
      "span_rows": 1,
      "supervised": 0,
      "width": 396
    },
    {
      "bucket": 1,
      "chunks": 1,
      "index": 227,
      "kinds": {
        "span": 1
      },
      "live_chunks": 0,
      "rows": 1,
      "span_rows": 1,
      "supervised": 0,
      "width": 396
    },
    {
      "bucket": 1,
      "chunks": 1,
      "index": 229,
      "kinds": {
        "span": 1
      },
      "live_chunks": 0,
      "rows": 1,
      "span_rows": 1,
      "supervised": 0,
      "width": 396
    },
    {
      "bucket": 1,
      "chunks": 1,
      "index": 230,
      "kinds": {
        "span": 1
      },
      "live_chunks": 0,
      "rows": 1,
      "span_rows": 1,
      "supervised": 0,
      "width": 396
    },
    {
      "bucket": 1,
      "chunks": 1,
      "index": 231,
      "kinds": {
        "span": 1
      },
      "live_chunks": 0,
      "rows": 1,
      "span_rows": 1,
      "supervised": 0,
      "width": 396
    },
    {
      "bucket": 1,
      "chunks": 1,
      "index": 233,
      "kinds": {
        "span": 1
      },
      "live_chunks": 0,
      "rows": 1,
      "span_rows": 1,
      "supervised": 0,
      "width": 396
    },
    {
      "bucket": 1,
      "chunks": 1,
      "index": 236,
      "kinds": {
        "span": 1
      },
      "live_chunks": 0,
      "rows": 1,
      "span_rows": 1,
      "supervised": 0,
      "width": 396
    },
    {
      "bucket": 1,
      "chunks": 1,
      "index": 239,
      "kinds": {
        "span": 1
      },
      "live_chunks": 0,
      "rows": 1,
      "span_rows": 1,
      "supervised": 0,
      "width": 396
    },
    {
      "bucket": 1,
      "chunks": 1,
      "index": 242,
      "kinds": {
        "span": 1
      },
      "live_chunks": 0,
      "rows": 1,
      "span_rows": 1,
      "supervised": 0,
      "width": 396
    },
    {
      "bucket": 1,
      "chunks": 1,
      "index": 244,
      "kinds": {
        "span": 1
      },
      "live_chunks": 0,
      "rows": 1,
      "span_rows": 1,
      "supervised": 0,
      "width": 396
    },
    {
      "bucket": 0,
      "chunks": 1,
      "index": 245,
      "kinds": {
        "span": 1
      },
      "live_chunks": 0,
      "rows": 1,
      "span_rows": 1,
      "supervised": 0,
      "width": 394
    },
    {
      "bucket": 1,
      "chunks": 1,
      "index": 246,
      "kinds": {
        "span": 1
      },
      "live_chunks": 0,
      "rows": 1,
      "span_rows": 1,
      "supervised": 0,
      "width": 396
    },
    {
      "bucket": 1,
      "chunks": 1,
      "index": 249,
      "kinds": {
        "span": 1
      },
      "live_chunks": 0,
      "rows": 1,
      "span_rows": 1,
      "supervised": 0,
      "width": 396
    },
    {
      "bucket": 1,
      "chunks": 1,
      "index": 252,
      "kinds": {
        "span": 1
      },
      "live_chunks": 0,
      "rows": 1,
      "span_rows": 1,
      "supervised": 0,
      "width": 396
    },
    {
      "bucket": 0,
      "chunks": 1,
      "index": 254,
      "kinds": {
        "span": 1
      },
      "live_chunks": 0,
      "rows": 1,
      "span_rows": 1,
      "supervised": 0,
      "width": 394
    },
    {
      "bucket": 0,
      "chunks": 1,
      "index": 257,
      "kinds": {
        "span": 1
      },
      "live_chunks": 0,
      "rows": 1,
      "span_rows": 1,
      "supervised": 0,
      "width": 394
    },
    {
      "bucket": 1,
      "chunks": 1,
      "index": 259,
      "kinds": {
        "span": 1
      },
      "live_chunks": 0,
      "rows": 1,
      "span_rows": 1,
      "supervised": 0,
      "width": 396
    },
    {
      "bucket": 1,
      "chunks": 1,
      "index": 263,
      "kinds": {
        "span": 1
      },
      "live_chunks": 0,
      "rows": 1,
      "span_rows": 1,
      "supervised": 0,
      "width": 396
    },
    {
      "bucket": 1,
      "chunks": 1,
      "index": 264,
      "kinds": {
        "span": 1
      },
      "live_chunks": 0,
      "rows": 1,
      "span_rows": 1,
      "supervised": 0,
      "width": 396
    },
    {
      "bucket": 1,
      "chunks": 1,
      "index": 267,
      "kinds": {
        "span": 1
      },
      "live_chunks": 0,
      "rows": 1,
      "span_rows": 1,
      "supervised": 0,
      "width": 396
    },
    {
      "bucket": 1,
      "chunks": 1,
      "index": 269,
      "kinds": {
        "span": 1
      },
      "live_chunks": 0,
      "rows": 1,
      "span_rows": 1,
      "supervised": 0,
      "width": 396
    },
    {
      "bucket": 1,
      "chunks": 1,
      "index": 270,
      "kinds": {
        "span": 1
      },
      "live_chunks": 0,
      "rows": 1,
      "span_rows": 1,
      "supervised": 0,
      "width": 396
    },
    {
      "bucket": 1,
      "chunks": 1,
      "index": 273,
      "kinds": {
        "span": 1
      },
      "live_chunks": 0,
      "rows": 1,
      "span_rows": 1,
      "supervised": 0,
      "width": 396
    },
    {
      "bucket": 1,
      "chunks": 1,
      "index": 274,
      "kinds": {
        "span": 1
      },
      "live_chunks": 0,
      "rows": 1,
      "span_rows": 1,
      "supervised": 0,
      "width": 396
    },
    {
      "bucket": 0,
      "chunks": 1,
      "index": 278,
      "kinds": {
        "span": 1
      },
      "live_chunks": 0,
      "rows": 1,
      "span_rows": 1,
      "supervised": 0,
      "width": 394
    },
    {
      "bucket": 1,
      "chunks": 1,
      "index": 279,
      "kinds": {
        "span": 1
      },
      "live_chunks": 0,
      "rows": 1,
      "span_rows": 1,
      "supervised": 0,
      "width": 396
    },
    {
      "bucket": 1,
      "chunks": 1,
      "index": 282,
      "kinds": {
        "span": 1
      },
      "live_chunks": 0,
      "rows": 1,
      "span_rows": 1,
      "supervised": 0,
      "width": 396
    },
    {
      "bucket": 1,
      "chunks": 1,
      "index": 286,
      "kinds": {
        "span": 1
      },
      "live_chunks": 0,
      "rows": 1,
      "span_rows": 1,
      "supervised": 0,
      "width": 396
    },
    {
      "bucket": 0,
      "chunks": 1,
      "index": 291,
      "kinds": {
        "span": 1
      },
      "live_chunks": 0,
      "rows": 1,
      "span_rows": 1,
      "supervised": 0,
      "width": 394
    },
    {
      "bucket": 1,
      "chunks": 1,
      "index": 292,
      "kinds": {
        "span": 1
      },
      "live_chunks": 0,
      "rows": 1,
      "span_rows": 1,
      "supervised": 0,
      "width": 396
    },
    {
      "bucket": 0,
      "chunks": 1,
      "index": 294,
      "kinds": {
        "span": 1
      },
      "live_chunks": 0,
      "rows": 1,
      "span_rows": 1,
      "supervised": 0,
      "width": 394
    },
    {
      "bucket": 1,
      "chunks": 1,
      "index": 295,
      "kinds": {
        "span": 1
      },
      "live_chunks": 0,
      "rows": 1,
      "span_rows": 1,
      "supervised": 0,
      "width": 396
    },
    {
      "bucket": 1,
      "chunks": 1,
      "index": 296,
      "kinds": {
        "span": 1
      },
      "live_chunks": 0,
      "rows": 1,
      "span_rows": 1,
      "supervised": 0,
      "width": 396
    },
    {
      "bucket": 1,
      "chunks": 1,
      "index": 298,
      "kinds": {
        "span": 1
      },
      "live_chunks": 0,
      "rows": 1,
      "span_rows": 1,
      "supervised": 0,
      "width": 396
    },
    {
      "bucket": 1,
      "chunks": 1,
      "index": 301,
      "kinds": {
        "span": 1
      },
      "live_chunks": 0,
      "rows": 1,
      "span_rows": 1,
      "supervised": 0,
      "width": 396
    },
    {
      "bucket": 1,
      "chunks": 1,
      "index": 302,
      "kinds": {
        "span": 1
      },
      "live_chunks": 0,
      "rows": 1,
      "span_rows": 1,
      "supervised": 0,
      "width": 396
    },
    {
      "bucket": 1,
      "chunks": 1,
      "index": 305,
      "kinds": {
        "span": 1
      },
      "live_chunks": 0,
      "rows": 1,
      "span_rows": 1,
      "supervised": 0,
      "width": 396
    },
    {
      "bucket": 1,
      "chunks": 1,
      "index": 309,
      "kinds": {
        "span": 1
      },
      "live_chunks": 0,
      "rows": 1,
      "span_rows": 1,
      "supervised": 0,
      "width": 396
    },
    {
      "bucket": 0,
      "chunks": 1,
      "index": 310,
      "kinds": {
        "span": 1
      },
      "live_chunks": 0,
      "rows": 1,
      "span_rows": 1,
      "supervised": 0,
      "width": 394
    },
    {
      "bucket": 1,
      "chunks": 1,
      "index": 311,
      "kinds": {
        "span": 1
      },
      "live_chunks": 0,
      "rows": 1,
      "span_rows": 1,
      "supervised": 0,
      "width": 396
    },
    {
      "bucket": 1,
      "chunks": 1,
      "index": 313,
      "kinds": {
        "span": 1
      },
      "live_chunks": 0,
      "rows": 1,
      "span_rows": 1,
      "supervised": 0,
      "width": 396
    },
    {
      "bucket": 1,
      "chunks": 1,
      "index": 315,
      "kinds": {
        "span": 1
      },
      "live_chunks": 0,
      "rows": 1,
      "span_rows": 1,
      "supervised": 0,
      "width": 396
    },
    {
      "bucket": 0,
      "chunks": 1,
      "index": 317,
      "kinds": {
        "span": 1
      },
      "live_chunks": 0,
      "rows": 1,
      "span_rows": 1,
      "supervised": 0,
      "width": 394
    },
    {
      "bucket": 1,
      "chunks": 1,
      "index": 319,
      "kinds": {
        "span": 1
      },
      "live_chunks": 0,
      "rows": 1,
      "span_rows": 1,
      "supervised": 0,
      "width": 396
    },
    {
      "bucket": 1,
      "chunks": 1,
      "index": 321,
      "kinds": {
        "span": 1
      },
      "live_chunks": 0,
      "rows": 1,
      "span_rows": 1,
      "supervised": 0,
      "width": 396
    },
    {
      "bucket": 1,
      "chunks": 1,
      "index": 322,
      "kinds": {
        "span": 1
      },
      "live_chunks": 0,
      "rows": 1,
      "span_rows": 1,
      "supervised": 0,
      "width": 396
    },
    {
      "bucket": 1,
      "chunks": 1,
      "index": 324,
      "kinds": {
        "span": 1
      },
      "live_chunks": 0,
      "rows": 1,
      "span_rows": 1,
      "supervised": 0,
      "width": 396
    },
    {
      "bucket": 0,
      "chunks": 1,
      "index": 325,
      "kinds": {
        "span": 1
      },
      "live_chunks": 0,
      "rows": 1,
      "span_rows": 1,
      "supervised": 0,
      "width": 394
    },
    {
      "bucket": 1,
      "chunks": 1,
      "index": 327,
      "kinds": {
        "span": 1
      },
      "live_chunks": 0,
      "rows": 1,
      "span_rows": 1,
      "supervised": 0,
      "width": 396
    },
    {
      "bucket": 1,
      "chunks": 1,
      "index": 329,
      "kinds": {
        "span": 1
      },
      "live_chunks": 0,
      "rows": 1,
      "span_rows": 1,
      "supervised": 0,
      "width": 396
    },
    {
      "bucket": 1,
      "chunks": 1,
      "index": 330,
      "kinds": {
        "span": 1
      },
      "live_chunks": 0,
      "rows": 1,
      "span_rows": 1,
      "supervised": 0,
      "width": 396
    },
    {
      "bucket": 1,
      "chunks": 1,
      "index": 331,
      "kinds": {
        "span": 1
      },
      "live_chunks": 0,
      "rows": 1,
      "span_rows": 1,
      "supervised": 0,
      "width": 396
    },
    {
      "bucket": 1,
      "chunks": 1,
      "index": 333,
      "kinds": {
        "span": 1
      },
      "live_chunks": 0,
      "rows": 1,
      "span_rows": 1,
      "supervised": 0,
      "width": 396
    },
    {
      "bucket": 1,
      "chunks": 1,
      "index": 335,
      "kinds": {
        "span": 1
      },
      "live_chunks": 0,
      "rows": 1,
      "span_rows": 1,
      "supervised": 0,
      "width": 396
    },
    {
      "bucket": 0,
      "chunks": 1,
      "index": 336,
      "kinds": {
        "span": 1
      },
      "live_chunks": 0,
      "rows": 1,
      "span_rows": 1,
      "supervised": 0,
      "width": 394
    },
    {
      "bucket": 1,
      "chunks": 1,
      "index": 339,
      "kinds": {
        "span": 1
      },
      "live_chunks": 0,
      "rows": 1,
      "span_rows": 1,
      "supervised": 0,
      "width": 396
    },
    {
      "bucket": 1,
      "chunks": 1,
      "index": 342,
      "kinds": {
        "span": 1
      },
      "live_chunks": 0,
      "rows": 1,
      "span_rows": 1,
      "supervised": 0,
      "width": 396
    },
    {
      "bucket": 1,
      "chunks": 1,
      "index": 343,
      "kinds": {
        "span": 1
      },
      "live_chunks": 0,
      "rows": 1,
      "span_rows": 1,
      "supervised": 0,
      "width": 396
    }
  ],
  "failures": [],
  "inventory": {
    "buckets": [
      394,
      396,
      435,
      437
    ],
    "contradictions": {
      "contradicting_groups": 0,
      "contradicting_rows": 0,
      "examples": [],
      "per_kind": {},
      "rows_sharing_a_prefix": 0,
      "sequences": 344
    },
    "coverage": {
      "detail": "every row in the manifest was tokenized into the shard set",
      "n": 172,
      "n_total": 172,
      "passed": true,
      "state": "ran",
      "value": 172
    },
    "excluded_examples": [],
    "excluded_rows": 0,
    "letter_rows": 172,
    "letter_rows_whose_gold_is_noul": 0,
    "padding_waste": {
      "detail": "0 padding of 143148 positions (0.00%) over 344 sequences; gate is <= 15%. buckets=[394, 396, 435, 437]",
      "n": 344,
      "n_total": 344,
      "passed": true,
      "state": "ran",
      "value": 0.0
    },
    "per_kind": {
      "choice": {
        "families": {
          "code.defect_class": 172
        },
        "gold_is_noul": 0,
        "len_max": 437,
        "len_mean": 436.6,
        "len_min": 435,
        "n": 172,
        "n_total": 344,
        "row_widths": [
          5
        ],
        "tokens": 75100
      },
      "span": {
        "candidates_max": 7,
        "candidates_min": 7,
        "candidates_total": 1204,
        "families": {
          "code.defect_class": 172
        },
        "gold_is_noul": 172,
        "len_max": 396,
        "len_mean": 395.6,
        "len_min": 394,
        "n": 172,
        "n_total": 344,
        "pointer_abstaining": 43,
        "row_widths": [
          1
        ],
        "tokens": 68048
      }
    },
    "remap_check": {
      "detail": "/private/var/folders/wl/qc_0nnp91cd5kfy179krkjxr0000gn/T/pytest-of-bharath/pytest-468/rungd-corpus0/shards/train/remap.npz re-read and re-hashed; matches the header. tokenizer_hash=tokhash-shuffled\u2026",
      "n": 256,
      "n_total": 256,
      "passed": true,
      "state": "ran",
      "value": "7aa0d64186acd624d5791460205f63855352fa4c589266b986e35fdfd90ee7df"
    },
    "root": "/private/var/folders/wl/qc_0nnp91cd5kfy179krkjxr0000gn/T/pytest-of-bharath/pytest-468/rungd-corpus0/shards/train",
    "sequences": 344,
    "span_check": {
      "reason": "write_shards was called without decode=, so the 172 span sequence(s) here had their gold and candidate positions checked only against the offset mapping they were derived from. That circle is GAP-S4-GOLD-ON-CANDIDATE-CANNOT-CATCH-LINE-SHIFT: a mapping that is consistently wrong moves gold and candidates together and every other check stays green. Supplying decode= is what GAP-SPAN-HEAD-LINE-MAPPING-BPE-UNVERIFIED asks for.",
      "state": "not_run"
    },
    "tokens": 143148,
    "vocab_size": 256
  },
  "letter_ids": {
    "A": 65,
    "B": 66,
    "C": 67,
    "D": 68,
    "Z": 90
  },
  "probes": [
    {
      "bucket": 0,
      "device": "cpu",
      "ok": true,
      "rows": 1,
      "wall_s": 0.0,
      "why": "stubbed in-process",
      "width": 394
    },
    {
      "bucket": 1,
      "device": "cpu",
      "ok": true,
      "rows": 1,
      "wall_s": 0.0,
      "why": "stubbed in-process",
      "width": 396
    },
    {
      "bucket": 2,
      "device": "cpu",
      "ok": true,
      "rows": 1,
      "wall_s": 0.0,
      "why": "stubbed in-process",
      "width": 435
    },
    {
      "bucket": 3,
      "device": "cpu",
      "ok": true,
      "rows": 1,
      "wall_s": 0.0,
      "why": "stubbed in-process",
      "width": 437
    }
  ],
  "torch": "2.12.1"
}

val set: 16 sequences in 16 batches, remap 7aa0d64186acd624 (the train set's)
permutation second pass: not run -- no tokenizer.json: which token ids end an option line is a fact about the vocabulary, and without it the options cannot be moved
needle suite: not run -- --needle was not given
OOD suite: not run -- --ood was not given
shard set: /private/var/folders/wl/qc_0nnp91cd5kfy179krkjxr0000gn/T/pytest-of-bharath/pytest-468/rungd-corpus0/shards/train
  rows in -> out: 172 -> 172  (0 excluded)  tokens 143148  vocab 256
  choice  n= 172  len 435..437 (mean 436.6)  gold is noul: 0  rendered rows [5]
  span    n= 172  len 394..396 (mean 395.6)  gold is noul: 172  pointer-abstaining 43/172, candidates 1204
  letter rows whose gold is noul: 0 of 172
  prompt-identical rows: 0 of 344; of those, 0 rows in 0 groups carry DIFFERENT golds ({})
  letters -> post-remap ids: {'A': 65, 'B': 66, 'C': 67, 'D': 68, 'Z': 90}
  padding waste: 0 padding of 143148 positions (0.00%) over 344 sequences; gate is <= 15%. buckets=[394, 396, 435, 437]
  span_check: {"state": "not_run", "reason": "write_shards was called without decode=, so the 172 span sequence(s) here had their gold and candidate positions checked only against the offset map
  remap beside the shards: {"state": "ran", "passed": true, "value": "7aa0d64186acd624d5791460205f63855352fa4c589266b986e35fdfd90ee7df", "n": 256, "n_total": 256, "detail": "/private/var/folders/wl/qc_0nnp91
  epoch at batch_tokens=437: 344 batches, 172 carry a span row, 172 have no letter row; letter-channel chunks 172 live of 344
devices: ['cpu'] (from --devices; auto-detection skipped)

feasibility, one forward+backward per bucket width, in a subprocess:
  (a 128x4 stand-in, NOT the real tower: this establishes the device and the shape, not that the real model fits)
  cpu bucket 0 (1 x 394): ok 0.0s
  cpu bucket 1 (1 x 396): ok 0.0s
  cpu bucket 2 (1 x 435): ok 0.0s
  cpu bucket 3 (1 x 437): ok 0.0s

arm 2 plan: every real batch at most 5383 wide -> 344 of 344 batches, 344 of 344 sequences, slot kinds ['choice', 'span'] of ['choice', 'span']

arm 2: NOT RUN -- --no-memorise
  progress epoch cpu seed=0: step 1/344 elapsed 0s 0.22s/step 1787 pos/s eta 76s loss 7.1717
  cpu seed=0 val_top1.choice: {"state": "ran", "passed": false, "value": 0.375, "n": 3, "n_total": 8, "detail": "3 of 8 val choice rows (37.5%) decoded to the gold the way answer.rs decodes a Letters query, on rows this model never trained on; answering 'C' on every row, the val set's most common gold scores 3 of 8 (37.5%), a ga
  cpu seed=0 val_top1.score: {"state": "not_run", "reason": "the val set holds no score row to score"}
  cpu seed=0 val_top1.span: {"state": "ran", "passed": true, "value": 0.75, "n": 6, "n_total": 8, "detail": "6 of 8 val span rows (75.0%) decoded to the gold the way answer.rs decodes a pointer query, on rows this model never trained on; abstaining on every row scores 2 of 8 (25.0%), a gap of +50.0%"}
  cpu seed=0 ece: {"state": "not_run", "reason": "ece: 2 of 2 inputs did not run -> ece.choice.k4: ECE needs at least 100 examples to be meaningful; got 8. A binned calibration error over a small sample measures the binning.; ece.lang.python: ECE needs at least 100 examples to be meaningful; got 8. A binned calibrati
  cpu seed=0 degenerate_head: {"state": "ran", "passed": false, "n": 1, "n_total": 1, "detail": "degenerate_head: failing inputs: degenerate_head.choice.k4"}
  cpu seed=0 permutation_consistency: {"state": "not_run", "reason": "no tokenizer.json: which token ids end an option line is a fact about the vocabulary, and without it the options cannot be moved"}
  cpu seed=0 needle_hunk_recall: {"state": "not_run", "reason": "--needle was not given"}
  cpu seed=0 ood_abstain: {"state": "not_run", "reason": "--ood was not given"}
  score row c47bb1de-316f-425a-a5cf-248a50064d99
arm1 cpu seed=0: 344 batches, 172 supervised tokens, 172 span rows, padding 0.000000, total 7.1717 -> 0.0019, 45.945s, termination steps_exhausted, ft row 318d404c-18ec-4e46-88b1-7118958ec267
{
  "arm1": [
    {
      "attn_implementation": "sdpa",
      "backbone_params": 4000000,
      "backbone_snapshot": "tiny-snapshot-h64",
      "backbone_vocab": 256,
      "cost": "CostEstimate(usd_per_hour=0.0, cap=WallClockCap(cap_s=1800.0), n_gpus=0, instance='local-cpu', usd_per_gpu_hour=None)",
      "device": "cpu",
      "final": {
        "letter_floor_mean_per_batch": 0.0,
        "letter_floor_over_the_plan": 0.0,
        "letter_gap": 5.20616918386415,
        "letter_loss": 5.20616918386415,
        "letter_rows": 172,
        "per_batch": [
          {
            "batch": 0.0,
            "span": 0.0016674762591719627,
            "span_floor_in_batch": 0.0
          },
          {
            "batch": 1.0,
            "letter": 5.247912883758545,
            "letter_floor_in_batch": 0.0
          },
          {
            "batch": 2.0,
            "letter": 5.015699863433838,
            "letter_floor_in_batch": 0.0
          },
          {
            "batch": 3.0,
            "letter": 5.310996055603027,
            "letter_floor_in_batch": 0.0
          },
          {
            "batch": 4.0,
            "letter": 5.214422702789307,
            "letter_floor_in_batch": 0.0
          },
          {
            "batch": 5.0,
            "letter": 5.2147417068481445,
            "letter_floor_in_batch": 0.0
          },
          {
            "batch": 6.0,
            "span": 0.0018736390629783273,
            "span_floor_in_batch": 0.0
          },
          {
            "batch": 7.0,
            "letter": 5.216893196105957,
            "letter_floor_in_batch": 0.0
          },
          {
            "batch": 8.0,
            "span": 0.0016380809247493744,
            "span_floor_in_batch": 0.0
          },
          {
            "batch": 9.0,
            "span": 6.715332984924316,
            "span_floor_in_batch": 0.0
          },
          {
            "batch": 10.0,
            "letter": 5.2124714851379395,
            "letter_floor_in_batch": 0.0
          },
          {
            "batch": 11.0,
            "span": 0.0016640800749883056,
            "span_floor_in_batch": 0.0
          },
          {
            "batch": 12.0,
            "span": 6.749255180358887,
            "span_floor_in_batch": 0.0
          },
          {
            "batch": 13.0,
            "span": 0.0018095436971634626,
            "span_floor_in_batch": 0.0
          },
          {
            "batch": 14.0,
            "letter": 5.3120436668396,
            "letter_floor_in_batch": 0.0
          },
          {
            "batch": 15.0,
            "span": 0.001722858753055334,
            "span_floor_in_batch": 0.0
          },
          {
            "batch": 16.0,
            "span": 0.001764445099979639,
            "span_floor_in_batch": 0.0
          },
          {
            "batch": 17.0,
            "letter": 5.314061641693115,
            "letter_floor_in_batch": 0.0
          },
          {
            "batch": 18.0,
            "letter": 5.2461442947387695,
            "letter_floor_in_batch": 0.0
          },
          {
            "batch": 19.0,
            "letter": 5.315300941467285,
            "letter_floor_in_batch": 0.0
          },
          {
            "batch": 20.0,
            "span": 0.0017784475348889828,
            "span_floor_in_batch": 0.0
          },
          {
            "batch": 21.0,
            "letter": 5.314221382141113,
            "letter_floor_in_batch": 0.0
          },
          {
            "batch": 22.0,
            "span": 0.0016177805373445153,
            "span_floor_in_batch": 0.0
          },
          {
            "batch": 23.0,
            "letter": 5.218953609466553,
            "letter_floor_in_batch": 0.0
          },
          {
            "batch": 24.0,
            "span": 0.0016853280831128359,
            "span_floor_in_batch": 0.0
          },
          {
            "batch": 25.0,
            "span": 6.741178035736084,
            "span_floor_in_batch": 0.0
          },
          {
            "batch": 26.0,
            "letter": 5.313076496124268,
            "letter_floor_in_batch": 0.0
          },
          {
            "batch": 27.0,
            "span": 0.001701215747743845,
            "span_floor_in_batch": 0.0
          },
          {
            "batch": 28.0,
            "span": 0.0017838228959590197,
            "span_floor_in_batch": 0.0
          },
          {
            "batch": 29.0,
            "span": 0.001661559916101396,
            "span_floor_in_batch": 0.0
          },
          {
            "batch": 30.0,
            "letter": 5.314128875732422,
            "letter_floor_in_batch": 0.0
          },
          {
            "batch": 31.0,
            "letter": 5.246109962463379,
            "letter_floor_in_batch": 0.0
          },
          {
            "batch": 32.0,
            "span": 6.782671928405762,
            "span_floor_in_batch": 0.0
          },
          {
            "batch": 33.0,
            "letter": 5.214715480804443,
            "letter_floor_in_batch": 0.0
          },
          {
            "batch": 34.0,
            "span": 0.0018396135419607162,
            "span_floor_in_batch": 0.0
          },
          {
            "batch": 35.0,
            "letter": 5.249914169311523,
            "letter_floor_in_batch": 0.0
          },
          {
            "batch": 36.0,
            "letter": 5.3104023933410645,
            "letter_floor_in_batch": 0.0
          },
          {
            "batch": 37.0,
            "span": 6.71650505065918,
            "span_floor_in_batch": 0.0
          },
          {
            "batch": 38.0,
            "letter": 5.015603542327881,
            "letter_floor_in_batch": 0.0
          },
          {
            "batch": 39.0,
            "letter": 5.208288669586182,
            "letter_floor_in_batch": 0.0
          },
          {
            "batch": 40.0,
            "letter": 5.015271186828613,
            "letter_floor_in_batch": 0.0
          },
          {
            "batch": 41.0,
            "span": 0.0017447081627324224,
            "span_floor_in_batch": 0.0
          },
          {
            "batch": 42.0,
            "letter": 5.245894432067871,
            "letter_floor_in_batch": 0.0
          },
          {
            "batch": 43.0,
            "letter": 5.246148109436035,
            "letter_floor_in_batch": 0.0
          },
          {
            "batch": 44.0,
            "letter": 5.019421100616455,
            "letter_floor_in_batch": 0.0
          },
          {
            "batch": 45.0,
            "letter": 5.314048767089844,
            "letter_floor_in_batch": 0.0
          },
          {
            "batch": 46.0,
            "letter": 5.313213348388672,
            "letter_floor_in_batch": 0.0
          },
          {
            "batch": 47.0,
            "letter": 5.316318988800049,
            "letter_floor_in_batch": 0.0
          },
          {
            "batch": 48.0,
            "letter": 5.24594783782959,
            "letter_floor_in_batch": 0.0
          },
          {
            "batch": 49.0,
            "letter": 5.0153093338012695,
            "letter_floor_in_batch": 0.0
          },
          {
            "batch": 50.0,
            "letter": 5.316386699676514,
            "letter_floor_in_batch": 0.0
          },
          {
            "batch": 51.0,
            "letter": 5.212565898895264,
            "letter_floor_in_batch": 0.0
          },
          {
            "batch": 52.0,
            "span": 6.785146713256836,
            "span_floor_in_batch": 0.0
          },
          {
            "batch": 53.0,
            "span": 0.0017659392906352878,
            "span_floor_in_batch": 0.0
          },
          {
            "batch": 54.0,
            "span": 0.0017581472638994455,
            "span_floor_in_batch": 0.0
          },
          {
            "batch": 55.0,
            "span": 6.728804588317871,
            "span_floor_in_batch": 0.0
          },
          {
            "batch": 56.0,
            "letter": 5.253497123718262,
            "letter_floor_in_batch": 0.0
          },
          {
            "batch": 57.0,
            "span": 0.001711663673631847,
            "span_floor_in_batch": 0.0
          },
          {
            "batch": 58.0,
            "letter": 5.015459060668945,
            "letter_floor_in_batch": 0.0
          },
          {
            "batch": 59.0,
            "letter": 5.315189361572266,
            "letter_floor_in_batch": 0.0
          },
          {
            "batch": 60.0,
            "letter": 5.214684963226318,
            "letter_floor_in_batch": 0.0
          },
          {
            "batch": 61.0,
            "span": 6.73844575881958,
            "span_floor_in_batch": 0.0
          },
          {
            "batch": 62.0,
            "letter": 5.0155253410339355,
            "letter_floor_in_batch": 0.0
          },
          {
            "batch": 63.0,
            "letter": 5.255237579345703,
            "letter_floor_in_batch": 0.0
          },
          {
            "batch": 64.0,
            "span": 0.0017515519866719842,
            "span_floor_in_batch": 0.0
          },
          {
            "batch": 65.0,
            "letter": 5.20636510848999,
            "letter_floor_in_batch": 0.0
          },
          {
            "batch": 66.0,
            "span": 0.00166670186445117,
            "span_floor_in_batch": 0.0
          },
          {
            "batch": 67.0,
            "span": 0.0017368597909808159,
            "span_floor_in_batch": 0.0
          },
          {
            "batch": 68.0,
            "letter": 5.317379474639893,
            "letter_floor_in_batch": 0.0
          },
          {
            "batch": 69.0,
            "letter": 5.249671459197998,
            "letter_floor_in_batch": 0.0
          },
          {
            "batch": 70.0,
            "span": 0.0016549827996641397,
            "span_floor_in_batch": 0.0
          },
          {
            "batch": 71.0,
            "span": 0.0016317109111696482,
            "span_floor_in_batch": 0.0
          },
          {
            "batch": 72.0,
            "span": 0.0017694630660116673,
            "span_floor_in_batch": 0.0
          },
          {
            "batch": 73.0,
            "letter": 5.011494159698486,
            "letter_floor_in_batch": 0.0
          },
          {
            "batch": 74.0,
            "span": 0.0018617454916238785,
            "span_floor_in_batch": 0.0
          },
          {
            "batch": 75.0,
            "span": 0.001690440345555544,
            "span_floor_in_batch": 0.0
          },
          {
            "batch": 76.0,
            "span": 0.0017542792484164238,
            "span_floor_in_batch": 0.0
          },
          {
            "batch": 77.0,
            "span": 0.0018784025451168418,
            "span_floor_in_batch": 0.0
          },
          {
            "batch": 78.0,
            "span": 0.0018153758719563484,
            "span_floor_in_batch": 0.0
          },
          {
            "batch": 79.0,
            "span": 6.727229118347168,
            "span_floor_in_batch": 0.0
          },
          {
            "batch": 80.0,
            "letter": 5.011326789855957,
            "letter_floor_in_batch": 0.0
          },
          {
            "batch": 81.0,
            "letter": 5.015570640563965,
            "letter_floor_in_batch": 0.0
          },
          {
            "batch": 82.0,
            "letter": 5.015544414520264,
            "letter_floor_in_batch": 0.0
          },
          {
            "batch": 83.0,
            "letter": 5.212271213531494,
            "letter_floor_in_batch": 0.0
          },
          {
            "batch": 84.0,
            "span": 0.001726622460409999,
            "span_floor_in_batch": 0.0
          },
          {
            "batch": 85.0,
            "letter": 5.255161762237549,
            "letter_floor_in_batch": 0.0
          },
          {
            "batch": 86.0,
            "span": 6.674813747406006,
            "span_floor_in_batch": 0.0
          },
          {
            "batch": 87.0,
            "letter": 5.210481643676758,
            "letter_floor_in_batch": 0.0
          },
          {
            "batch": 88.0,
            "span": 0.0018165871733799577,
            "span_floor_in_batch": 0.0
          },
          {
            "batch": 89.0,
            "span": 6.716241836547852,
            "span_floor_in_batch": 0.0
          },
          {
            "batch": 90.0,
            "letter": 5.253461837768555,
            "letter_floor_in_batch": 0.0
          },
          {
            "batch": 91.0,
            "letter": 5.249649524688721,
            "letter_floor_in_batch": 0.0
          },
          {
            "batch": 92.0,
            "letter": 5.015627384185791,
            "letter_floor_in_batch": 0.0
          },
          {
            "batch": 93.0,
            "span": 6.7389068603515625,
            "span_floor_in_batch": 0.0
          },
          {
            "batch": 94.0,
            "span": 0.0016809275839477777,
            "span_floor_in_batch": 0.0
          },
          {
            "batch": 95.0,
            "letter": 5.216599464416504,
            "letter_floor_in_batch": 0.0
          },
          {
            "batch": 96.0,
            "span": 0.0018920255824923515,
            "span_floor_in_batch": 0.0
          },
          {
            "batch": 97.0,
            "span": 0.001698882319033146,
            "span_floor_in_batch": 0.0
          },
          {
            "batch": 98.0,
            "span": 0.0017320329789072275,
            "span_floor_in_batch": 0.0
          },
          {
            "batch": 99.0,
            "letter": 5.216506481170654,
            "letter_floor_in_batch": 0.0
          },
          {
            "batch": 100.0,
            "letter": 5.2169318199157715,
            "letter_floor_in_batch": 0.0
          },
          {
            "batch": 101.0,
            "span": 0.0019158716313540936,
            "span_floor_in_batch": 0.0
          },
          {
            "batch": 102.0,
            "span": 6.69742488861084,
            "span_floor_in_batch": 0.0
          },
          {
            "batch": 103.0,
            "span": 0.0017287058290094137,
            "span_floor_in_batch": 0.0
          },
          {
            "batch": 104.0,
            "letter": 5.318198204040527,
            "letter_floor_in_batch": 0.0
          },
          {
            "batch": 105.0,
            "letter": 5.011904239654541,
            "letter_floor_in_batch": 0.0
          },
          {
            "batch": 106.0,
            "letter": 5.247909069061279,
            "letter_floor_in_batch": 0.0
          },
          {
            "batch": 107.0,
            "letter": 5.249863147735596,
            "letter_floor_in_batch": 0.0
          },
          {
            "batch": 108.0,
            "span": 0.002025280613452196,
            "span_floor_in_batch": 0.0
          },
          {
            "batch": 109.0,
            "span": 0.0018121195025742054,
            "span_floor_in_batch": 0.0
          },
          {
            "batch": 110.0,
            "span": 0.001602125819772482,
            "span_floor_in_batch": 0.0
          },
          {
            "batch": 111.0,
            "span": 0.0018785222200676799,
            "span_floor_in_batch": 0.0
          },
          {
            "batch": 112.0,
            "letter": 5.21445369720459,
            "letter_floor_in_batch": 0.0
          },
          {
            "batch": 113.0,
            "letter": 5.01132345199585,
            "letter_floor_in_batch": 0.0
          },
          {
            "batch": 114.0,
            "letter": 5.247891902923584,
            "letter_floor_in_batch": 0.0
          },
          {
            "batch": 115.0,
            "span": 0.0018272977322340012,
            "span_floor_in_batch": 0.0
          },
          {
            "batch": 116.0,
            "letter": 5.208495140075684,
            "letter_floor_in_batch": 0.0
          },
          {
            "batch": 117.0,
            "span": 0.0017688110237941146,
            "span_floor_in_batch": 0.0
          },
          {
            "batch": 118.0,
            "span": 6.650594711303711,
            "span_floor_in_batch": 0.0
          },
          {
            "batch": 119.0,
            "letter": 5.015330791473389,
            "letter_floor_in_batch": 0.0
          },
          {
            "batch": 120.0,
            "span": 0.0017203749157488346,
            "span_floor_in_batch": 0.0
          },
          {
            "batch": 121.0,
            "span": 6.726197242736816,
            "span_floor_in_batch": 0.0
          },
          {
            "batch": 122.0,
            "span": 0.0017848145216703415,
            "span_floor_in_batch": 0.0
          },
          {
            "batch": 123.0,
            "letter": 5.246072769165039,
            "letter_floor_in_batch": 0.0
          },
          {
            "batch": 124.0,
            "letter": 5.247840404510498,
            "letter_floor_in_batch": 0.0
          },
          {
            "batch": 125.0,
            "span": 0.0017392041627317667,
            "span_floor_in_batch": 0.0
          },
          {
            "batch": 126.0,
            "letter": 5.249887466430664,
            "letter_floor_in_batch": 0.0
          },
          {
            "batch": 127.0,
            "letter": 5.212222099304199,
            "letter_floor_in_batch": 0.0
          },
          {
            "batch": 128.0,
            "letter": 5.01520299911499,
            "letter_floor_in_batch": 0.0
          },
          {
            "batch": 129.0,
            "letter": 5.249856472015381,
            "letter_floor_in_batch": 0.0
          },
          {
            "batch": 130.0,
            "letter": 5.251674652099609,
            "letter_floor_in_batch": 0.0
          },
          {
            "batch": 131.0,
            "letter": 5.011114597320557,
            "letter_floor_in_batch": 0.0
          },
          {
            "batch": 132.0,
            "span": 0.0017150216735899448,
            "span_floor_in_batch": 0.0
          },
          {
            "batch": 133.0,
            "letter": 5.314492702484131,
            "letter_floor_in_batch": 0.0
          },
          {
            "batch": 134.0,
            "span": 6.726236343383789,
            "span_floor_in_batch": 0.0
          },
          {
            "batch": 135.0,
            "span": 6.693398475646973,
            "span_floor_in_batch": 0.0
          },
          {
            "batch": 136.0,
            "letter": 5.2478556632995605,
            "letter_floor_in_batch": 0.0
          },
          {
            "batch": 137.0,
            "span": 0.0016364131588488817,
            "span_floor_in_batch": 0.0
          },
          {
            "batch": 138.0,
            "letter": 5.212646484375,
            "letter_floor_in_batch": 0.0
          },
          {
            "batch": 139.0,
            "span": 6.738025665283203,
            "span_floor_in_batch": 0.0
          },
          {
            "batch": 140.0,
            "span": 0.0017568472540006042,
            "span_floor_in_batch": 0.0
          },
          {
            "batch": 141.0,
            "span": 0.001686994917690754,
            "span_floor_in_batch": 0.0
          },
          {
            "batch": 142.0,
            "letter": 5.212448596954346,
            "letter_floor_in_batch": 0.0
          },
          {
            "batch": 143.0,
            "letter": 5.251523494720459,
            "letter_floor_in_batch": 0.0
          },
          {
            "batch": 144.0,
            "span": 0.0017585777677595615,
            "span_floor_in_batch": 0.0
          },
          {
            "batch": 145.0,
            "letter": 5.216849327087402,
            "letter_floor_in_batch": 0.0
          },
          {
            "batch": 146.0,
            "letter": 5.314418315887451,
            "letter_floor_in_batch": 0.0
          },
          {
            "batch": 147.0,
            "span": 0.0016871753614395857,
            "span_floor_in_batch": 0.0
          },
          {
            "batch": 148.0,
            "span": 6.669009208679199,
            "span_floor_in_batch": 0.0
          },
          {
            "batch": 149.0,
            "span": 6.776305198669434,
            "span_floor_in_batch": 0.0
          },
          {
            "batch": 150.0,
            "letter": 5.212808132171631,
            "letter_floor_in_batch": 0.0
          },
          {
            "batch": 151.0,
            "span": 0.0017882374813780189,
            "span_floor_in_batch": 0.0
          },
          {
            "batch": 152.0,
            "span": 6.743566513061523,
            "span_floor_in_batch": 0.0
          },
          {
            "batch": 153.0,
            "letter": 5.216529846191406,
            "letter_floor_in_batch": 0.0
          },
          {
            "batch": 154.0,
            "span": 0.00167366792447865,
            "span_floor_in_batch": 0.0
          },
          {
            "batch": 155.0,
            "letter": 5.315413475036621,
            "letter_floor_in_batch": 0.0
          },
          {
            "batch": 156.0,
            "letter": 5.314063549041748,
            "letter_floor_in_batch": 0.0
          },
          {
            "batch": 157.0,
            "span": 6.704767227172852,
            "span_floor_in_batch": 0.0
          },
          {
            "batch": 158.0,
            "span": 0.0018637592438608408,
            "span_floor_in_batch": 0.0
          },
          {
            "batch": 159.0,
            "letter": 5.316410541534424,
            "letter_floor_in_batch": 0.0
          },
          {
            "batch": 160.0,
            "span": 0.0018694796599447727,
            "span_floor_in_batch": 0.0
          },
          {
            "batch": 161.0,
            "span": 6.763261795043945,
            "span_floor_in_batch": 0.0
          },
          {
            "batch": 162.0,
            "letter": 5.313185214996338,
            "letter_floor_in_batch": 0.0
          },
          {
            "batch": 163.0,
            "letter": 5.0154523849487305,
            "letter_floor_in_batch": 0.0
          },
          {
            "batch": 164.0,
            "span": 0.0017179979477077723,
            "span_floor_in_batch": 0.0
          },
          {
            "batch": 165.0,
            "span": 0.0017685722559690475,
            "span_floor_in_batch": 0.0
          },
          {
            "batch": 166.0,
            "span": 0.0017726791556924582,
            "span_floor_in_batch": 0.0
          },
          {
            "batch": 167.0,
            "letter": 5.248000621795654,
            "letter_floor_in_batch": 0.0
          },
          {
            "batch": 168.0,
            "letter": 5.247859477996826,
            "letter_floor_in_batch": 0.0
          },
          {
            "batch": 169.0,
            "span": 0.0017272179247811437,
            "span_floor_in_batch": 0.0
          },
          {
            "batch": 170.0,
            "letter": 5.315081596374512,
            "letter_floor_in_batch": 0.0
          },
          {
            "batch": 171.0,
            "span": 0.0017402346711605787,
            "span_floor_in_batch": 0.0
          },
          {
            "batch": 172.0,
            "letter": 5.31205940246582,
            "letter_floor_in_batch": 0.0
          },
          {
            "batch": 173.0,
            "letter": 5.251607894897461,
            "letter_floor_in_batch": 0.0
          },
          {
            "batch": 174.0,
            "letter": 5.313485622406006,
            "letter_floor_in_batch": 0.0
          },
          {
            "batch": 175.0,
            "span": 6.675951957702637,
            "span_floor_in_batch": 0.0
          },
          {
            "batch": 176.0,
            "letter": 5.21256685256958,
            "letter_floor_in_batch": 0.0
          },
          {
            "batch": 177.0,
            "span": 0.0018091276288032532,
            "span_floor_in_batch": 0.0
          },
          {
            "batch": 178.0,
            "letter": 5.31407356262207,
            "letter_floor_in_batch": 0.0
          },
          {
            "batch": 179.0,
            "letter": 5.015341281890869,
            "letter_floor_in_batch": 0.0
          },
          {
            "batch": 180.0,
            "span": 6.751443862915039,
            "span_floor_in_batch": 0.0
          },
          {
            "batch": 181.0,
            "span": 0.0016771776136010885,
            "span_floor_in_batch": 0.0
          },
          {
            "batch": 182.0,
            "letter": 5.320095539093018,
            "letter_floor_in_batch": 0.0
          },
          {
            "batch": 183.0,
            "span": 0.0017131625209003687,
            "span_floor_in_batch": 0.0
          },
          {
            "batch": 184.0,
            "letter": 5.318294048309326,
            "letter_floor_in_batch": 0.0
          },
          {
            "batch": 185.0,
            "span": 6.656529426574707,
            "span_floor_in_batch": 0.0
          },
          {
            "batch": 186.0,
            "letter": 5.251561164855957,
            "letter_floor_in_batch": 0.0
          },
          {
            "batch": 187.0,
            "letter": 5.31742000579834,
            "letter_floor_in_batch": 0.0
          },
          {
            "batch": 188.0,
            "span": 6.684185981750488,
            "span_floor_in_batch": 0.0
          },
          {
            "batch": 189.0,
            "span": 0.001759049016982317,
            "span_floor_in_batch": 0.0
          },
          {
            "batch": 190.0,
            "span": 6.7439985275268555,
            "span_floor_in_batch": 0.0
          },
          {
            "batch": 191.0,
            "span": 0.001685446361079812,
            "span_floor_in_batch": 0.0
          },
          {
            "batch": 192.0,
            "span": 0.0018150157993659377,
            "span_floor_in_batch": 0.0
          },
          {
            "batch": 193.0,
            "span": 0.0018738792277872562,
            "span_floor_in_batch": 0.0
          },
          {
            "batch": 194.0,
            "span": 0.0017842811066657305,
            "span_floor_in_batch": 0.0
          },
          {
            "batch": 195.0,
            "letter": 5.210510730743408,
            "letter_floor_in_batch": 0.0
          },
          {
            "batch": 196.0,
            "span": 6.686114311218262,
            "span_floor_in_batch": 0.0
          },
          {
            "batch": 197.0,
            "span": 6.71385383605957,
            "span_floor_in_batch": 0.0
          },
          {
            "batch": 198.0,
            "letter": 5.312244892120361,
            "letter_floor_in_batch": 0.0
          },
          {
            "batch": 199.0,
            "span": 0.001971266698092222,
            "span_floor_in_batch": 0.0
          },
          {
            "batch": 200.0,
            "span": 0.0018112808465957642,
            "span_floor_in_batch": 0.0
          },
          {
            "batch": 201.0,
            "letter": 5.214727401733398,
            "letter_floor_in_batch": 0.0
          },
          {
            "batch": 202.0,
            "span": 0.0017357650212943554,
            "span_floor_in_batch": 0.0
          },
          {
            "batch": 203.0,
            "span": 0.0017755352891981602,
            "span_floor_in_batch": 0.0
          },
          {
            "batch": 204.0,
            "span": 0.0016133077442646027,
            "span_floor_in_batch": 0.0
          },
          {
            "batch": 205.0,
            "letter": 5.015393257141113,
            "letter_floor_in_batch": 0.0
          },
          {
            "batch": 206.0,
            "letter": 5.315485954284668,
            "letter_floor_in_batch": 0.0
          },
          {
            "batch": 207.0,
            "span": 0.001863099867478013,
            "span_floor_in_batch": 0.0
          },
          {
            "batch": 208.0,
            "letter": 5.314076900482178,
            "letter_floor_in_batch": 0.0
          },
          {
            "batch": 209.0,
            "span": 6.686700820922852,
            "span_floor_in_batch": 0.0
          },
          {
            "batch": 210.0,
            "span": 0.001837351475842297,
            "span_floor_in_batch": 0.0
          },
          {
            "batch": 211.0,
            "letter": 5.011721611022949,
            "letter_floor_in_batch": 0.0
          },
          {
            "batch": 212.0,
            "span": 0.0016814033733680844,
            "span_floor_in_batch": 0.0
          },
          {
            "batch": 213.0,
            "letter": 5.314248085021973,
            "letter_floor_in_batch": 0.0
          },
          {
            "batch": 214.0,
            "letter": 5.31511116027832,
            "letter_floor_in_batch": 0.0
          },
          {
            "batch": 215.0,
            "span": 0.0017641534795984626,
            "span_floor_in_batch": 0.0
          },
          {
            "batch": 216.0,
            "letter": 5.214747905731201,
            "letter_floor_in_batch": 0.0
          },
          {
            "batch": 217.0,
            "span": 6.736001014709473,
            "span_floor_in_batch": 0.0
          },
          {
            "batch": 218.0,
            "letter": 5.248020172119141,
            "letter_floor_in_batch": 0.0
          },
          {
            "batch": 219.0,
            "span": 0.0016136136837303638,
            "span_floor_in_batch": 0.0
          },
          {
            "batch": 220.0,
            "span": 0.0017805329989641905,
            "span_floor_in_batch": 0.0
          },
          {
            "batch": 221.0,
            "letter": 5.015108585357666,
            "letter_floor_in_batch": 0.0
          },
          {
            "batch": 222.0,
            "span": 6.7456254959106445,
            "span_floor_in_batch": 0.0
          },
          {
            "batch": 223.0,
            "letter": 5.316201686859131,
            "letter_floor_in_batch": 0.0
          },
          {
            "batch": 224.0,
            "span": 0.001640457659959793,
            "span_floor_in_batch": 0.0
          },
          {
            "batch": 225.0,
            "span": 0.001702992245554924,
            "span_floor_in_batch": 0.0
          },
          {
            "batch": 226.0,
            "letter": 5.3142266273498535,
            "letter_floor_in_batch": 0.0
          },
          {
            "batch": 227.0,
            "span": 0.0017714891582727432,
            "span_floor_in_batch": 0.0
          },
          {
            "batch": 228.0,
            "letter": 5.25146484375,
            "letter_floor_in_batch": 0.0
          },
          {
            "batch": 229.0,
            "span": 0.0017361228819936514,
            "span_floor_in_batch": 0.0
          },
          {
            "batch": 230.0,
            "span": 6.665742874145508,
            "span_floor_in_batch": 0.0
          },
          {
            "batch": 231.0,
            "span": 0.001762088155373931,
            "span_floor_in_batch": 0.0
          },
          {
            "batch": 232.0,
            "letter": 5.214764595031738,
            "letter_floor_in_batch": 0.0
          },
          {
            "batch": 233.0,
            "span": 6.695623397827148,
            "span_floor_in_batch": 0.0
          },
          {
            "batch": 234.0,
            "letter": 5.313399791717529,
            "letter_floor_in_batch": 0.0
          },
          {
            "batch": 235.0,
            "letter": 5.01556921005249,
            "letter_floor_in_batch": 0.0
          },
          {
            "batch": 236.0,
            "span": 6.619410991668701,
            "span_floor_in_batch": 0.0
          },
          {
            "batch": 237.0,
            "letter": 5.315978050231934,
            "letter_floor_in_batch": 0.0
          },
          {
            "batch": 238.0,
            "letter": 5.210341453552246,
            "letter_floor_in_batch": 0.0
          },
          {
            "batch": 239.0,
            "span": 0.0017434584442526102,
            "span_floor_in_batch": 0.0
          },
          {
            "batch": 240.0,
            "letter": 5.214673042297363,
            "letter_floor_in_batch": 0.0
          },
          {
            "batch": 241.0,
            "letter": 5.011634826660156,
            "letter_floor_in_batch": 0.0
          },
          {
            "batch": 242.0,
            "span": 6.669893264770508,
            "span_floor_in_batch": 0.0
          },
          {
            "batch": 243.0,
            "letter": 5.2144598960876465,
            "letter_floor_in_batch": 0.0
          },
          {
            "batch": 244.0,
            "span": 0.0017326951492577791,
            "span_floor_in_batch": 0.0
          },
          {
            "batch": 245.0,
            "span": 6.768271446228027,
            "span_floor_in_batch": 0.0
          },
          {
            "batch": 246.0,
            "span": 0.001712523982860148,
            "span_floor_in_batch": 0.0
          },
          {
            "batch": 247.0,
            "letter": 5.318295955657959,
            "letter_floor_in_batch": 0.0
          },
          {
            "batch": 248.0,
            "letter": 5.2125678062438965,
            "letter_floor_in_batch": 0.0
          },
          {
            "batch": 249.0,
            "span": 0.0018286006525158882,
            "span_floor_in_batch": 0.0
          },
          {
            "batch": 250.0,
            "letter": 5.251731872558594,
            "letter_floor_in_batch": 0.0
          },
          {
            "batch": 251.0,
            "letter": 5.011610984802246,
            "letter_floor_in_batch": 0.0
          },
          {
            "batch": 252.0,
            "span": 0.0017431613523513079,
            "span_floor_in_batch": 0.0
          },
          {
            "batch": 253.0,
            "letter": 5.212374687194824,
            "letter_floor_in_batch": 0.0
          },
          {
            "batch": 254.0,
            "span": 0.0018068659119307995,
            "span_floor_in_batch": 0.0
          },
          {
            "batch": 255.0,
            "letter": 5.018948554992676,
            "letter_floor_in_batch": 0.0
          },
          {
            "batch": 256.0,
            "letter": 5.249794006347656,
            "letter_floor_in_batch": 0.0
          },
          {
            "batch": 257.0,
            "span": 0.0016786931082606316,
            "span_floor_in_batch": 0.0
          },
          {
            "batch": 258.0,
            "letter": 5.247762203216553,
            "letter_floor_in_batch": 0.0
          },
          {
            "batch": 259.0,
            "span": 0.001744175679050386,
            "span_floor_in_batch": 0.0
          },
          {
            "batch": 260.0,
            "letter": 5.249631881713867,
            "letter_floor_in_batch": 0.0
          },
          {
            "batch": 261.0,
            "letter": 5.0155534744262695,
            "letter_floor_in_batch": 0.0
          },
          {
            "batch": 262.0,
            "letter": 5.216845512390137,
            "letter_floor_in_batch": 0.0
          },
          {
            "batch": 263.0,
            "span": 0.0017423341050744057,
            "span_floor_in_batch": 0.0
          },
          {
            "batch": 264.0,
            "span": 0.001725602662190795,
            "span_floor_in_batch": 0.0
          },
          {
            "batch": 265.0,
            "letter": 5.019433498382568,
            "letter_floor_in_batch": 0.0
          },
          {
            "batch": 266.0,
            "letter": 5.312264442443848,
            "letter_floor_in_batch": 0.0
          },
          {
            "batch": 267.0,
            "span": 0.0017415591282770038,
            "span_floor_in_batch": 0.0
          },
          {
            "batch": 268.0,
            "letter": 5.015071868896484,
            "letter_floor_in_batch": 0.0
          },
          {
            "batch": 269.0,
            "span": 0.00177249894477427,
            "span_floor_in_batch": 0.0
          },
          {
            "batch": 270.0,
            "span": 0.0017241269815713167,
            "span_floor_in_batch": 0.0
          },
          {
            "batch": 271.0,
            "letter": 5.2496490478515625,
            "letter_floor_in_batch": 0.0
          },
          {
            "batch": 272.0,
            "letter": 5.015467166900635,
            "letter_floor_in_batch": 0.0
          },
          {
            "batch": 273.0,
            "span": 0.0016737101832404733,
            "span_floor_in_batch": 0.0
          },
          {
            "batch": 274.0,
            "span": 0.0017798785120248795,
            "span_floor_in_batch": 0.0
          },
          {
            "batch": 275.0,
            "letter": 5.246013641357422,
            "letter_floor_in_batch": 0.0
          },
          {
            "batch": 276.0,
            "letter": 5.31521463394165,
            "letter_floor_in_batch": 0.0
          },
          {
            "batch": 277.0,
            "letter": 5.3151750564575195,
            "letter_floor_in_batch": 0.0
          },
          {
            "batch": 278.0,
            "span": 0.0017929853638634086,
            "span_floor_in_batch": 0.0
          },
          {
            "batch": 279.0,
            "span": 0.0017434048932045698,
            "span_floor_in_batch": 0.0
          },
          {
            "batch": 280.0,
            "letter": 5.3133625984191895,
            "letter_floor_in_batch": 0.0
          },
          {
            "batch": 281.0,
            "letter": 5.245964527130127,
            "letter_floor_in_batch": 0.0
          },
          {
            "batch": 282.0,
            "span": 0.0017453688196837902,
            "span_floor_in_batch": 0.0
          },
          {
            "batch": 283.0,
            "letter": 5.216578960418701,
            "letter_floor_in_batch": 0.0
          },
          {
            "batch": 284.0,
            "letter": 5.015525817871094,
            "letter_floor_in_batch": 0.0
          },
          {
            "batch": 285.0,
            "letter": 5.2481584548950195,
            "letter_floor_in_batch": 0.0
          },
          {
            "batch": 286.0,
            "span": 0.0016761048464104533,
            "span_floor_in_batch": 0.0
          },
          {
            "batch": 287.0,
            "letter": 5.3161420822143555,
            "letter_floor_in_batch": 0.0
          },
          {
            "batch": 288.0,
            "letter": 5.019158363342285,
            "letter_floor_in_batch": 0.0
          },
          {
            "batch": 289.0,
            "letter": 5.21688985824585,
            "letter_floor_in_batch": 0.0
          },
          {
            "batch": 290.0,
            "letter": 5.015608310699463,
            "letter_floor_in_batch": 0.0
          },
          {
            "batch": 291.0,
            "span": 0.0016842486802488565,
            "span_floor_in_batch": 0.0
          },
          {
            "batch": 292.0,
            "span": 0.0017594683449715376,
            "span_floor_in_batch": 0.0
          },
          {
            "batch": 293.0,
            "letter": 5.011376857757568,
            "letter_floor_in_batch": 0.0
          },
          {
            "batch": 294.0,
            "span": 0.0016444290522485971,
            "span_floor_in_batch": 0.0
          },
          {
            "batch": 295.0,
            "span": 0.0018332377076148987,
            "span_floor_in_batch": 0.0
          },
          {
            "batch": 296.0,
            "span": 6.707657814025879,
            "span_floor_in_batch": 0.0
          },
          {
            "batch": 297.0,
            "letter": 5.212851047515869,
            "letter_floor_in_batch": 0.0
          },
          {
            "batch": 298.0,
            "span": 6.700056076049805,
            "span_floor_in_batch": 0.0
          },
          {
            "batch": 299.0,
            "letter": 5.251770973205566,
            "letter_floor_in_batch": 0.0
          },
          {
            "batch": 300.0,
            "letter": 5.0155744552612305,
            "letter_floor_in_batch": 0.0
          },
          {
            "batch": 301.0,
            "span": 0.0018131936667487025,
            "span_floor_in_batch": 0.0
          },
          {
            "batch": 302.0,
            "span": 0.001901604002341628,
            "span_floor_in_batch": 0.0
          },
          {
            "batch": 303.0,
            "letter": 5.314018726348877,
            "letter_floor_in_batch": 0.0
          },
          {
            "batch": 304.0,
            "letter": 5.316434383392334,
            "letter_floor_in_batch": 0.0
          },
          {
            "batch": 305.0,
            "span": 0.0017545318696647882,
            "span_floor_in_batch": 0.0
          },
          {
            "batch": 306.0,
            "letter": 5.249773979187012,
            "letter_floor_in_batch": 0.0
          },
          {
            "batch": 307.0,
            "letter": 5.01549768447876,
            "letter_floor_in_batch": 0.0
          },
          {
            "batch": 308.0,
            "letter": 5.316333293914795,
            "letter_floor_in_batch": 0.0
          },
          {
            "batch": 309.0,
            "span": 6.631966590881348,
            "span_floor_in_batch": 0.0
          },
          {
            "batch": 310.0,
            "span": 0.001661521615460515,
            "span_floor_in_batch": 0.0
          },
          {
            "batch": 311.0,
            "span": 6.7037353515625,
            "span_floor_in_batch": 0.0
          },
          {
            "batch": 312.0,
            "letter": 5.247705459594727,
            "letter_floor_in_batch": 0.0
          },
          {
            "batch": 313.0,
            "span": 0.0018049776554107666,
            "span_floor_in_batch": 0.0
          },
          {
            "batch": 314.0,
            "letter": 5.015556335449219,
            "letter_floor_in_batch": 0.0
          },
          {
            "batch": 315.0,
            "span": 0.0017299538012593985,
            "span_floor_in_batch": 0.0
          },
          {
            "batch": 316.0,
            "letter": 5.249568462371826,
            "letter_floor_in_batch": 0.0
          },
          {
            "batch": 317.0,
            "span": 0.0016115889884531498,
            "span_floor_in_batch": 0.0
          },
          {
            "batch": 318.0,
            "letter": 5.015435695648193,
            "letter_floor_in_batch": 0.0
          },
          {
            "batch": 319.0,
            "span": 0.0016883027274161577,
            "span_floor_in_batch": 0.0
          },
          {
            "batch": 320.0,
            "letter": 5.249738693237305,
            "letter_floor_in_batch": 0.0
          },
          {
            "batch": 321.0,
            "span": 0.0017031097086146474,
            "span_floor_in_batch": 0.0
          },
          {
            "batch": 322.0,
            "span": 0.0018756650388240814,
            "span_floor_in_batch": 0.0
          },
          {
            "batch": 323.0,
            "letter": 5.318099021911621,
            "letter_floor_in_batch": 0.0
          },
          {
            "batch": 324.0,
            "span": 0.001939319772645831,
            "span_floor_in_batch": 0.0
          },
          {
            "batch": 325.0,
            "span": 0.0016034985892474651,
            "span_floor_in_batch": 0.0
          },
          {
            "batch": 326.0,
            "letter": 5.212854862213135,
            "letter_floor_in_batch": 0.0
          },
          {
            "batch": 327.0,
            "span": 0.0017302727792412043,
            "span_floor_in_batch": 0.0
          },
          {
            "batch": 328.0,
            "letter": 5.249737739562988,
            "letter_floor_in_batch": 0.0
          },
          {
            "batch": 329.0,
            "span": 6.727874279022217,
            "span_floor_in_batch": 0.0
          },
          {
            "batch": 330.0,
            "span": 0.0017265069764107466,
            "span_floor_in_batch": 0.0
          },
          {
            "batch": 331.0,
            "span": 0.0017508954042568803,
            "span_floor_in_batch": 0.0
          },
          {
            "batch": 332.0,
            "letter": 5.214777946472168,
            "letter_floor_in_batch": 0.0
          },
          {
            "batch": 333.0,
            "span": 0.0016957439947873354,
            "span_floor_in_batch": 0.0
          },
          {
            "batch": 334.0,
            "letter": 5.314352989196777,
            "letter_floor_in_batch": 0.0
          },
          {
            "batch": 335.0,
            "span": 0.0016902650240808725,
            "span_floor_in_batch": 0.0
          },
          {
            "batch": 336.0,
            "span": 0.0016298515256494284,
            "span_floor_in_batch": 0.0
          },
          {
            "batch": 337.0,
            "letter": 5.249626636505127,
            "letter_floor_in_batch": 0.0
          },
          {
            "batch": 338.0,
            "letter": 5.24807071685791,
            "letter_floor_in_batch": 0.0
          },
          {
            "batch": 339.0,
            "span": 0.001733885146677494,
            "span_floor_in_batch": 0.0
          },
          {
            "batch": 340.0,
            "letter": 5.2104926109313965,
            "letter_floor_in_batch": 0.0
          },
          {
            "batch": 341.0,
            "letter": 5.015493869781494,
            "letter_floor_in_batch": 0.0
          },
          {
            "batch": 342.0,
            "span": 0.0018398455576971173,
            "span_floor_in_batch": 0.0
          },
          {
            "batch": 343.0,
            "span": 0.0018522856989875436,
            "span_floor_in_batch": 0.0
          }
        ],
        "span_floor_mean_per_batch": 0.0,
        "span_floor_over_the_plan": 0.0,
        "span_gap": 1.6796500749593644,
        "span_loss": 1.6796500749593644,
        "span_rows": 172
      },
      "ft_row_id": "318d404c-18ec-4e46-88b1-7118958ec267",
      "letter_at_first_joint_batch": NaN,
      "letter_first": 5.4493088722229,
      "letter_floor": 0.0,
      "letter_last": 5.015584468841553,
      "lower_layers_n": 1,
      "lower_lr_scale": 0.1,
      "micro_batches": 344,
      "no_memorise": true,
      "optimizer_recipe": "master",
      "optimizer_steps": 344,
      "padding_fraction": 0.0,
      "params": 112680,
      "score_row_id": "c47bb1de-316f-425a-a5cf-248a50064d99",
      "seed": 0,
      "span_at_first_joint_batch": NaN,
      "span_first": 7.171743869781494,
      "span_floor": 0.0,
      "span_last": 0.0018952980171889067,
      "span_rows": 172,
      "span_weight": 1.0,
      "steps_per_s": 7.49,
      "steps_requested": 344,
      "supervised_tokens": 172,
      "tag": "epoch",
      "termination": "steps_exhausted",
      "total_first": 7.171743869781494,
      "total_last": 0.0018952980171889067,
      "train_attention_mask": "none",
      "wall_clock_s": 45.945
    }
  ],
  "arm2": [],
  "batches": {
    "batches": 344,
    "batches_letter_only": 172,
    "batches_span_only": 172,
    "batches_with_a_span_row": 172,
    "letter_channel_live_chunks": 172,
    "letter_channel_total_chunks": 344,
    "widths": [
      394,
      396,
      435,
      437
    ]
  },
  "batches_with_span": [
    {
      "bucket": 1,
      "chunks": 1,
      "index": 0,
      "kinds": {
        "span": 1
      },
      "live_chunks": 0,
      "rows": 1,
      "span_rows": 1,
      "supervised": 0,
      "width": 396
    },
    {
      "bucket": 1,
      "chunks": 1,
      "index": 6,
      "kinds": {
        "span": 1
      },
      "live_chunks": 0,
      "rows": 1,
      "span_rows": 1,
      "supervised": 0,
      "width": 396
    },
    {
      "bucket": 1,
      "chunks": 1,
      "index": 8,
      "kinds": {
        "span": 1
      },
      "live_chunks": 0,
      "rows": 1,
      "span_rows": 1,
      "supervised": 0,
      "width": 396
    },
    {
      "bucket": 1,
      "chunks": 1,
      "index": 9,
      "kinds": {
        "span": 1
      },
      "live_chunks": 0,
      "rows": 1,
      "span_rows": 1,
      "supervised": 0,
      "width": 396
    },
    {
      "bucket": 1,
      "chunks": 1,
      "index": 11,
      "kinds": {
        "span": 1
      },
      "live_chunks": 0,
      "rows": 1,
      "span_rows": 1,
      "supervised": 0,
      "width": 396
    },
    {
      "bucket": 0,
      "chunks": 1,
      "index": 12,
      "kinds": {
        "span": 1
      },
      "live_chunks": 0,
      "rows": 1,
      "span_rows": 1,
      "supervised": 0,
      "width": 394
    },
    {
      "bucket": 1,
      "chunks": 1,
      "index": 13,
      "kinds": {
        "span": 1
      },
      "live_chunks": 0,
      "rows": 1,
      "span_rows": 1,
      "supervised": 0,
      "width": 396
    },
    {
      "bucket": 0,
      "chunks": 1,
      "index": 15,
      "kinds": {
        "span": 1
      },
      "live_chunks": 0,
      "rows": 1,
      "span_rows": 1,
      "supervised": 0,
      "width": 394
    },
    {
      "bucket": 1,
      "chunks": 1,
      "index": 16,
      "kinds": {
        "span": 1
      },
      "live_chunks": 0,
      "rows": 1,
      "span_rows": 1,
      "supervised": 0,
      "width": 396
    },
    {
      "bucket": 1,
      "chunks": 1,
      "index": 20,
      "kinds": {
        "span": 1
      },
      "live_chunks": 0,
      "rows": 1,
      "span_rows": 1,
      "supervised": 0,
      "width": 396
    },
    {
      "bucket": 0,
      "chunks": 1,
      "index": 22,
      "kinds": {
        "span": 1
      },
      "live_chunks": 0,
      "rows": 1,
      "span_rows": 1,
      "supervised": 0,
      "width": 394
    },
    {
      "bucket": 1,
      "chunks": 1,
      "index": 24,
      "kinds": {
        "span": 1
      },
      "live_chunks": 0,
      "rows": 1,
      "span_rows": 1,
      "supervised": 0,
      "width": 396
    },
    {
      "bucket": 0,
      "chunks": 1,
      "index": 25,
      "kinds": {
        "span": 1
      },
      "live_chunks": 0,
      "rows": 1,
      "span_rows": 1,
      "supervised": 0,
      "width": 394
    },
    {
      "bucket": 1,
      "chunks": 1,
      "index": 27,
      "kinds": {
        "span": 1
      },
      "live_chunks": 0,
      "rows": 1,
      "span_rows": 1,
      "supervised": 0,
      "width": 396
    },
    {
      "bucket": 0,
      "chunks": 1,
      "index": 28,
      "kinds": {
        "span": 1
      },
      "live_chunks": 0,
      "rows": 1,
      "span_rows": 1,
      "supervised": 0,
      "width": 394
    },
    {
      "bucket": 0,
      "chunks": 1,
      "index": 29,
      "kinds": {
        "span": 1
      },
      "live_chunks": 0,
      "rows": 1,
      "span_rows": 1,
      "supervised": 0,
      "width": 394
    },
    {
      "bucket": 0,
      "chunks": 1,
      "index": 32,
      "kinds": {
        "span": 1
      },
      "live_chunks": 0,
      "rows": 1,
      "span_rows": 1,
      "supervised": 0,
      "width": 394
    },
    {
      "bucket": 1,
      "chunks": 1,
      "index": 34,
      "kinds": {
        "span": 1
      },
      "live_chunks": 0,
      "rows": 1,
      "span_rows": 1,
      "supervised": 0,
      "width": 396
    },
    {
      "bucket": 1,
      "chunks": 1,
      "index": 37,
      "kinds": {
        "span": 1
      },
      "live_chunks": 0,
      "rows": 1,
      "span_rows": 1,
      "supervised": 0,
      "width": 396
    },
    {
      "bucket": 1,
      "chunks": 1,
      "index": 41,
      "kinds": {
        "span": 1
      },
      "live_chunks": 0,
      "rows": 1,
      "span_rows": 1,
      "supervised": 0,
      "width": 396
    },
    {
      "bucket": 0,
      "chunks": 1,
      "index": 52,
      "kinds": {
        "span": 1
      },
      "live_chunks": 0,
      "rows": 1,
      "span_rows": 1,
      "supervised": 0,
      "width": 394
    },
    {
      "bucket": 1,
      "chunks": 1,
      "index": 53,
      "kinds": {
        "span": 1
      },
      "live_chunks": 0,
      "rows": 1,
      "span_rows": 1,
      "supervised": 0,
      "width": 396
    },
    {
      "bucket": 1,
      "chunks": 1,
      "index": 54,
      "kinds": {
        "span": 1
      },
      "live_chunks": 0,
      "rows": 1,
      "span_rows": 1,
      "supervised": 0,
      "width": 396
    },
    {
      "bucket": 0,
      "chunks": 1,
      "index": 55,
      "kinds": {
        "span": 1
      },
      "live_chunks": 0,
      "rows": 1,
      "span_rows": 1,
      "supervised": 0,
      "width": 394
    },
    {
      "bucket": 0,
      "chunks": 1,
      "index": 57,
      "kinds": {
        "span": 1
      },
      "live_chunks": 0,
      "rows": 1,
      "span_rows": 1,
      "supervised": 0,
      "width": 394
    },
    {
      "bucket": 1,
      "chunks": 1,
      "index": 61,
      "kinds": {
        "span": 1
      },
      "live_chunks": 0,
      "rows": 1,
      "span_rows": 1,
      "supervised": 0,
      "width": 396
    },
    {
      "bucket": 1,
      "chunks": 1,
      "index": 64,
      "kinds": {
        "span": 1
      },
      "live_chunks": 0,
      "rows": 1,
      "span_rows": 1,
      "supervised": 0,
      "width": 396
    },
    {
      "bucket": 1,
      "chunks": 1,
      "index": 66,
      "kinds": {
        "span": 1
      },
      "live_chunks": 0,
      "rows": 1,
      "span_rows": 1,
      "supervised": 0,
      "width": 396
    },
    {
      "bucket": 1,
      "chunks": 1,
      "index": 67,
      "kinds": {
        "span": 1
      },
      "live_chunks": 0,
      "rows": 1,
      "span_rows": 1,
      "supervised": 0,
      "width": 396
    },
    {
      "bucket": 1,
      "chunks": 1,
      "index": 70,
      "kinds": {
        "span": 1
      },
      "live_chunks": 0,
      "rows": 1,
      "span_rows": 1,
      "supervised": 0,
      "width": 396
    },
    {
      "bucket": 0,
      "chunks": 1,
      "index": 71,
      "kinds": {
        "span": 1
      },
      "live_chunks": 0,
      "rows": 1,
      "span_rows": 1,
      "supervised": 0,
      "width": 394
    },
    {
      "bucket": 1,
      "chunks": 1,
      "index": 72,
      "kinds": {
        "span": 1
      },
      "live_chunks": 0,
      "rows": 1,
      "span_rows": 1,
      "supervised": 0,
      "width": 396
    },
    {
      "bucket": 1,
      "chunks": 1,
      "index": 74,
      "kinds": {
        "span": 1
      },
      "live_chunks": 0,
      "rows": 1,
      "span_rows": 1,
      "supervised": 0,
      "width": 396
    },
    {
      "bucket": 1,
      "chunks": 1,
      "index": 75,
      "kinds": {
        "span": 1
      },
      "live_chunks": 0,
      "rows": 1,
      "span_rows": 1,
      "supervised": 0,
      "width": 396
    },
    {
      "bucket": 1,
      "chunks": 1,
      "index": 76,
      "kinds": {
        "span": 1
      },
      "live_chunks": 0,
      "rows": 1,
      "span_rows": 1,
      "supervised": 0,
      "width": 396
    },
    {
      "bucket": 1,
      "chunks": 1,
      "index": 77,
      "kinds": {
        "span": 1
      },
      "live_chunks": 0,
      "rows": 1,
      "span_rows": 1,
      "supervised": 0,
      "width": 396
    },
    {
      "bucket": 1,
      "chunks": 1,
      "index": 78,
      "kinds": {
        "span": 1
      },
      "live_chunks": 0,
      "rows": 1,
      "span_rows": 1,
      "supervised": 0,
      "width": 396
    },
    {
      "bucket": 1,
      "chunks": 1,
      "index": 79,
      "kinds": {
        "span": 1
      },
      "live_chunks": 0,
      "rows": 1,
      "span_rows": 1,
      "supervised": 0,
      "width": 396
    },
    {
      "bucket": 1,
      "chunks": 1,
      "index": 84,
      "kinds": {
        "span": 1
      },
      "live_chunks": 0,
      "rows": 1,
      "span_rows": 1,
      "supervised": 0,
      "width": 396
    },
    {
      "bucket": 1,
      "chunks": 1,
      "index": 86,
      "kinds": {
        "span": 1
      },
      "live_chunks": 0,
      "rows": 1,
      "span_rows": 1,
      "supervised": 0,
      "width": 396
    },
    {
      "bucket": 1,
      "chunks": 1,
      "index": 88,
      "kinds": {
        "span": 1
      },
      "live_chunks": 0,
      "rows": 1,
      "span_rows": 1,
      "supervised": 0,
      "width": 396
    },
    {
      "bucket": 1,
      "chunks": 1,
      "index": 89,
      "kinds": {
        "span": 1
      },
      "live_chunks": 0,
      "rows": 1,
      "span_rows": 1,
      "supervised": 0,
      "width": 396
    },
    {
      "bucket": 1,
      "chunks": 1,
      "index": 93,
      "kinds": {
        "span": 1
      },
      "live_chunks": 0,
      "rows": 1,
      "span_rows": 1,
      "supervised": 0,
      "width": 396
    },
    {
      "bucket": 1,
      "chunks": 1,
      "index": 94,
      "kinds": {
        "span": 1
      },
      "live_chunks": 0,
      "rows": 1,
      "span_rows": 1,
      "supervised": 0,
      "width": 396
    },
    {
      "bucket": 1,
      "chunks": 1,
      "index": 96,
      "kinds": {
        "span": 1
      },
      "live_chunks": 0,
      "rows": 1,
      "span_rows": 1,
      "supervised": 0,
      "width": 396
    },
    {
      "bucket": 1,
      "chunks": 1,
      "index": 97,
      "kinds": {
        "span": 1
      },
      "live_chunks": 0,
      "rows": 1,
      "span_rows": 1,
      "supervised": 0,
      "width": 396
    },
    {
      "bucket": 1,
      "chunks": 1,
      "index": 98,
      "kinds": {
        "span": 1
      },
      "live_chunks": 0,
      "rows": 1,
      "span_rows": 1,
      "supervised": 0,
      "width": 396
    },
    {
      "bucket": 1,
      "chunks": 1,
      "index": 101,
      "kinds": {
        "span": 1
      },
      "live_chunks": 0,
      "rows": 1,
      "span_rows": 1,
      "supervised": 0,
      "width": 396
    },
    {
      "bucket": 1,
      "chunks": 1,
      "index": 102,
      "kinds": {
        "span": 1
      },
      "live_chunks": 0,
      "rows": 1,
      "span_rows": 1,
      "supervised": 0,
      "width": 396
    },
    {
      "bucket": 1,
      "chunks": 1,
      "index": 103,
      "kinds": {
        "span": 1
      },
      "live_chunks": 0,
      "rows": 1,
      "span_rows": 1,
      "supervised": 0,
      "width": 396
    },
    {
      "bucket": 1,
      "chunks": 1,
      "index": 108,
      "kinds": {
        "span": 1
      },
      "live_chunks": 0,
      "rows": 1,
      "span_rows": 1,
      "supervised": 0,
      "width": 396
    },
    {
      "bucket": 1,
      "chunks": 1,
      "index": 109,
      "kinds": {
        "span": 1
      },
      "live_chunks": 0,
      "rows": 1,
      "span_rows": 1,
      "supervised": 0,
      "width": 396
    },
    {
      "bucket": 0,
      "chunks": 1,
      "index": 110,
      "kinds": {
        "span": 1
      },
      "live_chunks": 0,
      "rows": 1,
      "span_rows": 1,
      "supervised": 0,
      "width": 394
    },
    {
      "bucket": 1,
      "chunks": 1,
      "index": 111,
      "kinds": {
        "span": 1
      },
      "live_chunks": 0,
      "rows": 1,
      "span_rows": 1,
      "supervised": 0,
      "width": 396
    },
    {
      "bucket": 1,
      "chunks": 1,
      "index": 115,
      "kinds": {
        "span": 1
      },
      "live_chunks": 0,
      "rows": 1,
      "span_rows": 1,
      "supervised": 0,
      "width": 396
    },
    {
      "bucket": 1,
      "chunks": 1,
      "index": 117,
      "kinds": {
        "span": 1
      },
      "live_chunks": 0,
      "rows": 1,
      "span_rows": 1,
      "supervised": 0,
      "width": 396
    },
    {
      "bucket": 1,
      "chunks": 1,
      "index": 118,
      "kinds": {
        "span": 1
      },
      "live_chunks": 0,
      "rows": 1,
      "span_rows": 1,
      "supervised": 0,
      "width": 396
    },
    {
      "bucket": 1,
      "chunks": 1,
      "index": 120,
      "kinds": {
        "span": 1
      },
      "live_chunks": 0,
      "rows": 1,
      "span_rows": 1,
      "supervised": 0,
      "width": 396
    },
    {
      "bucket": 1,
      "chunks": 1,
      "index": 121,
      "kinds": {
        "span": 1
      },
      "live_chunks": 0,
      "rows": 1,
      "span_rows": 1,
      "supervised": 0,
      "width": 396
    },
    {
      "bucket": 1,
      "chunks": 1,
      "index": 122,
      "kinds": {
        "span": 1
      },
      "live_chunks": 0,
      "rows": 1,
      "span_rows": 1,
      "supervised": 0,
      "width": 396
    },
    {
      "bucket": 1,
      "chunks": 1,
      "index": 125,
      "kinds": {
        "span": 1
      },
      "live_chunks": 0,
      "rows": 1,
      "span_rows": 1,
      "supervised": 0,
      "width": 396
    },
    {
      "bucket": 1,
      "chunks": 1,
      "index": 132,
      "kinds": {
        "span": 1
      },
      "live_chunks": 0,
      "rows": 1,
      "span_rows": 1,
      "supervised": 0,
      "width": 396
    },
    {
      "bucket": 1,
      "chunks": 1,
      "index": 134,
      "kinds": {
        "span": 1
      },
      "live_chunks": 0,
      "rows": 1,
      "span_rows": 1,
      "supervised": 0,
      "width": 396
    },
    {
      "bucket": 1,
      "chunks": 1,
      "index": 135,
      "kinds": {
        "span": 1
      },
      "live_chunks": 0,
      "rows": 1,
      "span_rows": 1,
      "supervised": 0,
      "width": 396
    },
    {
      "bucket": 0,
      "chunks": 1,
      "index": 137,
      "kinds": {
        "span": 1
      },
      "live_chunks": 0,
      "rows": 1,
      "span_rows": 1,
      "supervised": 0,
      "width": 394
    },
    {
      "bucket": 1,
      "chunks": 1,
      "index": 139,
      "kinds": {
        "span": 1
      },
      "live_chunks": 0,
      "rows": 1,
      "span_rows": 1,
      "supervised": 0,
      "width": 396
    },
    {
      "bucket": 1,
      "chunks": 1,
      "index": 140,
      "kinds": {
        "span": 1
      },
      "live_chunks": 0,
      "rows": 1,
      "span_rows": 1,
      "supervised": 0,
      "width": 396
    },
    {
      "bucket": 1,
      "chunks": 1,
      "index": 141,
      "kinds": {
        "span": 1
      },
      "live_chunks": 0,
      "rows": 1,
      "span_rows": 1,
      "supervised": 0,
      "width": 396
    },
    {
      "bucket": 1,
      "chunks": 1,
      "index": 144,
      "kinds": {
        "span": 1
      },
      "live_chunks": 0,
      "rows": 1,
      "span_rows": 1,
      "supervised": 0,
      "width": 396
    },
    {
      "bucket": 1,
      "chunks": 1,
      "index": 147,
      "kinds": {
        "span": 1
      },
      "live_chunks": 0,
      "rows": 1,
      "span_rows": 1,
      "supervised": 0,
      "width": 396
    },
    {
      "bucket": 1,
      "chunks": 1,
      "index": 148,
      "kinds": {
        "span": 1
      },
      "live_chunks": 0,
      "rows": 1,
      "span_rows": 1,
      "supervised": 0,
      "width": 396
    },
    {
      "bucket": 0,
      "chunks": 1,
      "index": 149,
      "kinds": {
        "span": 1
      },
      "live_chunks": 0,
      "rows": 1,
      "span_rows": 1,
      "supervised": 0,
      "width": 394
    },
    {
      "bucket": 0,
      "chunks": 1,
      "index": 151,
      "kinds": {
        "span": 1
      },
      "live_chunks": 0,
      "rows": 1,
      "span_rows": 1,
      "supervised": 0,
      "width": 394
    },
    {
      "bucket": 1,
      "chunks": 1,
      "index": 152,
      "kinds": {
        "span": 1
      },
      "live_chunks": 0,
      "rows": 1,
      "span_rows": 1,
      "supervised": 0,
      "width": 396
    },
    {
      "bucket": 1,
      "chunks": 1,
      "index": 154,
      "kinds": {
        "span": 1
      },
      "live_chunks": 0,
      "rows": 1,
      "span_rows": 1,
      "supervised": 0,
      "width": 396
    },
    {
      "bucket": 1,
      "chunks": 1,
      "index": 157,
      "kinds": {
        "span": 1
      },
      "live_chunks": 0,
      "rows": 1,
      "span_rows": 1,
      "supervised": 0,
      "width": 396
    },
    {
      "bucket": 1,
      "chunks": 1,
      "index": 158,
      "kinds": {
        "span": 1
      },
      "live_chunks": 0,
      "rows": 1,
      "span_rows": 1,
      "supervised": 0,
      "width": 396
    },
    {
      "bucket": 1,
      "chunks": 1,
      "index": 160,
      "kinds": {
        "span": 1
      },
      "live_chunks": 0,
      "rows": 1,
      "span_rows": 1,
      "supervised": 0,
      "width": 396
    },
    {
      "bucket": 0,
      "chunks": 1,
      "index": 161,
      "kinds": {
        "span": 1
      },
      "live_chunks": 0,
      "rows": 1,
      "span_rows": 1,
      "supervised": 0,
      "width": 394
    },
    {
      "bucket": 1,
      "chunks": 1,
      "index": 164,
      "kinds": {
        "span": 1
      },
      "live_chunks": 0,
      "rows": 1,
      "span_rows": 1,
      "supervised": 0,
      "width": 396
    },
    {
      "bucket": 1,
      "chunks": 1,
      "index": 165,
      "kinds": {
        "span": 1
      },
      "live_chunks": 0,
      "rows": 1,
      "span_rows": 1,
      "supervised": 0,
      "width": 396
    },
    {
      "bucket": 1,
      "chunks": 1,
      "index": 166,
      "kinds": {
        "span": 1
      },
      "live_chunks": 0,
      "rows": 1,
      "span_rows": 1,
      "supervised": 0,
      "width": 396
    },
    {
      "bucket": 1,
      "chunks": 1,
      "index": 169,
      "kinds": {
        "span": 1
      },
      "live_chunks": 0,
      "rows": 1,
      "span_rows": 1,
      "supervised": 0,
      "width": 396
    },
    {
      "bucket": 1,
      "chunks": 1,
      "index": 171,
      "kinds": {
        "span": 1
      },
      "live_chunks": 0,
      "rows": 1,
      "span_rows": 1,
      "supervised": 0,
      "width": 396
    },
    {
      "bucket": 1,
      "chunks": 1,
      "index": 175,
      "kinds": {
        "span": 1
      },
      "live_chunks": 0,
      "rows": 1,
      "span_rows": 1,
      "supervised": 0,
      "width": 396
    },
    {
      "bucket": 1,
      "chunks": 1,
      "index": 177,
      "kinds": {
        "span": 1
      },
      "live_chunks": 0,
      "rows": 1,
      "span_rows": 1,
      "supervised": 0,
      "width": 396
    },
    {
      "bucket": 1,
      "chunks": 1,
      "index": 180,
      "kinds": {
        "span": 1
      },
      "live_chunks": 0,
      "rows": 1,
      "span_rows": 1,
      "supervised": 0,
      "width": 396
    },
    {
      "bucket": 1,
      "chunks": 1,
      "index": 181,
      "kinds": {
        "span": 1
      },
      "live_chunks": 0,
      "rows": 1,
      "span_rows": 1,
      "supervised": 0,
      "width": 396
    },
    {
      "bucket": 1,
      "chunks": 1,
      "index": 183,
      "kinds": {
        "span": 1
      },
      "live_chunks": 0,
      "rows": 1,
      "span_rows": 1,
      "supervised": 0,
      "width": 396
    },
    {
      "bucket": 1,
      "chunks": 1,
      "index": 185,
      "kinds": {
        "span": 1
      },
      "live_chunks": 0,
      "rows": 1,
      "span_rows": 1,
      "supervised": 0,
      "width": 396
    },
    {
      "bucket": 1,
      "chunks": 1,
      "index": 188,
      "kinds": {
        "span": 1
      },
      "live_chunks": 0,
      "rows": 1,
      "span_rows": 1,
      "supervised": 0,
      "width": 396
    },
    {
      "bucket": 1,
      "chunks": 1,
      "index": 189,
      "kinds": {
        "span": 1
      },
      "live_chunks": 0,
      "rows": 1,
      "span_rows": 1,
      "supervised": 0,
      "width": 396
    },
    {
      "bucket": 1,
      "chunks": 1,
      "index": 190,
      "kinds": {
        "span": 1
      },
      "live_chunks": 0,
      "rows": 1,
      "span_rows": 1,
      "supervised": 0,
      "width": 396
    },
    {
      "bucket": 0,
      "chunks": 1,
      "index": 191,
      "kinds": {
        "span": 1
      },
      "live_chunks": 0,
      "rows": 1,
      "span_rows": 1,
      "supervised": 0,
      "width": 394
    },
    {
      "bucket": 0,
      "chunks": 1,
      "index": 192,
      "kinds": {
        "span": 1
      },
      "live_chunks": 0,
      "rows": 1,
      "span_rows": 1,
      "supervised": 0,
      "width": 394
    },
    {
      "bucket": 1,
      "chunks": 1,
      "index": 193,
      "kinds": {
        "span": 1
      },
      "live_chunks": 0,
      "rows": 1,
      "span_rows": 1,
      "supervised": 0,
      "width": 396
    },
    {
      "bucket": 1,
      "chunks": 1,
      "index": 194,
      "kinds": {
        "span": 1
      },
      "live_chunks": 0,
      "rows": 1,
      "span_rows": 1,
      "supervised": 0,
      "width": 396
    },
    {
      "bucket": 1,
      "chunks": 1,
      "index": 196,
      "kinds": {
        "span": 1
      },
      "live_chunks": 0,
      "rows": 1,
      "span_rows": 1,
      "supervised": 0,
      "width": 396
    },
    {
      "bucket": 1,
      "chunks": 1,
      "index": 197,
      "kinds": {
        "span": 1
      },
      "live_chunks": 0,
      "rows": 1,
      "span_rows": 1,
      "supervised": 0,
      "width": 396
    },
    {
      "bucket": 1,
      "chunks": 1,
      "index": 199,
      "kinds": {
        "span": 1
      },
      "live_chunks": 0,
      "rows": 1,
      "span_rows": 1,
      "supervised": 0,
      "width": 396
    },
    {
      "bucket": 1,
      "chunks": 1,
      "index": 200,
      "kinds": {
        "span": 1
      },
      "live_chunks": 0,
      "rows": 1,
      "span_rows": 1,
      "supervised": 0,
      "width": 396
    },
    {
      "bucket": 0,
      "chunks": 1,
      "index": 202,
      "kinds": {
        "span": 1
      },
      "live_chunks": 0,
      "rows": 1,
      "span_rows": 1,
      "supervised": 0,
      "width": 394
    },
    {
      "bucket": 1,
      "chunks": 1,
      "index": 203,
      "kinds": {
        "span": 1
      },
      "live_chunks": 0,
      "rows": 1,
      "span_rows": 1,
      "supervised": 0,
      "width": 396
    },
    {
      "bucket": 0,
      "chunks": 1,
      "index": 204,
      "kinds": {
        "span": 1
      },
      "live_chunks": 0,
      "rows": 1,
      "span_rows": 1,
      "supervised": 0,
      "width": 394
    },
    {
      "bucket": 1,
      "chunks": 1,
      "index": 207,
      "kinds": {
        "span": 1
      },
      "live_chunks": 0,
      "rows": 1,
      "span_rows": 1,
      "supervised": 0,
      "width": 396
    },
    {
      "bucket": 1,
      "chunks": 1,
      "index": 209,
      "kinds": {
        "span": 1
      },
      "live_chunks": 0,
      "rows": 1,
      "span_rows": 1,
      "supervised": 0,
      "width": 396
    },
    {
      "bucket": 1,
      "chunks": 1,
      "index": 210,
      "kinds": {
        "span": 1
      },
      "live_chunks": 0,
      "rows": 1,
      "span_rows": 1,
      "supervised": 0,
      "width": 396
    },
    {
      "bucket": 1,
      "chunks": 1,
      "index": 212,
      "kinds": {
        "span": 1
      },
      "live_chunks": 0,
      "rows": 1,
      "span_rows": 1,
      "supervised": 0,
      "width": 396
    },
    {
      "bucket": 1,
      "chunks": 1,
      "index": 215,
      "kinds": {
        "span": 1
      },
      "live_chunks": 0,
      "rows": 1,
      "span_rows": 1,
      "supervised": 0,
      "width": 396
    },
    {
      "bucket": 1,
      "chunks": 1,
      "index": 217,
      "kinds": {
        "span": 1
      },
      "live_chunks": 0,
      "rows": 1,
      "span_rows": 1,
      "supervised": 0,
      "width": 396
    },
    {
      "bucket": 0,
      "chunks": 1,
      "index": 219,
      "kinds": {
        "span": 1
      },
      "live_chunks": 0,
      "rows": 1,
      "span_rows": 1,
      "supervised": 0,
      "width": 394
    },
    {
      "bucket": 1,
      "chunks": 1,
      "index": 220,
      "kinds": {
        "span": 1
      },
      "live_chunks": 0,
      "rows": 1,
      "span_rows": 1,
      "supervised": 0,
      "width": 396
    },
    {
      "bucket": 1,
      "chunks": 1,
      "index": 222,
      "kinds": {
        "span": 1
      },
      "live_chunks": 0,
      "rows": 1,
      "span_rows": 1,
      "supervised": 0,
      "width": 396
    },
    {
      "bucket": 0,
      "chunks": 1,
      "index": 224,
      "kinds": {
        "span": 1
      },
      "live_chunks": 0,
      "rows": 1,
      "span_rows": 1,
      "supervised": 0,
      "width": 394
    },
    {
      "bucket": 1,
      "chunks": 1,
      "index": 225,
      "kinds": {
        "span": 1
      },
      "live_chunks": 0,
      "rows": 1,
      "span_rows": 1,
      "supervised": 0,
      "width": 396
    },
    {
      "bucket": 1,
      "chunks": 1,
      "index": 227,
      "kinds": {
        "span": 1
      },
      "live_chunks": 0,
      "rows": 1,
      "span_rows": 1,
      "supervised": 0,
      "width": 396
    },
    {
      "bucket": 1,
      "chunks": 1,
      "index": 229,
      "kinds": {
        "span": 1
      },
      "live_chunks": 0,
      "rows": 1,
      "span_rows": 1,
      "supervised": 0,
      "width": 396
    },
    {
      "bucket": 1,
      "chunks": 1,
      "index": 230,
      "kinds": {
        "span": 1
      },
      "live_chunks": 0,
      "rows": 1,
      "span_rows": 1,
      "supervised": 0,
      "width": 396
    },
    {
      "bucket": 1,
      "chunks": 1,
      "index": 231,
      "kinds": {
        "span": 1
      },
      "live_chunks": 0,
      "rows": 1,
      "span_rows": 1,
      "supervised": 0,
      "width": 396
    },
    {
      "bucket": 1,
      "chunks": 1,
      "index": 233,
      "kinds": {
        "span": 1
      },
      "live_chunks": 0,
      "rows": 1,
      "span_rows": 1,
      "supervised": 0,
      "width": 396
    },
    {
      "bucket": 1,
      "chunks": 1,
      "index": 236,
      "kinds": {
        "span": 1
      },
      "live_chunks": 0,
      "rows": 1,
      "span_rows": 1,
      "supervised": 0,
      "width": 396
    },
    {
      "bucket": 1,
      "chunks": 1,
      "index": 239,
      "kinds": {
        "span": 1
      },
      "live_chunks": 0,
      "rows": 1,
      "span_rows": 1,
      "supervised": 0,
      "width": 396
    },
    {
      "bucket": 1,
      "chunks": 1,
      "index": 242,
      "kinds": {
        "span": 1
      },
      "live_chunks": 0,
      "rows": 1,
      "span_rows": 1,
      "supervised": 0,
      "width": 396
    },
    {
      "bucket": 1,
      "chunks": 1,
      "index": 244,
      "kinds": {
        "span": 1
      },
      "live_chunks": 0,
      "rows": 1,
      "span_rows": 1,
      "supervised": 0,
      "width": 396
    },
    {
      "bucket": 0,
      "chunks": 1,
      "index": 245,
      "kinds": {
        "span": 1
      },
      "live_chunks": 0,
      "rows": 1,
      "span_rows": 1,
      "supervised": 0,
      "width": 394
    },
    {
      "bucket": 1,
      "chunks": 1,
      "index": 246,
      "kinds": {
        "span": 1
      },
      "live_chunks": 0,
      "rows": 1,
      "span_rows": 1,
      "supervised": 0,
      "width": 396
    },
    {
      "bucket": 1,
      "chunks": 1,
      "index": 249,
      "kinds": {
        "span": 1
      },
      "live_chunks": 0,
      "rows": 1,
      "span_rows": 1,
      "supervised": 0,
      "width": 396
    },
    {
      "bucket": 1,
      "chunks": 1,
      "index": 252,
      "kinds": {
        "span": 1
      },
      "live_chunks": 0,
      "rows": 1,
      "span_rows": 1,
      "supervised": 0,
      "width": 396
    },
    {
      "bucket": 0,
      "chunks": 1,
      "index": 254,
      "kinds": {
        "span": 1
      },
      "live_chunks": 0,
      "rows": 1,
      "span_rows": 1,
      "supervised": 0,
      "width": 394
    },
    {
      "bucket": 0,
      "chunks": 1,
      "index": 257,
      "kinds": {
        "span": 1
      },
      "live_chunks": 0,
      "rows": 1,
      "span_rows": 1,
      "supervised": 0,
      "width": 394
    },
    {
      "bucket": 1,
      "chunks": 1,
      "index": 259,
      "kinds": {
        "span": 1
      },
      "live_chunks": 0,
      "rows": 1,
      "span_rows": 1,
      "supervised": 0,
      "width": 396
    },
    {
      "bucket": 1,
      "chunks": 1,
      "index": 263,
      "kinds": {
        "span": 1
      },
      "live_chunks": 0,
      "rows": 1,
      "span_rows": 1,
      "supervised": 0,
      "width": 396
    },
    {
      "bucket": 1,
      "chunks": 1,
      "index": 264,
      "kinds": {
        "span": 1
      },
      "live_chunks": 0,
      "rows": 1,
      "span_rows": 1,
      "supervised": 0,
      "width": 396
    },
    {
      "bucket": 1,
      "chunks": 1,
      "index": 267,
      "kinds": {
        "span": 1
      },
      "live_chunks": 0,
      "rows": 1,
      "span_rows": 1,
      "supervised": 0,
      "width": 396
    },
    {
      "bucket": 1,
      "chunks": 1,
      "index": 269,
      "kinds": {
        "span": 1
      },
      "live_chunks": 0,
      "rows": 1,
      "span_rows": 1,
      "supervised": 0,
      "width": 396
    },
    {
      "bucket": 1,
      "chunks": 1,
      "index": 270,
      "kinds": {
        "span": 1
      },
      "live_chunks": 0,
      "rows": 1,
      "span_rows": 1,
      "supervised": 0,
      "width": 396
    },
    {
      "bucket": 1,
      "chunks": 1,
      "index": 273,
      "kinds": {
        "span": 1
      },
      "live_chunks": 0,
      "rows": 1,
      "span_rows": 1,
      "supervised": 0,
      "width": 396
    },
    {
      "bucket": 1,
      "chunks": 1,
      "index": 274,
      "kinds": {
        "span": 1
      },
      "live_chunks": 0,
      "rows": 1,
      "span_rows": 1,
      "supervised": 0,
      "width": 396
    },
    {
      "bucket": 0,
      "chunks": 1,
      "index": 278,
      "kinds": {
        "span": 1
      },
      "live_chunks": 0,
      "rows": 1,
      "span_rows": 1,
      "supervised": 0,
      "width": 394
    },
    {
      "bucket": 1,
      "chunks": 1,
      "index": 279,
      "kinds": {
        "span": 1
      },
      "live_chunks": 0,
      "rows": 1,
      "span_rows": 1,
      "supervised": 0,
      "width": 396
    },
    {
      "bucket": 1,
      "chunks": 1,
      "index": 282,
      "kinds": {
        "span": 1
      },
      "live_chunks": 0,
      "rows": 1,
      "span_rows": 1,
      "supervised": 0,
      "width": 396
    },
    {
      "bucket": 1,
      "chunks": 1,
      "index": 286,
      "kinds": {
        "span": 1
      },
      "live_chunks": 0,
      "rows": 1,
      "span_rows": 1,
      "supervised": 0,
      "width": 396
    },
    {
      "bucket": 0,
      "chunks": 1,
      "index": 291,
      "kinds": {
        "span": 1
      },
      "live_chunks": 0,
      "rows": 1,
      "span_rows": 1,
      "supervised": 0,
      "width": 394
    },
    {
      "bucket": 1,
      "chunks": 1,
      "index": 292,
      "kinds": {
        "span": 1
      },
      "live_chunks": 0,
      "rows": 1,
      "span_rows": 1,
      "supervised": 0,
      "width": 396
    },
    {
      "bucket": 0,
      "chunks": 1,
      "index": 294,
      "kinds": {
        "span": 1
      },
      "live_chunks": 0,
      "rows": 1,
      "span_rows": 1,
      "supervised": 0,
      "width": 394
    },
    {
      "bucket": 1,
      "chunks": 1,
      "index": 295,
      "kinds": {
        "span": 1
      },
      "live_chunks": 0,
      "rows": 1,
      "span_rows": 1,
      "supervised": 0,
      "width": 396
    },
    {
      "bucket": 1,
      "chunks": 1,
      "index": 296,
      "kinds": {
        "span": 1
      },
      "live_chunks": 0,
      "rows": 1,
      "span_rows": 1,
      "supervised": 0,
      "width": 396
    },
    {
      "bucket": 1,
      "chunks": 1,
      "index": 298,
      "kinds": {
        "span": 1
      },
      "live_chunks": 0,
      "rows": 1,
      "span_rows": 1,
      "supervised": 0,
      "width": 396
    },
    {
      "bucket": 1,
      "chunks": 1,
      "index": 301,
      "kinds": {
        "span": 1
      },
      "live_chunks": 0,
      "rows": 1,
      "span_rows": 1,
      "supervised": 0,
      "width": 396
    },
    {
      "bucket": 1,
      "chunks": 1,
      "index": 302,
      "kinds": {
        "span": 1
      },
      "live_chunks": 0,
      "rows": 1,
      "span_rows": 1,
      "supervised": 0,
      "width": 396
    },
    {
      "bucket": 1,
      "chunks": 1,
      "index": 305,
      "kinds": {
        "span": 1
      },
      "live_chunks": 0,
      "rows": 1,
      "span_rows": 1,
      "supervised": 0,
      "width": 396
    },
    {
      "bucket": 1,
      "chunks": 1,
      "index": 309,
      "kinds": {
        "span": 1
      },
      "live_chunks": 0,
      "rows": 1,
      "span_rows": 1,
      "supervised": 0,
      "width": 396
    },
    {
      "bucket": 0,
      "chunks": 1,
      "index": 310,
      "kinds": {
        "span": 1
      },
      "live_chunks": 0,
      "rows": 1,
      "span_rows": 1,
      "supervised": 0,
      "width": 394
    },
    {
      "bucket": 1,
      "chunks": 1,
      "index": 311,
      "kinds": {
        "span": 1
      },
      "live_chunks": 0,
      "rows": 1,
      "span_rows": 1,
      "supervised": 0,
      "width": 396
    },
    {
      "bucket": 1,
      "chunks": 1,
      "index": 313,
      "kinds": {
        "span": 1
      },
      "live_chunks": 0,
      "rows": 1,
      "span_rows": 1,
      "supervised": 0,
      "width": 396
    },
    {
      "bucket": 1,
      "chunks": 1,
      "index": 315,
      "kinds": {
        "span": 1
      },
      "live_chunks": 0,
      "rows": 1,
      "span_rows": 1,
      "supervised": 0,
      "width": 396
    },
    {
      "bucket": 0,
      "chunks": 1,
      "index": 317,
      "kinds": {
        "span": 1
      },
      "live_chunks": 0,
      "rows": 1,
      "span_rows": 1,
      "supervised": 0,
      "width": 394
    },
    {
      "bucket": 1,
      "chunks": 1,
      "index": 319,
      "kinds": {
        "span": 1
      },
      "live_chunks": 0,
      "rows": 1,
      "span_rows": 1,
      "supervised": 0,
      "width": 396
    },
    {
      "bucket": 1,
      "chunks": 1,
      "index": 321,
      "kinds": {
        "span": 1
      },
      "live_chunks": 0,
      "rows": 1,
      "span_rows": 1,
      "supervised": 0,
      "width": 396
    },
    {
      "bucket": 1,
      "chunks": 1,
      "index": 322,
      "kinds": {
        "span": 1
      },
      "live_chunks": 0,
      "rows": 1,
      "span_rows": 1,
      "supervised": 0,
      "width": 396
    },
    {
      "bucket": 1,
      "chunks": 1,
      "index": 324,
      "kinds": {
        "span": 1
      },
      "live_chunks": 0,
      "rows": 1,
      "span_rows": 1,
      "supervised": 0,
      "width": 396
    },
    {
      "bucket": 0,
      "chunks": 1,
      "index": 325,
      "kinds": {
        "span": 1
      },
      "live_chunks": 0,
      "rows": 1,
      "span_rows": 1,
      "supervised": 0,
      "width": 394
    },
    {
      "bucket": 1,
      "chunks": 1,
      "index": 327,
      "kinds": {
        "span": 1
      },
      "live_chunks": 0,
      "rows": 1,
      "span_rows": 1,
      "supervised": 0,
      "width": 396
    },
    {
      "bucket": 1,
      "chunks": 1,
      "index": 329,
      "kinds": {
        "span": 1
      },
      "live_chunks": 0,
      "rows": 1,
      "span_rows": 1,
      "supervised": 0,
      "width": 396
    },
    {
      "bucket": 1,
      "chunks": 1,
      "index": 330,
      "kinds": {
        "span": 1
      },
      "live_chunks": 0,
      "rows": 1,
      "span_rows": 1,
      "supervised": 0,
      "width": 396
    },
    {
      "bucket": 1,
      "chunks": 1,
      "index": 331,
      "kinds": {
        "span": 1
      },
      "live_chunks": 0,
      "rows": 1,
      "span_rows": 1,
      "supervised": 0,
      "width": 396
    },
    {
      "bucket": 1,
      "chunks": 1,
      "index": 333,
      "kinds": {
        "span": 1
      },
      "live_chunks": 0,
      "rows": 1,
      "span_rows": 1,
      "supervised": 0,
      "width": 396
    },
    {
      "bucket": 1,
      "chunks": 1,
      "index": 335,
      "kinds": {
        "span": 1
      },
      "live_chunks": 0,
      "rows": 1,
      "span_rows": 1,
      "supervised": 0,
      "width": 396
    },
    {
      "bucket": 0,
      "chunks": 1,
      "index": 336,
      "kinds": {
        "span": 1
      },
      "live_chunks": 0,
      "rows": 1,
      "span_rows": 1,
      "supervised": 0,
      "width": 394
    },
    {
      "bucket": 1,
      "chunks": 1,
      "index": 339,
      "kinds": {
        "span": 1
      },
      "live_chunks": 0,
      "rows": 1,
      "span_rows": 1,
      "supervised": 0,
      "width": 396
    },
    {
      "bucket": 1,
      "chunks": 1,
      "index": 342,
      "kinds": {
        "span": 1
      },
      "live_chunks": 0,
      "rows": 1,
      "span_rows": 1,
      "supervised": 0,
      "width": 396
    },
    {
      "bucket": 1,
      "chunks": 1,
      "index": 343,
      "kinds": {
        "span": 1
      },
      "live_chunks": 0,
      "rows": 1,
      "span_rows": 1,
      "supervised": 0,
      "width": 396
    }
  ],
  "failures": [],
  "inventory": {
    "buckets": [
      394,
      396,
      435,
      437
    ],
    "contradictions": {
      "contradicting_groups": 0,
      "contradicting_rows": 0,
      "examples": [],
      "per_kind": {},
      "rows_sharing_a_prefix": 0,
      "sequences": 344
    },
    "coverage": {
      "detail": "every row in the manifest was tokenized into the shard set",
      "n": 172,
      "n_total": 172,
      "passed": true,
      "state": "ran",
      "value": 172
    },
    "excluded_examples": [],
    "excluded_rows": 0,
    "letter_rows": 172,
    "letter_rows_whose_gold_is_noul": 0,
    "padding_waste": {
      "detail": "0 padding of 143148 positions (0.00%) over 344 sequences; gate is <= 15%. buckets=[394, 396, 435, 437]",
      "n": 344,
      "n_total": 344,
      "passed": true,
      "state": "ran",
      "value": 0.0
    },
    "per_kind": {
      "choice": {
        "families": {
          "code.defect_class": 172
        },
        "gold_is_noul": 0,
        "len_max": 437,
        "len_mean": 436.6,
        "len_min": 435,
        "n": 172,
        "n_total": 344,
        "row_widths": [
          5
        ],
        "tokens": 75100
      },
      "span": {
        "candidates_max": 7,
        "candidates_min": 7,
        "candidates_total": 1204,
        "families": {
          "code.defect_class": 172
        },
        "gold_is_noul": 172,
        "len_max": 396,
        "len_mean": 395.6,
        "len_min": 394,
        "n": 172,
        "n_total": 344,
        "pointer_abstaining": 43,
        "row_widths": [
          1
        ],
        "tokens": 68048
      }
    },
    "remap_check": {
      "detail": "/private/var/folders/wl/qc_0nnp91cd5kfy179krkjxr0000gn/T/pytest-of-bharath/pytest-468/rungd-corpus0/shards/train/remap.npz re-read and re-hashed; matches the header. tokenizer_hash=tokhash-shuffled\u2026",
      "n": 256,
      "n_total": 256,
      "passed": true,
      "state": "ran",
      "value": "7aa0d64186acd624d5791460205f63855352fa4c589266b986e35fdfd90ee7df"
    },
    "root": "/private/var/folders/wl/qc_0nnp91cd5kfy179krkjxr0000gn/T/pytest-of-bharath/pytest-468/rungd-corpus0/shards/train",
    "sequences": 344,
    "span_check": {
      "reason": "write_shards was called without decode=, so the 172 span sequence(s) here had their gold and candidate positions checked only against the offset mapping they were derived from. That circle is GAP-S4-GOLD-ON-CANDIDATE-CANNOT-CATCH-LINE-SHIFT: a mapping that is consistently wrong moves gold and candidates together and every other check stays green. Supplying decode= is what GAP-SPAN-HEAD-LINE-MAPPING-BPE-UNVERIFIED asks for.",
      "state": "not_run"
    },
    "tokens": 143148,
    "vocab_size": 256
  },
  "letter_ids": {
    "A": 65,
    "B": 66,
    "C": 67,
    "D": 68,
    "Z": 90
  },
  "probes": [
    {
      "bucket": 0,
      "device": "cpu",
      "ok": true,
      "rows": 1,
      "wall_s": 0.0,
      "why": "stubbed in-process",
      "width": 394
    },
    {
      "bucket": 1,
      "device": "cpu",
      "ok": true,
      "rows": 1,
      "wall_s": 0.0,
      "why": "stubbed in-process",
      "width": 396
    },
    {
      "bucket": 2,
      "device": "cpu",
      "ok": true,
      "rows": 1,
      "wall_s": 0.0,
      "why": "stubbed in-process",
      "width": 435
    },
    {
      "bucket": 3,
      "device": "cpu",
      "ok": true,
      "rows": 1,
      "wall_s": 0.0,
      "why": "stubbed in-process",
      "width": 437
    }
  ],
  "torch": "2.12.1"
}

real-tiny: 2 rows identical to e21066c's after dropping ['row_id', 'written_at', 'prev_row_hash', 'wall_clock_s'] and metrics ['code_that_ran']; recipe_hash f492c30a3a9f96b5, 6e2332fd63c1f9e7
----------------------------- Captured stderr call -----------------------------
[transformers] `use_cache=True` is incompatible with gradient checkpointing. Setting `use_cache=False`.
------------------------------ Captured log call -------------------------------
WARNING  transformers.utils.generic:logging.py:340 `use_cache=True` is incompatible with gradient checkpointing. Setting `use_cache=False`.
_____ test_with_every_new_flag_off_the_rows_are_the_base_commits[stand-in] _____
----------------------------- Captured stdout call -----------------------------
val set: 16 sequences in 16 batches, remap 7aa0d64186acd624 (the train set's)
permutation second pass: not run -- no tokenizer.json: which token ids end an option line is a fact about the vocabulary, and without it the options cannot be moved
needle suite: not run -- --needle was not given
OOD suite: not run -- --ood was not given
shard set: /private/var/folders/wl/qc_0nnp91cd5kfy179krkjxr0000gn/T/pytest-of-bharath/pytest-468/rungd-corpus0/shards/train
  rows in -> out: 172 -> 172  (0 excluded)  tokens 143148  vocab 256
  choice  n= 172  len 435..437 (mean 436.6)  gold is noul: 0  rendered rows [5]
  span    n= 172  len 394..396 (mean 395.6)  gold is noul: 172  pointer-abstaining 43/172, candidates 1204
  letter rows whose gold is noul: 0 of 172
  prompt-identical rows: 0 of 344; of those, 0 rows in 0 groups carry DIFFERENT golds ({})
  letters -> post-remap ids: {'A': 65, 'B': 66, 'C': 67, 'D': 68, 'Z': 90}
  padding waste: 0 padding of 143148 positions (0.00%) over 344 sequences; gate is <= 15%. buckets=[394, 396, 435, 437]
  span_check: {"state": "not_run", "reason": "write_shards was called without decode=, so the 172 span sequence(s) here had their gold and candidate positions checked only against the offset map
  remap beside the shards: {"state": "ran", "passed": true, "value": "7aa0d64186acd624d5791460205f63855352fa4c589266b986e35fdfd90ee7df", "n": 256, "n_total": 256, "detail": "/private/var/folders/wl/qc_0nnp91
  epoch at batch_tokens=437: 344 batches, 172 carry a span row, 172 have no letter row; letter-channel chunks 172 live of 344
devices: ['cpu'] (from --devices; auto-detection skipped)

feasibility, one forward+backward per bucket width, in a subprocess:
  cpu bucket 0 (1 x 394): ok 0.0s
  cpu bucket 1 (1 x 396): ok 0.0s
  cpu bucket 2 (1 x 435): ok 0.0s
  cpu bucket 3 (1 x 437): ok 0.0s

arm 2 plan: every real batch at most 5383 wide -> 344 of 344 batches, 344 of 344 sequences, slot kinds ['choice', 'span'] of ['choice', 'span']

arm 2: NOT RUN -- --no-memorise
  progress epoch cpu seed=0: step 1/344 elapsed 0s 0.28s/step 1413 pos/s eta 96s loss 13.5507
  cpu seed=0 val_top1.choice: {"state": "ran", "passed": false, "value": 0.375, "n": 3, "n_total": 8, "detail": "3 of 8 val choice rows (37.5%) decoded to the gold the way answer.rs decodes a Letters query, on rows this model never trained on; answering 'C' on every row, the val set's most common gold scores 3 of 8 (37.5%), a ga
  cpu seed=0 val_top1.score: {"state": "not_run", "reason": "the val set holds no score row to score"}
  cpu seed=0 val_top1.span: {"state": "ran", "passed": true, "value": 0.75, "n": 6, "n_total": 8, "detail": "6 of 8 val span rows (75.0%) decoded to the gold the way answer.rs decodes a pointer query, on rows this model never trained on; abstaining on every row scores 2 of 8 (25.0%), a gap of +50.0%"}
  cpu seed=0 ece: {"state": "not_run", "reason": "ece: 2 of 2 inputs did not run -> ece.choice.k4: ECE needs at least 100 examples to be meaningful; got 8. A binned calibration error over a small sample measures the binning.; ece.lang.python: ECE needs at least 100 examples to be meaningful; got 8. A binned calibrati
  cpu seed=0 degenerate_head: {"state": "ran", "passed": false, "n": 1, "n_total": 1, "detail": "degenerate_head: failing inputs: degenerate_head.choice.k4"}
  cpu seed=0 permutation_consistency: {"state": "not_run", "reason": "no tokenizer.json: which token ids end an option line is a fact about the vocabulary, and without it the options cannot be moved"}
  cpu seed=0 needle_hunk_recall: {"state": "not_run", "reason": "--needle was not given"}
  cpu seed=0 ood_abstain: {"state": "not_run", "reason": "--ood was not given"}
  score row 42fc8019-25c5-436b-b569-3eb3fb48476c
arm1 cpu seed=0: 344 batches, 172 supervised tokens, 172 span rows, padding 0.000000, total 13.5507 -> 0.2054, 2.502s, termination steps_exhausted, ft row d4a4ac04-f816-4210-ae5b-3a96bf687557
{
  "arm1": [
    {
      "cost": "CostEstimate(usd_per_hour=0.0, cap=WallClockCap(cap_s=1800.0), n_gpus=0, instance='local-cpu', usd_per_gpu_hour=None)",
      "device": "cpu",
      "final": {
        "letter_floor_mean_per_batch": 0.0,
        "letter_floor_over_the_plan": 0.0,
        "letter_gap": 1.4138175096622734,
        "letter_loss": 1.4138175096622734,
        "letter_rows": 172,
        "per_batch": [
          {
            "batch": 0.0,
            "span": 0.17699483036994934,
            "span_floor_in_batch": 0.0
          },
          {
            "batch": 1.0,
            "letter": 1.3319225311279297,
            "letter_floor_in_batch": 0.0
          },
          {
            "batch": 2.0,
            "letter": 1.2797918319702148,
            "letter_floor_in_batch": 0.0
          },
          {
            "batch": 3.0,
            "letter": 1.4221851825714111,
            "letter_floor_in_batch": 0.0
          },
          {
            "batch": 4.0,
            "letter": 1.6187713146209717,
            "letter_floor_in_batch": 0.0
          },
          {
            "batch": 5.0,
            "letter": 1.6187880039215088,
            "letter_floor_in_batch": 0.0
          },
          {
            "batch": 6.0,
            "span": 0.17713472247123718,
            "span_floor_in_batch": 0.0
          },
          {
            "batch": 7.0,
            "letter": 1.6194381713867188,
            "letter_floor_in_batch": 0.0
          },
          {
            "batch": 8.0,
            "span": 0.17749494314193726,
            "span_floor_in_batch": 0.0
          },
          {
            "batch": 9.0,
            "span": 1.8428583145141602,
            "span_floor_in_batch": 0.0
          },
          {
            "batch": 10.0,
            "letter": 1.6188406944274902,
            "letter_floor_in_batch": 0.0
          },
          {
            "batch": 11.0,
            "span": 0.17747102677822113,
            "span_floor_in_batch": 0.0
          },
          {
            "batch": 12.0,
            "span": 1.7502731084823608,
            "span_floor_in_batch": 0.0
          },
          {
            "batch": 13.0,
            "span": 0.17673230171203613,
            "span_floor_in_batch": 0.0
          },
          {
            "batch": 14.0,
            "letter": 1.4225502014160156,
            "letter_floor_in_batch": 0.0
          },
          {
            "batch": 15.0,
            "span": 0.19668391346931458,
            "span_floor_in_batch": 0.0
          },
          {
            "batch": 16.0,
            "span": 0.17691752314567566,
            "span_floor_in_batch": 0.0
          },
          {
            "batch": 17.0,
            "letter": 1.4096908569335938,
            "letter_floor_in_batch": 0.0
          },
          {
            "batch": 18.0,
            "letter": 1.3403666019439697,
            "letter_floor_in_batch": 0.0
          },
          {
            "batch": 19.0,
            "letter": 1.422286033630371,
            "letter_floor_in_batch": 0.0
          },
          {
            "batch": 20.0,
            "span": 0.17711204290390015,
            "span_floor_in_batch": 0.0
          },
          {
            "batch": 21.0,
            "letter": 1.4225611686706543,
            "letter_floor_in_batch": 0.0
          },
          {
            "batch": 22.0,
            "span": 0.19657135009765625,
            "span_floor_in_batch": 0.0
          },
          {
            "batch": 23.0,
            "letter": 1.6187541484832764,
            "letter_floor_in_batch": 0.0
          },
          {
            "batch": 24.0,
            "span": 0.1776086986064911,
            "span_floor_in_batch": 0.0
          },
          {
            "batch": 25.0,
            "span": 1.750700831413269,
            "span_floor_in_batch": 0.0
          },
          {
            "batch": 26.0,
            "letter": 1.4101061820983887,
            "letter_floor_in_batch": 0.0
          },
          {
            "batch": 27.0,
            "span": 0.176918625831604,
            "span_floor_in_batch": 0.0
          },
          {
            "batch": 28.0,
            "span": 0.19681188464164734,
            "span_floor_in_batch": 0.0
          },
          {
            "batch": 29.0,
            "span": 0.1964680552482605,
            "span_floor_in_batch": 0.0
          },
          {
            "batch": 30.0,
            "letter": 1.4220836162567139,
            "letter_floor_in_batch": 0.0
          },
          {
            "batch": 31.0,
            "letter": 1.3404932022094727,
            "letter_floor_in_batch": 0.0
          },
          {
            "batch": 32.0,
            "span": 1.7500826120376587,
            "span_floor_in_batch": 0.0
          },
          {
            "batch": 33.0,
            "letter": 1.6187701225280762,
            "letter_floor_in_batch": 0.0
          },
          {
            "batch": 34.0,
            "span": 0.17751207947731018,
            "span_floor_in_batch": 0.0
          },
          {
            "batch": 35.0,
            "letter": 1.3320205211639404,
            "letter_floor_in_batch": 0.0
          },
          {
            "batch": 36.0,
            "letter": 1.4221863746643066,
            "letter_floor_in_batch": 0.0
          },
          {
            "batch": 37.0,
            "span": 1.842738151550293,
            "span_floor_in_batch": 0.0
          },
          {
            "batch": 38.0,
            "letter": 1.2798891067504883,
            "letter_floor_in_batch": 0.0
          },
          {
            "batch": 39.0,
            "letter": 1.6196584701538086,
            "letter_floor_in_batch": 0.0
          },
          {
            "batch": 40.0,
            "letter": 1.2796263694763184,
            "letter_floor_in_batch": 0.0
          },
          {
            "batch": 41.0,
            "span": 0.17720648646354675,
            "span_floor_in_batch": 0.0
          },
          {
            "batch": 42.0,
            "letter": 1.3405373096466064,
            "letter_floor_in_batch": 0.0
          },
          {
            "batch": 43.0,
            "letter": 1.340651512145996,
            "letter_floor_in_batch": 0.0
          },
          {
            "batch": 44.0,
            "letter": 1.3003356456756592,
            "letter_floor_in_batch": 0.0
          },
          {
            "batch": 45.0,
            "letter": 1.4222617149353027,
            "letter_floor_in_batch": 0.0
          },
          {
            "batch": 46.0,
            "letter": 1.42228364944458,
            "letter_floor_in_batch": 0.0
          },
          {
            "batch": 47.0,
            "letter": 1.4098176956176758,
            "letter_floor_in_batch": 0.0
          },
          {
            "batch": 48.0,
            "letter": 1.3404061794281006,
            "letter_floor_in_batch": 0.0
          },
          {
            "batch": 49.0,
            "letter": 1.2793734073638916,
            "letter_floor_in_batch": 0.0
          },
          {
            "batch": 50.0,
            "letter": 1.4222958087921143,
            "letter_floor_in_batch": 0.0
          },
          {
            "batch": 51.0,
            "letter": 1.6193957328796387,
            "letter_floor_in_batch": 0.0
          },
          {
            "batch": 52.0,
            "span": 1.7497150897979736,
            "span_floor_in_batch": 0.0
          },
          {
            "batch": 53.0,
            "span": 0.1770170032978058,
            "span_floor_in_batch": 0.0
          },
          {
            "batch": 54.0,
            "span": 0.1770314872264862,
            "span_floor_in_batch": 0.0
          },
          {
            "batch": 55.0,
            "span": 1.7495001554489136,
            "span_floor_in_batch": 0.0
          },
          {
            "batch": 56.0,
            "letter": 1.331984043121338,
            "letter_floor_in_batch": 0.0
          },
          {
            "batch": 57.0,
            "span": 0.19668933749198914,
            "span_floor_in_batch": 0.0
          },
          {
            "batch": 58.0,
            "letter": 1.2799108028411865,
            "letter_floor_in_batch": 0.0
          },
          {
            "batch": 59.0,
            "letter": 1.421807050704956,
            "letter_floor_in_batch": 0.0
          },
          {
            "batch": 60.0,
            "letter": 1.6186668872833252,
            "letter_floor_in_batch": 0.0
          },
          {
            "batch": 61.0,
            "span": 1.8432815074920654,
            "span_floor_in_batch": 0.0
          },
          {
            "batch": 62.0,
            "letter": 1.2793641090393066,
            "letter_floor_in_batch": 0.0
          },
          {
            "batch": 63.0,
            "letter": 1.340461254119873,
            "letter_floor_in_batch": 0.0
          },
          {
            "batch": 64.0,
            "span": 0.17690148949623108,
            "span_floor_in_batch": 0.0
          },
          {
            "batch": 65.0,
            "letter": 1.6185591220855713,
            "letter_floor_in_batch": 0.0
          },
          {
            "batch": 66.0,
            "span": 0.17729949951171875,
            "span_floor_in_batch": 0.0
          },
          {
            "batch": 67.0,
            "span": 0.17709031701087952,
            "span_floor_in_batch": 0.0
          },
          {
            "batch": 68.0,
            "letter": 1.4218482971191406,
            "letter_floor_in_batch": 0.0
          },
          {
            "batch": 69.0,
            "letter": 1.3404569625854492,
            "letter_floor_in_batch": 0.0
          },
          {
            "batch": 70.0,
            "span": 0.1771864891052246,
            "span_floor_in_batch": 0.0
          },
          {
            "batch": 71.0,
            "span": 0.1962459832429886,
            "span_floor_in_batch": 0.0
          },
          {
            "batch": 72.0,
            "span": 0.17732089757919312,
            "span_floor_in_batch": 0.0
          },
          {
            "batch": 73.0,
            "letter": 1.2797105312347412,
            "letter_floor_in_batch": 0.0
          },
          {
            "batch": 74.0,
            "span": 0.17743444442749023,
            "span_floor_in_batch": 0.0
          },
          {
            "batch": 75.0,
            "span": 0.17690324783325195,
            "span_floor_in_batch": 0.0
          },
          {
            "batch": 76.0,
            "span": 0.1768978238105774,
            "span_floor_in_batch": 0.0
          },
          {
            "batch": 77.0,
            "span": 0.17748546600341797,
            "span_floor_in_batch": 0.0
          },
          {
            "batch": 78.0,
            "span": 0.17738690972328186,
            "span_floor_in_batch": 0.0
          },
          {
            "batch": 79.0,
            "span": 1.843881368637085,
            "span_floor_in_batch": 0.0
          },
          {
            "batch": 80.0,
            "letter": 1.2800216674804688,
            "letter_floor_in_batch": 0.0
          },
          {
            "batch": 81.0,
            "letter": 1.279616355895996,
            "letter_floor_in_batch": 0.0
          },
          {
            "batch": 82.0,
            "letter": 1.279259443283081,
            "letter_floor_in_batch": 0.0
          },
          {
            "batch": 83.0,
            "letter": 1.618574857711792,
            "letter_floor_in_batch": 0.0
          },
          {
            "batch": 84.0,
            "span": 0.17722240090370178,
            "span_floor_in_batch": 0.0
          },
          {
            "batch": 85.0,
            "letter": 1.3404767513275146,
            "letter_floor_in_batch": 0.0
          },
          {
            "batch": 86.0,
            "span": 1.8437602519989014,
            "span_floor_in_batch": 0.0
          },
          {
            "batch": 87.0,
            "letter": 1.6184320449829102,
            "letter_floor_in_batch": 0.0
          },
          {
            "batch": 88.0,
            "span": 0.1769210547208786,
            "span_floor_in_batch": 0.0
          },
          {
            "batch": 89.0,
            "span": 1.8436903953552246,
            "span_floor_in_batch": 0.0
          },
          {
            "batch": 90.0,
            "letter": 1.3405771255493164,
            "letter_floor_in_batch": 0.0
          },
          {
            "batch": 91.0,
            "letter": 1.3318495750427246,
            "letter_floor_in_batch": 0.0
          },
          {
            "batch": 92.0,
            "letter": 1.279567003250122,
            "letter_floor_in_batch": 0.0
          },
          {
            "batch": 93.0,
            "span": 1.844801425933838,
            "span_floor_in_batch": 0.0
          },
          {
            "batch": 94.0,
            "span": 0.177495539188385,
            "span_floor_in_batch": 0.0
          },
          {
            "batch": 95.0,
            "letter": 1.6187446117401123,
            "letter_floor_in_batch": 0.0
          },
          {
            "batch": 96.0,
            "span": 0.17779004573822021,
            "span_floor_in_batch": 0.0
          },
          {
            "batch": 97.0,
            "span": 0.17699944972991943,
            "span_floor_in_batch": 0.0
          },
          {
            "batch": 98.0,
            "span": 0.1767101287841797,
            "span_floor_in_batch": 0.0
          },
          {
            "batch": 99.0,
            "letter": 1.6189703941345215,
            "letter_floor_in_batch": 0.0
          },
          {
            "batch": 100.0,
            "letter": 1.6188726425170898,
            "letter_floor_in_batch": 0.0
          },
          {
            "batch": 101.0,
            "span": 0.17710036039352417,
            "span_floor_in_batch": 0.0
          },
          {
            "batch": 102.0,
            "span": 1.8420974016189575,
            "span_floor_in_batch": 0.0
          },
          {
            "batch": 103.0,
            "span": 0.1773177981376648,
            "span_floor_in_batch": 0.0
          },
          {
            "batch": 104.0,
            "letter": 1.4218130111694336,
            "letter_floor_in_batch": 0.0
          },
          {
            "batch": 105.0,
            "letter": 1.2797846794128418,
            "letter_floor_in_batch": 0.0
          },
          {
            "batch": 106.0,
            "letter": 1.3404779434204102,
            "letter_floor_in_batch": 0.0
          },
          {
            "batch": 107.0,
            "letter": 1.3404548168182373,
            "letter_floor_in_batch": 0.0
          },
          {
            "batch": 108.0,
            "span": 0.17750312387943268,
            "span_floor_in_batch": 0.0
          },
          {
            "batch": 109.0,
            "span": 0.17718368768692017,
            "span_floor_in_batch": 0.0
          },
          {
            "batch": 110.0,
            "span": 0.19636094570159912,
            "span_floor_in_batch": 0.0
          },
          {
            "batch": 111.0,
            "span": 0.17730003595352173,
            "span_floor_in_batch": 0.0
          },
          {
            "batch": 112.0,
            "letter": 1.6187350749969482,
            "letter_floor_in_batch": 0.0
          },
          {
            "batch": 113.0,
            "letter": 1.2797036170959473,
            "letter_floor_in_batch": 0.0
          },
          {
            "batch": 114.0,
            "letter": 1.3404979705810547,
            "letter_floor_in_batch": 0.0
          },
          {
            "batch": 115.0,
            "span": 0.17751222848892212,
            "span_floor_in_batch": 0.0
          },
          {
            "batch": 116.0,
            "letter": 1.6189019680023193,
            "letter_floor_in_batch": 0.0
          },
          {
            "batch": 117.0,
            "span": 0.1769959032535553,
            "span_floor_in_batch": 0.0
          },
          {
            "batch": 118.0,
            "span": 1.8446823358535767,
            "span_floor_in_batch": 0.0
          },
          {
            "batch": 119.0,
            "letter": 1.2800006866455078,
            "letter_floor_in_batch": 0.0
          },
          {
            "batch": 120.0,
            "span": 0.17720797657966614,
            "span_floor_in_batch": 0.0
          },
          {
            "batch": 121.0,
            "span": 1.8429135084152222,
            "span_floor_in_batch": 0.0
          },
          {
            "batch": 122.0,
            "span": 0.17758691310882568,
            "span_floor_in_batch": 0.0
          },
          {
            "batch": 123.0,
            "letter": 1.3406999111175537,
            "letter_floor_in_batch": 0.0
          },
          {
            "batch": 124.0,
            "letter": 1.3406097888946533,
            "letter_floor_in_batch": 0.0
          },
          {
            "batch": 125.0,
            "span": 0.17671458423137665,
            "span_floor_in_batch": 0.0
          },
          {
            "batch": 126.0,
            "letter": 1.3405303955078125,
            "letter_floor_in_batch": 0.0
          },
          {
            "batch": 127.0,
            "letter": 1.6184301376342773,
            "letter_floor_in_batch": 0.0
          },
          {
            "batch": 128.0,
            "letter": 1.2799699306488037,
            "letter_floor_in_batch": 0.0
          },
          {
            "batch": 129.0,
            "letter": 1.331921100616455,
            "letter_floor_in_batch": 0.0
          },
          {
            "batch": 130.0,
            "letter": 1.340540885925293,
            "letter_floor_in_batch": 0.0
          },
          {
            "batch": 131.0,
            "letter": 1.279843807220459,
            "letter_floor_in_batch": 0.0
          },
          {
            "batch": 132.0,
            "span": 0.17767345905303955,
            "span_floor_in_batch": 0.0
          },
          {
            "batch": 133.0,
            "letter": 1.4094293117523193,
            "letter_floor_in_batch": 0.0
          },
          {
            "batch": 134.0,
            "span": 1.8422632217407227,
            "span_floor_in_batch": 0.0
          },
          {
            "batch": 135.0,
            "span": 1.8431785106658936,
            "span_floor_in_batch": 0.0
          },
          {
            "batch": 136.0,
            "letter": 1.3403759002685547,
            "letter_floor_in_batch": 0.0
          },
          {
            "batch": 137.0,
            "span": 0.19625936448574066,
            "span_floor_in_batch": 0.0
          },
          {
            "batch": 138.0,
            "letter": 1.6187279224395752,
            "letter_floor_in_batch": 0.0
          },
          {
            "batch": 139.0,
            "span": 1.8448318243026733,
            "span_floor_in_batch": 0.0
          },
          {
            "batch": 140.0,
            "span": 0.17703086137771606,
            "span_floor_in_batch": 0.0
          },
          {
            "batch": 141.0,
            "span": 0.17718738317489624,
            "span_floor_in_batch": 0.0
          },
          {
            "batch": 142.0,
            "letter": 1.618793249130249,
            "letter_floor_in_batch": 0.0
          },
          {
            "batch": 143.0,
            "letter": 1.3404669761657715,
            "letter_floor_in_batch": 0.0
          },
          {
            "batch": 144.0,
            "span": 0.17730627954006195,
            "span_floor_in_batch": 0.0
          },
          {
            "batch": 145.0,
            "letter": 1.6188499927520752,
            "letter_floor_in_batch": 0.0
          },
          {
            "batch": 146.0,
            "letter": 1.409466028213501,
            "letter_floor_in_batch": 0.0
          },
          {
            "batch": 147.0,
            "span": 0.17720317840576172,
            "span_floor_in_batch": 0.0
          },
          {
            "batch": 148.0,
            "span": 1.843162178993225,
            "span_floor_in_batch": 0.0
          },
          {
            "batch": 149.0,
            "span": 1.7501428127288818,
            "span_floor_in_batch": 0.0
          },
          {
            "batch": 150.0,
            "letter": 1.619729995727539,
            "letter_floor_in_batch": 0.0
          },
          {
            "batch": 151.0,
            "span": 0.19658607244491577,
            "span_floor_in_batch": 0.0
          },
          {
            "batch": 152.0,
            "span": 1.8421564102172852,
            "span_floor_in_batch": 0.0
          },
          {
            "batch": 153.0,
            "letter": 1.6187446117401123,
            "letter_floor_in_batch": 0.0
          },
          {
            "batch": 154.0,
            "span": 0.17738205194473267,
            "span_floor_in_batch": 0.0
          },
          {
            "batch": 155.0,
            "letter": 1.4217677116394043,
            "letter_floor_in_batch": 0.0
          },
          {
            "batch": 156.0,
            "letter": 1.4098689556121826,
            "letter_floor_in_batch": 0.0
          },
          {
            "batch": 157.0,
            "span": 1.843799114227295,
            "span_floor_in_batch": 0.0
          },
          {
            "batch": 158.0,
            "span": 0.1772073358297348,
            "span_floor_in_batch": 0.0
          },
          {
            "batch": 159.0,
            "letter": 1.4220833778381348,
            "letter_floor_in_batch": 0.0
          },
          {
            "batch": 160.0,
            "span": 0.17738580703735352,
            "span_floor_in_batch": 0.0
          },
          {
            "batch": 161.0,
            "span": 1.7512102127075195,
            "span_floor_in_batch": 0.0
          },
          {
            "batch": 162.0,
            "letter": 1.4216928482055664,
            "letter_floor_in_batch": 0.0
          },
          {
            "batch": 163.0,
            "letter": 1.3003861904144287,
            "letter_floor_in_batch": 0.0
          },
          {
            "batch": 164.0,
            "span": 0.1773681640625,
            "span_floor_in_batch": 0.0
          },
          {
            "batch": 165.0,
            "span": 0.1774989664554596,
            "span_floor_in_batch": 0.0
          },
          {
            "batch": 166.0,
            "span": 0.17747434973716736,
            "span_floor_in_batch": 0.0
          },
          {
            "batch": 167.0,
            "letter": 1.3406803607940674,
            "letter_floor_in_batch": 0.0
          },
          {
            "batch": 168.0,
            "letter": 1.340428113937378,
            "letter_floor_in_batch": 0.0
          },
          {
            "batch": 169.0,
            "span": 0.17709502577781677,
            "span_floor_in_batch": 0.0
          },
          {
            "batch": 170.0,
            "letter": 1.4223213195800781,
            "letter_floor_in_batch": 0.0
          },
          {
            "batch": 171.0,
            "span": 0.17707142233848572,
            "span_floor_in_batch": 0.0
          },
          {
            "batch": 172.0,
            "letter": 1.4226489067077637,
            "letter_floor_in_batch": 0.0
          },
          {
            "batch": 173.0,
            "letter": 1.3405218124389648,
            "letter_floor_in_batch": 0.0
          },
          {
            "batch": 174.0,
            "letter": 1.4218449592590332,
            "letter_floor_in_batch": 0.0
          },
          {
            "batch": 175.0,
            "span": 1.8437484502792358,
            "span_floor_in_batch": 0.0
          },
          {
            "batch": 176.0,
            "letter": 1.618535041809082,
            "letter_floor_in_batch": 0.0
          },
          {
            "batch": 177.0,
            "span": 0.17711687088012695,
            "span_floor_in_batch": 0.0
          },
          {
            "batch": 178.0,
            "letter": 1.4218323230743408,
            "letter_floor_in_batch": 0.0
          },
          {
            "batch": 179.0,
            "letter": 1.2794857025146484,
            "letter_floor_in_batch": 0.0
          },
          {
            "batch": 180.0,
            "span": 1.8432697057724,
            "span_floor_in_batch": 0.0
          },
          {
            "batch": 181.0,
            "span": 0.17750892043113708,
            "span_floor_in_batch": 0.0
          },
          {
            "batch": 182.0,
            "letter": 1.4224209785461426,
            "letter_floor_in_batch": 0.0
          },
          {
            "batch": 183.0,
            "span": 0.17732177674770355,
            "span_floor_in_batch": 0.0
          },
          {
            "batch": 184.0,
            "letter": 1.4217052459716797,
            "letter_floor_in_batch": 0.0
          },
          {
            "batch": 185.0,
            "span": 1.844205379486084,
            "span_floor_in_batch": 0.0
          },
          {
            "batch": 186.0,
            "letter": 1.3405344486236572,
            "letter_floor_in_batch": 0.0
          },
          {
            "batch": 187.0,
            "letter": 1.4220690727233887,
            "letter_floor_in_batch": 0.0
          },
          {
            "batch": 188.0,
            "span": 1.8443264961242676,
            "span_floor_in_batch": 0.0
          },
          {
            "batch": 189.0,
            "span": 0.1772816777229309,
            "span_floor_in_batch": 0.0
          },
          {
            "batch": 190.0,
            "span": 1.8422781229019165,
            "span_floor_in_batch": 0.0
          },
          {
            "batch": 191.0,
            "span": 0.19627566635608673,
            "span_floor_in_batch": 0.0
          },
          {
            "batch": 192.0,
            "span": 0.19669833779335022,
            "span_floor_in_batch": 0.0
          },
          {
            "batch": 193.0,
            "span": 0.17732428014278412,
            "span_floor_in_batch": 0.0
          },
          {
            "batch": 194.0,
            "span": 0.17720720171928406,
            "span_floor_in_batch": 0.0
          },
          {
            "batch": 195.0,
            "letter": 1.6192901134490967,
            "letter_floor_in_batch": 0.0
          },
          {
            "batch": 196.0,
            "span": 1.8447130918502808,
            "span_floor_in_batch": 0.0
          },
          {
            "batch": 197.0,
            "span": 1.8417474031448364,
            "span_floor_in_batch": 0.0
          },
          {
            "batch": 198.0,
            "letter": 1.4224965572357178,
            "letter_floor_in_batch": 0.0
          },
          {
            "batch": 199.0,
            "span": 0.1771482229232788,
            "span_floor_in_batch": 0.0
          },
          {
            "batch": 200.0,
            "span": 0.17703458666801453,
            "span_floor_in_batch": 0.0
          },
          {
            "batch": 201.0,
            "letter": 1.6188442707061768,
            "letter_floor_in_batch": 0.0
          },
          {
            "batch": 202.0,
            "span": 0.19647946953773499,
            "span_floor_in_batch": 0.0
          },
          {
            "batch": 203.0,
            "span": 0.17772474884986877,
            "span_floor_in_batch": 0.0
          },
          {
            "batch": 204.0,
            "span": 0.19659575819969177,
            "span_floor_in_batch": 0.0
          },
          {
            "batch": 205.0,
            "letter": 1.2798893451690674,
            "letter_floor_in_batch": 0.0
          },
          {
            "batch": 206.0,
            "letter": 1.4218628406524658,
            "letter_floor_in_batch": 0.0
          },
          {
            "batch": 207.0,
            "span": 0.17674566805362701,
            "span_floor_in_batch": 0.0
          },
          {
            "batch": 208.0,
            "letter": 1.4100298881530762,
            "letter_floor_in_batch": 0.0
          },
          {
            "batch": 209.0,
            "span": 1.8430495262145996,
            "span_floor_in_batch": 0.0
          },
          {
            "batch": 210.0,
            "span": 0.17730477452278137,
            "span_floor_in_batch": 0.0
          },
          {
            "batch": 211.0,
            "letter": 1.2797844409942627,
            "letter_floor_in_batch": 0.0
          },
          {
            "batch": 212.0,
            "span": 0.17735810577869415,
            "span_floor_in_batch": 0.0
          },
          {
            "batch": 213.0,
            "letter": 1.4221837520599365,
            "letter_floor_in_batch": 0.0
          },
          {
            "batch": 214.0,
            "letter": 1.4222824573516846,
            "letter_floor_in_batch": 0.0
          },
          {
            "batch": 215.0,
            "span": 0.17718440294265747,
            "span_floor_in_batch": 0.0
          },
          {
            "batch": 216.0,
            "letter": 1.6189744472503662,
            "letter_floor_in_batch": 0.0
          },
          {
            "batch": 217.0,
            "span": 1.8423327207565308,
            "span_floor_in_batch": 0.0
          },
          {
            "batch": 218.0,
            "letter": 1.3406178951263428,
            "letter_floor_in_batch": 0.0
          },
          {
            "batch": 219.0,
            "span": 0.19625049829483032,
            "span_floor_in_batch": 0.0
          },
          {
            "batch": 220.0,
            "span": 0.17761003971099854,
            "span_floor_in_batch": 0.0
          },
          {
            "batch": 221.0,
            "letter": 1.2795279026031494,
            "letter_floor_in_batch": 0.0
          },
          {
            "batch": 222.0,
            "span": 1.843812108039856,
            "span_floor_in_batch": 0.0
          },
          {
            "batch": 223.0,
            "letter": 1.4219470024108887,
            "letter_floor_in_batch": 0.0
          },
          {
            "batch": 224.0,
            "span": 0.19614744186401367,
            "span_floor_in_batch": 0.0
          },
          {
            "batch": 225.0,
            "span": 0.17716535925865173,
            "span_floor_in_batch": 0.0
          },
          {
            "batch": 226.0,
            "letter": 1.4222078323364258,
            "letter_floor_in_batch": 0.0
          },
          {
            "batch": 227.0,
            "span": 0.1774197220802307,
            "span_floor_in_batch": 0.0
          },
          {
            "batch": 228.0,
            "letter": 1.3405983448028564,
            "letter_floor_in_batch": 0.0
          },
          {
            "batch": 229.0,
            "span": 0.1768796592950821,
            "span_floor_in_batch": 0.0
          },
          {
            "batch": 230.0,
            "span": 1.8433735370635986,
            "span_floor_in_batch": 0.0
          },
          {
            "batch": 231.0,
            "span": 0.1773201823234558,
            "span_floor_in_batch": 0.0
          },
          {
            "batch": 232.0,
            "letter": 1.6187951564788818,
            "letter_floor_in_batch": 0.0
          },
          {
            "batch": 233.0,
            "span": 1.8415188789367676,
            "span_floor_in_batch": 0.0
          },
          {
            "batch": 234.0,
            "letter": 1.422337293624878,
            "letter_floor_in_batch": 0.0
          },
          {
            "batch": 235.0,
            "letter": 1.2797939777374268,
            "letter_floor_in_batch": 0.0
          },
          {
            "batch": 236.0,
            "span": 1.8429296016693115,
            "span_floor_in_batch": 0.0
          },
          {
            "batch": 237.0,
            "letter": 1.4220852851867676,
            "letter_floor_in_batch": 0.0
          },
          {
            "batch": 238.0,
            "letter": 1.6185266971588135,
            "letter_floor_in_batch": 0.0
          },
          {
            "batch": 239.0,
            "span": 0.17690065503120422,
            "span_floor_in_batch": 0.0
          },
          {
            "batch": 240.0,
            "letter": 1.6198828220367432,
            "letter_floor_in_batch": 0.0
          },
          {
            "batch": 241.0,
            "letter": 1.279468297958374,
            "letter_floor_in_batch": 0.0
          },
          {
            "batch": 242.0,
            "span": 1.8436923027038574,
            "span_floor_in_batch": 0.0
          },
          {
            "batch": 243.0,
            "letter": 1.6186463832855225,
            "letter_floor_in_batch": 0.0
          },
          {
            "batch": 244.0,
            "span": 0.17739559710025787,
            "span_floor_in_batch": 0.0
          },
          {
            "batch": 245.0,
            "span": 1.7501566410064697,
            "span_floor_in_batch": 0.0
          },
          {
            "batch": 246.0,
            "span": 0.17739561200141907,
            "span_floor_in_batch": 0.0
          },
          {
            "batch": 247.0,
            "letter": 1.4221320152282715,
            "letter_floor_in_batch": 0.0
          },
          {
            "batch": 248.0,
            "letter": 1.6187100410461426,
            "letter_floor_in_batch": 0.0
          },
          {
            "batch": 249.0,
            "span": 0.17682266235351562,
            "span_floor_in_batch": 0.0
          },
          {
            "batch": 250.0,
            "letter": 1.3320481777191162,
            "letter_floor_in_batch": 0.0
          },
          {
            "batch": 251.0,
            "letter": 1.279524803161621,
            "letter_floor_in_batch": 0.0
          },
          {
            "batch": 252.0,
            "span": 0.17710906267166138,
            "span_floor_in_batch": 0.0
          },
          {
            "batch": 253.0,
            "letter": 1.6186552047729492,
            "letter_floor_in_batch": 0.0
          },
          {
            "batch": 254.0,
            "span": 0.19687731564044952,
            "span_floor_in_batch": 0.0
          },
          {
            "batch": 255.0,
            "letter": 1.3001911640167236,
            "letter_floor_in_batch": 0.0
          },
          {
            "batch": 256.0,
            "letter": 1.3318467140197754,
            "letter_floor_in_batch": 0.0
          },
          {
            "batch": 257.0,
            "span": 0.19675901532173157,
            "span_floor_in_batch": 0.0
          },
          {
            "batch": 258.0,
            "letter": 1.3405306339263916,
            "letter_floor_in_batch": 0.0
          },
          {
            "batch": 259.0,
            "span": 0.17728248238563538,
            "span_floor_in_batch": 0.0
          },
          {
            "batch": 260.0,
            "letter": 1.3403949737548828,
            "letter_floor_in_batch": 0.0
          },
          {
            "batch": 261.0,
            "letter": 1.279637098312378,
            "letter_floor_in_batch": 0.0
          },
          {
            "batch": 262.0,
            "letter": 1.6189868450164795,
            "letter_floor_in_batch": 0.0
          },
          {
            "batch": 263.0,
            "span": 0.17761221528053284,
            "span_floor_in_batch": 0.0
          },
          {
            "batch": 264.0,
            "span": 0.17672765254974365,
            "span_floor_in_batch": 0.0
          },
          {
            "batch": 265.0,
            "letter": 1.3003404140472412,
            "letter_floor_in_batch": 0.0
          },
          {
            "batch": 266.0,
            "letter": 1.4220316410064697,
            "letter_floor_in_batch": 0.0
          },
          {
            "batch": 267.0,
            "span": 0.177109032869339,
            "span_floor_in_batch": 0.0
          },
          {
            "batch": 268.0,
            "letter": 1.2796313762664795,
            "letter_floor_in_batch": 0.0
          },
          {
            "batch": 269.0,
            "span": 0.17680475115776062,
            "span_floor_in_batch": 0.0
          },
          {
            "batch": 270.0,
            "span": 0.1773037314414978,
            "span_floor_in_batch": 0.0
          },
          {
            "batch": 271.0,
            "letter": 1.3405406475067139,
            "letter_floor_in_batch": 0.0
          },
          {
            "batch": 272.0,
            "letter": 1.2799081802368164,
            "letter_floor_in_batch": 0.0
          },
          {
            "batch": 273.0,
            "span": 0.177304208278656,
            "span_floor_in_batch": 0.0
          },
          {
            "batch": 274.0,
            "span": 0.1772046685218811,
            "span_floor_in_batch": 0.0
          },
          {
            "batch": 275.0,
            "letter": 1.340538501739502,
            "letter_floor_in_batch": 0.0
          },
          {
            "batch": 276.0,
            "letter": 1.4225738048553467,
            "letter_floor_in_batch": 0.0
          },
          {
            "batch": 277.0,
            "letter": 1.409771203994751,
            "letter_floor_in_batch": 0.0
          },
          {
            "batch": 278.0,
            "span": 0.19671401381492615,
            "span_floor_in_batch": 0.0
          },
          {
            "batch": 279.0,
            "span": 0.17741617560386658,
            "span_floor_in_batch": 0.0
          },
          {
            "batch": 280.0,
            "letter": 1.421882152557373,
            "letter_floor_in_batch": 0.0
          },
          {
            "batch": 281.0,
            "letter": 1.3317625522613525,
            "letter_floor_in_batch": 0.0
          },
          {
            "batch": 282.0,
            "span": 0.17762528359889984,
            "span_floor_in_batch": 0.0
          },
          {
            "batch": 283.0,
            "letter": 1.6187078952789307,
            "letter_floor_in_batch": 0.0
          },
          {
            "batch": 284.0,
            "letter": 1.2801027297973633,
            "letter_floor_in_batch": 0.0
          },
          {
            "batch": 285.0,
            "letter": 1.3318707942962646,
            "letter_floor_in_batch": 0.0
          },
          {
            "batch": 286.0,
            "span": 0.17730288207530975,
            "span_floor_in_batch": 0.0
          },
          {
            "batch": 287.0,
            "letter": 1.422182559967041,
            "letter_floor_in_batch": 0.0
          },
          {
            "batch": 288.0,
            "letter": 1.3002347946166992,
            "letter_floor_in_batch": 0.0
          },
          {
            "batch": 289.0,
            "letter": 1.6187243461608887,
            "letter_floor_in_batch": 0.0
          },
          {
            "batch": 290.0,
            "letter": 1.2796437740325928,
            "letter_floor_in_batch": 0.0
          },
          {
            "batch": 291.0,
            "span": 0.1960415244102478,
            "span_floor_in_batch": 0.0
          },
          {
            "batch": 292.0,
            "span": 0.17710837721824646,
            "span_floor_in_batch": 0.0
          },
          {
            "batch": 293.0,
            "letter": 1.2798261642456055,
            "letter_floor_in_batch": 0.0
          },
          {
            "batch": 294.0,
            "span": 0.19669413566589355,
            "span_floor_in_batch": 0.0
          },
          {
            "batch": 295.0,
            "span": 0.17739930748939514,
            "span_floor_in_batch": 0.0
          },
          {
            "batch": 296.0,
            "span": 1.8432989120483398,
            "span_floor_in_batch": 0.0
          },
          {
            "batch": 297.0,
            "letter": 1.6195940971374512,
            "letter_floor_in_batch": 0.0
          },
          {
            "batch": 298.0,
            "span": 1.8427927494049072,
            "span_floor_in_batch": 0.0
          },
          {
            "batch": 299.0,
            "letter": 1.340632677078247,
            "letter_floor_in_batch": 0.0
          },
          {
            "batch": 300.0,
            "letter": 1.3005259037017822,
            "letter_floor_in_batch": 0.0
          },
          {
            "batch": 301.0,
            "span": 0.17713016271591187,
            "span_floor_in_batch": 0.0
          },
          {
            "batch": 302.0,
            "span": 0.1776776909828186,
            "span_floor_in_batch": 0.0
          },
          {
            "batch": 303.0,
            "letter": 1.4223661422729492,
            "letter_floor_in_batch": 0.0
          },
          {
            "batch": 304.0,
            "letter": 1.409914255142212,
            "letter_floor_in_batch": 0.0
          },
          {
            "batch": 305.0,
            "span": 0.1776115596294403,
            "span_floor_in_batch": 0.0
          },
          {
            "batch": 306.0,
            "letter": 1.3405499458312988,
            "letter_floor_in_batch": 0.0
          },
          {
            "batch": 307.0,
            "letter": 1.2796359062194824,
            "letter_floor_in_batch": 0.0
          },
          {
            "batch": 308.0,
            "letter": 1.4220499992370605,
            "letter_floor_in_batch": 0.0
          },
          {
            "batch": 309.0,
            "span": 1.8445911407470703,
            "span_floor_in_batch": 0.0
          },
          {
            "batch": 310.0,
            "span": 0.19643890857696533,
            "span_floor_in_batch": 0.0
          },
          {
            "batch": 311.0,
            "span": 1.84232759475708,
            "span_floor_in_batch": 0.0
          },
          {
            "batch": 312.0,
            "letter": 1.3404767513275146,
            "letter_floor_in_batch": 0.0
          },
          {
            "batch": 313.0,
            "span": 0.17727425694465637,
            "span_floor_in_batch": 0.0
          },
          {
            "batch": 314.0,
            "letter": 1.2795681953430176,
            "letter_floor_in_batch": 0.0
          },
          {
            "batch": 315.0,
            "span": 0.1770169734954834,
            "span_floor_in_batch": 0.0
          },
          {
            "batch": 316.0,
            "letter": 1.3403594493865967,
            "letter_floor_in_batch": 0.0
          },
          {
            "batch": 317.0,
            "span": 0.19637319445610046,
            "span_floor_in_batch": 0.0
          },
          {
            "batch": 318.0,
            "letter": 1.2800986766815186,
            "letter_floor_in_batch": 0.0
          },
          {
            "batch": 319.0,
            "span": 0.17720884084701538,
            "span_floor_in_batch": 0.0
          },
          {
            "batch": 320.0,
            "letter": 1.3318960666656494,
            "letter_floor_in_batch": 0.0
          },
          {
            "batch": 321.0,
            "span": 0.17701362073421478,
            "span_floor_in_batch": 0.0
          },
          {
            "batch": 322.0,
            "span": 0.17732200026512146,
            "span_floor_in_batch": 0.0
          },
          {
            "batch": 323.0,
            "letter": 1.4222691059112549,
            "letter_floor_in_batch": 0.0
          },
          {
            "batch": 324.0,
            "span": 0.1772255003452301,
            "span_floor_in_batch": 0.0
          },
          {
            "batch": 325.0,
            "span": 0.19656649231910706,
            "span_floor_in_batch": 0.0
          },
          {
            "batch": 326.0,
            "letter": 1.6187903881072998,
            "letter_floor_in_batch": 0.0
          },
          {
            "batch": 327.0,
            "span": 0.17701828479766846,
            "span_floor_in_batch": 0.0
          },
          {
            "batch": 328.0,
            "letter": 1.3405826091766357,
            "letter_floor_in_batch": 0.0
          },
          {
            "batch": 329.0,
            "span": 1.8438676595687866,
            "span_floor_in_batch": 0.0
          },
          {
            "batch": 330.0,
            "span": 0.17701280117034912,
            "span_floor_in_batch": 0.0
          },
          {
            "batch": 331.0,
            "span": 0.1774209886789322,
            "span_floor_in_batch": 0.0
          },
          {
            "batch": 332.0,
            "letter": 1.6187355518341064,
            "letter_floor_in_batch": 0.0
          },
          {
            "batch": 333.0,
            "span": 0.17718923091888428,
            "span_floor_in_batch": 0.0
          },
          {
            "batch": 334.0,
            "letter": 1.421851396560669,
            "letter_floor_in_batch": 0.0
          },
          {
            "batch": 335.0,
            "span": 0.17749303579330444,
            "span_floor_in_batch": 0.0
          },
          {
            "batch": 336.0,
            "span": 0.1965799629688263,
            "span_floor_in_batch": 0.0
          },
          {
            "batch": 337.0,
            "letter": 1.340580940246582,
            "letter_floor_in_batch": 0.0
          },
          {
            "batch": 338.0,
            "letter": 1.3404645919799805,
            "letter_floor_in_batch": 0.0
          },
          {
            "batch": 339.0,
            "span": 0.17756059765815735,
            "span_floor_in_batch": 0.0
          },
          {
            "batch": 340.0,
            "letter": 1.618473768234253,
            "letter_floor_in_batch": 0.0
          },
          {
            "batch": 341.0,
            "letter": 1.2799930572509766,
            "letter_floor_in_batch": 0.0
          },
          {
            "batch": 342.0,
            "span": 0.1770826131105423,
            "span_floor_in_batch": 0.0
          },
          {
            "batch": 343.0,
            "span": 0.17743763327598572,
            "span_floor_in_batch": 0.0
          }
        ],
        "span_floor_mean_per_batch": 0.0,
        "span_floor_over_the_plan": 0.0,
        "span_gap": 0.5921139629601047,
        "span_loss": 0.5921139629601047,
        "span_rows": 172
      },
      "ft_row_id": "d4a4ac04-f816-4210-ae5b-3a96bf687557",
      "heads": 4,
      "hidden": 128,
      "letter_at_first_joint_batch": NaN,
      "letter_first": 5.490370750427246,
      "letter_floor": 0.0,
      "letter_last": 1.2763376235961914,
      "micro_batches": 344,
      "no_memorise": true,
      "optimizer_steps": 344,
      "padding_fraction": 0.0,
      "params": 352512,
      "score_row_id": "42fc8019-25c5-436b-b569-3eb3fb48476c",
      "seed": 0,
      "span_at_first_joint_batch": NaN,
      "span_first": 13.550694465637207,
      "span_floor": 0.0,
      "span_last": 0.20542554557323456,
      "span_rows": 172,
      "span_weight": 1.0,
      "steps_per_s": 137.48,
      "steps_requested": 344,
      "supervised_tokens": 172,
      "tag": "epoch",
      "termination": "steps_exhausted",
      "total_first": 13.550694465637207,
      "total_last": 0.20542554557323456,
      "wall_clock_s": 2.502
    }
  ],
  "arm2": [],
  "batches": {
    "batches": 344,
    "batches_letter_only": 172,
    "batches_span_only": 172,
    "batches_with_a_span_row": 172,
    "letter_channel_live_chunks": 172,
    "letter_channel_total_chunks": 344,
    "widths": [
      394,
      396,
      435,
      437
    ]
  },
  "batches_with_span": [
    {
      "bucket": 1,
      "chunks": 1,
      "index": 0,
      "kinds": {
        "span": 1
      },
      "live_chunks": 0,
      "rows": 1,
      "span_rows": 1,
      "supervised": 0,
      "width": 396
    },
    {
      "bucket": 1,
      "chunks": 1,
      "index": 6,
      "kinds": {
        "span": 1
      },
      "live_chunks": 0,
      "rows": 1,
      "span_rows": 1,
      "supervised": 0,
      "width": 396
    },
    {
      "bucket": 1,
      "chunks": 1,
      "index": 8,
      "kinds": {
        "span": 1
      },
      "live_chunks": 0,
      "rows": 1,
      "span_rows": 1,
      "supervised": 0,
      "width": 396
    },
    {
      "bucket": 1,
      "chunks": 1,
      "index": 9,
      "kinds": {
        "span": 1
      },
      "live_chunks": 0,
      "rows": 1,
      "span_rows": 1,
      "supervised": 0,
      "width": 396
    },
    {
      "bucket": 1,
      "chunks": 1,
      "index": 11,
      "kinds": {
        "span": 1
      },
      "live_chunks": 0,
      "rows": 1,
      "span_rows": 1,
      "supervised": 0,
      "width": 396
    },
    {
      "bucket": 0,
      "chunks": 1,
      "index": 12,
      "kinds": {
        "span": 1
      },
      "live_chunks": 0,
      "rows": 1,
      "span_rows": 1,
      "supervised": 0,
      "width": 394
    },
    {
      "bucket": 1,
      "chunks": 1,
      "index": 13,
      "kinds": {
        "span": 1
      },
      "live_chunks": 0,
      "rows": 1,
      "span_rows": 1,
      "supervised": 0,
      "width": 396
    },
    {
      "bucket": 0,
      "chunks": 1,
      "index": 15,
      "kinds": {
        "span": 1
      },
      "live_chunks": 0,
      "rows": 1,
      "span_rows": 1,
      "supervised": 0,
      "width": 394
    },
    {
      "bucket": 1,
      "chunks": 1,
      "index": 16,
      "kinds": {
        "span": 1
      },
      "live_chunks": 0,
      "rows": 1,
      "span_rows": 1,
      "supervised": 0,
      "width": 396
    },
    {
      "bucket": 1,
      "chunks": 1,
      "index": 20,
      "kinds": {
        "span": 1
      },
      "live_chunks": 0,
      "rows": 1,
      "span_rows": 1,
      "supervised": 0,
      "width": 396
    },
    {
      "bucket": 0,
      "chunks": 1,
      "index": 22,
      "kinds": {
        "span": 1
      },
      "live_chunks": 0,
      "rows": 1,
      "span_rows": 1,
      "supervised": 0,
      "width": 394
    },
    {
      "bucket": 1,
      "chunks": 1,
      "index": 24,
      "kinds": {
        "span": 1
      },
      "live_chunks": 0,
      "rows": 1,
      "span_rows": 1,
      "supervised": 0,
      "width": 396
    },
    {
      "bucket": 0,
      "chunks": 1,
      "index": 25,
      "kinds": {
        "span": 1
      },
      "live_chunks": 0,
      "rows": 1,
      "span_rows": 1,
      "supervised": 0,
      "width": 394
    },
    {
      "bucket": 1,
      "chunks": 1,
      "index": 27,
      "kinds": {
        "span": 1
      },
      "live_chunks": 0,
      "rows": 1,
      "span_rows": 1,
      "supervised": 0,
      "width": 396
    },
    {
      "bucket": 0,
      "chunks": 1,
      "index": 28,
      "kinds": {
        "span": 1
      },
      "live_chunks": 0,
      "rows": 1,
      "span_rows": 1,
      "supervised": 0,
      "width": 394
    },
    {
      "bucket": 0,
      "chunks": 1,
      "index": 29,
      "kinds": {
        "span": 1
      },
      "live_chunks": 0,
      "rows": 1,
      "span_rows": 1,
      "supervised": 0,
      "width": 394
    },
    {
      "bucket": 0,
      "chunks": 1,
      "index": 32,
      "kinds": {
        "span": 1
      },
      "live_chunks": 0,
      "rows": 1,
      "span_rows": 1,
      "supervised": 0,
      "width": 394
    },
    {
      "bucket": 1,
      "chunks": 1,
      "index": 34,
      "kinds": {
        "span": 1
      },
      "live_chunks": 0,
      "rows": 1,
      "span_rows": 1,
      "supervised": 0,
      "width": 396
    },
    {
      "bucket": 1,
      "chunks": 1,
      "index": 37,
      "kinds": {
        "span": 1
      },
      "live_chunks": 0,
      "rows": 1,
      "span_rows": 1,
      "supervised": 0,
      "width": 396
    },
    {
      "bucket": 1,
      "chunks": 1,
      "index": 41,
      "kinds": {
        "span": 1
      },
      "live_chunks": 0,
      "rows": 1,
      "span_rows": 1,
      "supervised": 0,
      "width": 396
    },
    {
      "bucket": 0,
      "chunks": 1,
      "index": 52,
      "kinds": {
        "span": 1
      },
      "live_chunks": 0,
      "rows": 1,
      "span_rows": 1,
      "supervised": 0,
      "width": 394
    },
    {
      "bucket": 1,
      "chunks": 1,
      "index": 53,
      "kinds": {
        "span": 1
      },
      "live_chunks": 0,
      "rows": 1,
      "span_rows": 1,
      "supervised": 0,
      "width": 396
    },
    {
      "bucket": 1,
      "chunks": 1,
      "index": 54,
      "kinds": {
        "span": 1
      },
      "live_chunks": 0,
      "rows": 1,
      "span_rows": 1,
      "supervised": 0,
      "width": 396
    },
    {
      "bucket": 0,
      "chunks": 1,
      "index": 55,
      "kinds": {
        "span": 1
      },
      "live_chunks": 0,
      "rows": 1,
      "span_rows": 1,
      "supervised": 0,
      "width": 394
    },
    {
      "bucket": 0,
      "chunks": 1,
      "index": 57,
      "kinds": {
        "span": 1
      },
      "live_chunks": 0,
      "rows": 1,
      "span_rows": 1,
      "supervised": 0,
      "width": 394
    },
    {
      "bucket": 1,
      "chunks": 1,
      "index": 61,
      "kinds": {
        "span": 1
      },
      "live_chunks": 0,
      "rows": 1,
      "span_rows": 1,
      "supervised": 0,
      "width": 396
    },
    {
      "bucket": 1,
      "chunks": 1,
      "index": 64,
      "kinds": {
        "span": 1
      },
      "live_chunks": 0,
      "rows": 1,
      "span_rows": 1,
      "supervised": 0,
      "width": 396
    },
    {
      "bucket": 1,
      "chunks": 1,
      "index": 66,
      "kinds": {
        "span": 1
      },
      "live_chunks": 0,
      "rows": 1,
      "span_rows": 1,
      "supervised": 0,
      "width": 396
    },
    {
      "bucket": 1,
      "chunks": 1,
      "index": 67,
      "kinds": {
        "span": 1
      },
      "live_chunks": 0,
      "rows": 1,
      "span_rows": 1,
      "supervised": 0,
      "width": 396
    },
    {
      "bucket": 1,
      "chunks": 1,
      "index": 70,
      "kinds": {
        "span": 1
      },
      "live_chunks": 0,
      "rows": 1,
      "span_rows": 1,
      "supervised": 0,
      "width": 396
    },
    {
      "bucket": 0,
      "chunks": 1,
      "index": 71,
      "kinds": {
        "span": 1
      },
      "live_chunks": 0,
      "rows": 1,
      "span_rows": 1,
      "supervised": 0,
      "width": 394
    },
    {
      "bucket": 1,
      "chunks": 1,
      "index": 72,
      "kinds": {
        "span": 1
      },
      "live_chunks": 0,
      "rows": 1,
      "span_rows": 1,
      "supervised": 0,
      "width": 396
    },
    {
      "bucket": 1,
      "chunks": 1,
      "index": 74,
      "kinds": {
        "span": 1
      },
      "live_chunks": 0,
      "rows": 1,
      "span_rows": 1,
      "supervised": 0,
      "width": 396
    },
    {
      "bucket": 1,
      "chunks": 1,
      "index": 75,
      "kinds": {
        "span": 1
      },
      "live_chunks": 0,
      "rows": 1,
      "span_rows": 1,
      "supervised": 0,
      "width": 396
    },
    {
      "bucket": 1,
      "chunks": 1,
      "index": 76,
      "kinds": {
        "span": 1
      },
      "live_chunks": 0,
      "rows": 1,
      "span_rows": 1,
      "supervised": 0,
      "width": 396
    },
    {
      "bucket": 1,
      "chunks": 1,
      "index": 77,
      "kinds": {
        "span": 1
      },
      "live_chunks": 0,
      "rows": 1,
      "span_rows": 1,
      "supervised": 0,
      "width": 396
    },
    {
      "bucket": 1,
      "chunks": 1,
      "index": 78,
      "kinds": {
        "span": 1
      },
      "live_chunks": 0,
      "rows": 1,
      "span_rows": 1,
      "supervised": 0,
      "width": 396
    },
    {
      "bucket": 1,
      "chunks": 1,
      "index": 79,
      "kinds": {
        "span": 1
      },
      "live_chunks": 0,
      "rows": 1,
      "span_rows": 1,
      "supervised": 0,
      "width": 396
    },
    {
      "bucket": 1,
      "chunks": 1,
      "index": 84,
      "kinds": {
        "span": 1
      },
      "live_chunks": 0,
      "rows": 1,
      "span_rows": 1,
      "supervised": 0,
      "width": 396
    },
    {
      "bucket": 1,
      "chunks": 1,
      "index": 86,
      "kinds": {
        "span": 1
      },
      "live_chunks": 0,
      "rows": 1,
      "span_rows": 1,
      "supervised": 0,
      "width": 396
    },
    {
      "bucket": 1,
      "chunks": 1,
      "index": 88,
      "kinds": {
        "span": 1
      },
      "live_chunks": 0,
      "rows": 1,
      "span_rows": 1,
      "supervised": 0,
      "width": 396
    },
    {
      "bucket": 1,
      "chunks": 1,
      "index": 89,
      "kinds": {
        "span": 1
      },
      "live_chunks": 0,
      "rows": 1,
      "span_rows": 1,
      "supervised": 0,
      "width": 396
    },
    {
      "bucket": 1,
      "chunks": 1,
      "index": 93,
      "kinds": {
        "span": 1
      },
      "live_chunks": 0,
      "rows": 1,
      "span_rows": 1,
      "supervised": 0,
      "width": 396
    },
    {
      "bucket": 1,
      "chunks": 1,
      "index": 94,
      "kinds": {
        "span": 1
      },
      "live_chunks": 0,
      "rows": 1,
      "span_rows": 1,
      "supervised": 0,
      "width": 396
    },
    {
      "bucket": 1,
      "chunks": 1,
      "index": 96,
      "kinds": {
        "span": 1
      },
      "live_chunks": 0,
      "rows": 1,
      "span_rows": 1,
      "supervised": 0,
      "width": 396
    },
    {
      "bucket": 1,
      "chunks": 1,
      "index": 97,
      "kinds": {
        "span": 1
      },
      "live_chunks": 0,
      "rows": 1,
      "span_rows": 1,
      "supervised": 0,
      "width": 396
    },
    {
      "bucket": 1,
      "chunks": 1,
      "index": 98,
      "kinds": {
        "span": 1
      },
      "live_chunks": 0,
      "rows": 1,
      "span_rows": 1,
      "supervised": 0,
      "width": 396
    },
    {
      "bucket": 1,
      "chunks": 1,
      "index": 101,
      "kinds": {
        "span": 1
      },
      "live_chunks": 0,
      "rows": 1,
      "span_rows": 1,
      "supervised": 0,
      "width": 396
    },
    {
      "bucket": 1,
      "chunks": 1,
      "index": 102,
      "kinds": {
        "span": 1
      },
      "live_chunks": 0,
      "rows": 1,
      "span_rows": 1,
      "supervised": 0,
      "width": 396
    },
    {
      "bucket": 1,
      "chunks": 1,
      "index": 103,
      "kinds": {
        "span": 1
      },
      "live_chunks": 0,
      "rows": 1,
      "span_rows": 1,
      "supervised": 0,
      "width": 396
    },
    {
      "bucket": 1,
      "chunks": 1,
      "index": 108,
      "kinds": {
        "span": 1
      },
      "live_chunks": 0,
      "rows": 1,
      "span_rows": 1,
      "supervised": 0,
      "width": 396
    },
    {
      "bucket": 1,
      "chunks": 1,
      "index": 109,
      "kinds": {
        "span": 1
      },
      "live_chunks": 0,
      "rows": 1,
      "span_rows": 1,
      "supervised": 0,
      "width": 396
    },
    {
      "bucket": 0,
      "chunks": 1,
      "index": 110,
      "kinds": {
        "span": 1
      },
      "live_chunks": 0,
      "rows": 1,
      "span_rows": 1,
      "supervised": 0,
      "width": 394
    },
    {
      "bucket": 1,
      "chunks": 1,
      "index": 111,
      "kinds": {
        "span": 1
      },
      "live_chunks": 0,
      "rows": 1,
      "span_rows": 1,
      "supervised": 0,
      "width": 396
    },
    {
      "bucket": 1,
      "chunks": 1,
      "index": 115,
      "kinds": {
        "span": 1
      },
      "live_chunks": 0,
      "rows": 1,
      "span_rows": 1,
      "supervised": 0,
      "width": 396
    },
    {
      "bucket": 1,
      "chunks": 1,
      "index": 117,
      "kinds": {
        "span": 1
      },
      "live_chunks": 0,
      "rows": 1,
      "span_rows": 1,
      "supervised": 0,
      "width": 396
    },
    {
      "bucket": 1,
      "chunks": 1,
      "index": 118,
      "kinds": {
        "span": 1
      },
      "live_chunks": 0,
      "rows": 1,
      "span_rows": 1,
      "supervised": 0,
      "width": 396
    },
    {
      "bucket": 1,
      "chunks": 1,
      "index": 120,
      "kinds": {
        "span": 1
      },
      "live_chunks": 0,
      "rows": 1,
      "span_rows": 1,
      "supervised": 0,
      "width": 396
    },
    {
      "bucket": 1,
      "chunks": 1,
      "index": 121,
      "kinds": {
        "span": 1
      },
      "live_chunks": 0,
      "rows": 1,
      "span_rows": 1,
      "supervised": 0,
      "width": 396
    },
    {
      "bucket": 1,
      "chunks": 1,
      "index": 122,
      "kinds": {
        "span": 1
      },
      "live_chunks": 0,
      "rows": 1,
      "span_rows": 1,
      "supervised": 0,
      "width": 396
    },
    {
      "bucket": 1,
      "chunks": 1,
      "index": 125,
      "kinds": {
        "span": 1
      },
      "live_chunks": 0,
      "rows": 1,
      "span_rows": 1,
      "supervised": 0,
      "width": 396
    },
    {
      "bucket": 1,
      "chunks": 1,
      "index": 132,
      "kinds": {
        "span": 1
      },
      "live_chunks": 0,
      "rows": 1,
      "span_rows": 1,
      "supervised": 0,
      "width": 396
    },
    {
      "bucket": 1,
      "chunks": 1,
      "index": 134,
      "kinds": {
        "span": 1
      },
      "live_chunks": 0,
      "rows": 1,
      "span_rows": 1,
      "supervised": 0,
      "width": 396
    },
    {
      "bucket": 1,
      "chunks": 1,
      "index": 135,
      "kinds": {
        "span": 1
      },
      "live_chunks": 0,
      "rows": 1,
      "span_rows": 1,
      "supervised": 0,
      "width": 396
    },
    {
      "bucket": 0,
      "chunks": 1,
      "index": 137,
      "kinds": {
        "span": 1
      },
      "live_chunks": 0,
      "rows": 1,
      "span_rows": 1,
      "supervised": 0,
      "width": 394
    },
    {
      "bucket": 1,
      "chunks": 1,
      "index": 139,
      "kinds": {
        "span": 1
      },
      "live_chunks": 0,
      "rows": 1,
      "span_rows": 1,
      "supervised": 0,
      "width": 396
    },
    {
      "bucket": 1,
      "chunks": 1,
      "index": 140,
      "kinds": {
        "span": 1
      },
      "live_chunks": 0,
      "rows": 1,
      "span_rows": 1,
      "supervised": 0,
      "width": 396
    },
    {
      "bucket": 1,
      "chunks": 1,
      "index": 141,
      "kinds": {
        "span": 1
      },
      "live_chunks": 0,
      "rows": 1,
      "span_rows": 1,
      "supervised": 0,
      "width": 396
    },
    {
      "bucket": 1,
      "chunks": 1,
      "index": 144,
      "kinds": {
        "span": 1
      },
      "live_chunks": 0,
      "rows": 1,
      "span_rows": 1,
      "supervised": 0,
      "width": 396
    },
    {
      "bucket": 1,
      "chunks": 1,
      "index": 147,
      "kinds": {
        "span": 1
      },
      "live_chunks": 0,
      "rows": 1,
      "span_rows": 1,
      "supervised": 0,
      "width": 396
    },
    {
      "bucket": 1,
      "chunks": 1,
      "index": 148,
      "kinds": {
        "span": 1
      },
      "live_chunks": 0,
      "rows": 1,
      "span_rows": 1,
      "supervised": 0,
      "width": 396
    },
    {
      "bucket": 0,
      "chunks": 1,
      "index": 149,
      "kinds": {
        "span": 1
      },
      "live_chunks": 0,
      "rows": 1,
      "span_rows": 1,
      "supervised": 0,
      "width": 394
    },
    {
      "bucket": 0,
      "chunks": 1,
      "index": 151,
      "kinds": {
        "span": 1
      },
      "live_chunks": 0,
      "rows": 1,
      "span_rows": 1,
      "supervised": 0,
      "width": 394
    },
    {
      "bucket": 1,
      "chunks": 1,
      "index": 152,
      "kinds": {
        "span": 1
      },
      "live_chunks": 0,
      "rows": 1,
      "span_rows": 1,
      "supervised": 0,
      "width": 396
    },
    {
      "bucket": 1,
      "chunks": 1,
      "index": 154,
      "kinds": {
        "span": 1
      },
      "live_chunks": 0,
      "rows": 1,
      "span_rows": 1,
      "supervised": 0,
      "width": 396
    },
    {
      "bucket": 1,
      "chunks": 1,
      "index": 157,
      "kinds": {
        "span": 1
      },
      "live_chunks": 0,
      "rows": 1,
      "span_rows": 1,
      "supervised": 0,
      "width": 396
    },
    {
      "bucket": 1,
      "chunks": 1,
      "index": 158,
      "kinds": {
        "span": 1
      },
      "live_chunks": 0,
      "rows": 1,
      "span_rows": 1,
      "supervised": 0,
      "width": 396
    },
    {
      "bucket": 1,
      "chunks": 1,
      "index": 160,
      "kinds": {
        "span": 1
      },
      "live_chunks": 0,
      "rows": 1,
      "span_rows": 1,
      "supervised": 0,
      "width": 396
    },
    {
      "bucket": 0,
      "chunks": 1,
      "index": 161,
      "kinds": {
        "span": 1
      },
      "live_chunks": 0,
      "rows": 1,
      "span_rows": 1,
      "supervised": 0,
      "width": 394
    },
    {
      "bucket": 1,
      "chunks": 1,
      "index": 164,
      "kinds": {
        "span": 1
      },
      "live_chunks": 0,
      "rows": 1,
      "span_rows": 1,
      "supervised": 0,
      "width": 396
    },
    {
      "bucket": 1,
      "chunks": 1,
      "index": 165,
      "kinds": {
        "span": 1
      },
      "live_chunks": 0,
      "rows": 1,
      "span_rows": 1,
      "supervised": 0,
      "width": 396
    },
    {
      "bucket": 1,
      "chunks": 1,
      "index": 166,
      "kinds": {
        "span": 1
      },
      "live_chunks": 0,
      "rows": 1,
      "span_rows": 1,
      "supervised": 0,
      "width": 396
    },
    {
      "bucket": 1,
      "chunks": 1,
      "index": 169,
      "kinds": {
        "span": 1
      },
      "live_chunks": 0,
      "rows": 1,
      "span_rows": 1,
      "supervised": 0,
      "width": 396
    },
    {
      "bucket": 1,
      "chunks": 1,
      "index": 171,
      "kinds": {
        "span": 1
      },
      "live_chunks": 0,
      "rows": 1,
      "span_rows": 1,
      "supervised": 0,
      "width": 396
    },
    {
      "bucket": 1,
      "chunks": 1,
      "index": 175,
      "kinds": {
        "span": 1
      },
      "live_chunks": 0,
      "rows": 1,
      "span_rows": 1,
      "supervised": 0,
      "width": 396
    },
    {
      "bucket": 1,
      "chunks": 1,
      "index": 177,
      "kinds": {
        "span": 1
      },
      "live_chunks": 0,
      "rows": 1,
      "span_rows": 1,
      "supervised": 0,
      "width": 396
    },
    {
      "bucket": 1,
      "chunks": 1,
      "index": 180,
      "kinds": {
        "span": 1
      },
      "live_chunks": 0,
      "rows": 1,
      "span_rows": 1,
      "supervised": 0,
      "width": 396
    },
    {
      "bucket": 1,
      "chunks": 1,
      "index": 181,
      "kinds": {
        "span": 1
      },
      "live_chunks": 0,
      "rows": 1,
      "span_rows": 1,
      "supervised": 0,
      "width": 396
    },
    {
      "bucket": 1,
      "chunks": 1,
      "index": 183,
      "kinds": {
        "span": 1
      },
      "live_chunks": 0,
      "rows": 1,
      "span_rows": 1,
      "supervised": 0,
      "width": 396
    },
    {
      "bucket": 1,
      "chunks": 1,
      "index": 185,
      "kinds": {
        "span": 1
      },
      "live_chunks": 0,
      "rows": 1,
      "span_rows": 1,
      "supervised": 0,
      "width": 396
    },
    {
      "bucket": 1,
      "chunks": 1,
      "index": 188,
      "kinds": {
        "span": 1
      },
      "live_chunks": 0,
      "rows": 1,
      "span_rows": 1,
      "supervised": 0,
      "width": 396
    },
    {
      "bucket": 1,
      "chunks": 1,
      "index": 189,
      "kinds": {
        "span": 1
      },
      "live_chunks": 0,
      "rows": 1,
      "span_rows": 1,
      "supervised": 0,
      "width": 396
    },
    {
      "bucket": 1,
      "chunks": 1,
      "index": 190,
      "kinds": {
        "span": 1
      },
      "live_chunks": 0,
      "rows": 1,
      "span_rows": 1,
      "supervised": 0,
      "width": 396
    },
    {
      "bucket": 0,
      "chunks": 1,
      "index": 191,
      "kinds": {
        "span": 1
      },
      "live_chunks": 0,
      "rows": 1,
      "span_rows": 1,
      "supervised": 0,
      "width": 394
    },
    {
      "bucket": 0,
      "chunks": 1,
      "index": 192,
      "kinds": {
        "span": 1
      },
      "live_chunks": 0,
      "rows": 1,
      "span_rows": 1,
      "supervised": 0,
      "width": 394
    },
    {
      "bucket": 1,
      "chunks": 1,
      "index": 193,
      "kinds": {
        "span": 1
      },
      "live_chunks": 0,
      "rows": 1,
      "span_rows": 1,
      "supervised": 0,
      "width": 396
    },
    {
      "bucket": 1,
      "chunks": 1,
      "index": 194,
      "kinds": {
        "span": 1
      },
      "live_chunks": 0,
      "rows": 1,
      "span_rows": 1,
      "supervised": 0,
      "width": 396
    },
    {
      "bucket": 1,
      "chunks": 1,
      "index": 196,
      "kinds": {
        "span": 1
      },
      "live_chunks": 0,
      "rows": 1,
      "span_rows": 1,
      "supervised": 0,
      "width": 396
    },
    {
      "bucket": 1,
      "chunks": 1,
      "index": 197,
      "kinds": {
        "span": 1
      },
      "live_chunks": 0,
      "rows": 1,
      "span_rows": 1,
      "supervised": 0,
      "width": 396
    },
    {
      "bucket": 1,
      "chunks": 1,
      "index": 199,
      "kinds": {
        "span": 1
      },
      "live_chunks": 0,
      "rows": 1,
      "span_rows": 1,
      "supervised": 0,
      "width": 396
    },
    {
      "bucket": 1,
      "chunks": 1,
      "index": 200,
      "kinds": {
        "span": 1
      },
      "live_chunks": 0,
      "rows": 1,
      "span_rows": 1,
      "supervised": 0,
      "width": 396
    },
    {
      "bucket": 0,
      "chunks": 1,
      "index": 202,
      "kinds": {
        "span": 1
      },
      "live_chunks": 0,
      "rows": 1,
      "span_rows": 1,
      "supervised": 0,
      "width": 394
    },
    {
      "bucket": 1,
      "chunks": 1,
      "index": 203,
      "kinds": {
        "span": 1
      },
      "live_chunks": 0,
      "rows": 1,
      "span_rows": 1,
      "supervised": 0,
      "width": 396
    },
    {
      "bucket": 0,
      "chunks": 1,
      "index": 204,
      "kinds": {
        "span": 1
      },
      "live_chunks": 0,
      "rows": 1,
      "span_rows": 1,
      "supervised": 0,
      "width": 394
    },
    {
      "bucket": 1,
      "chunks": 1,
      "index": 207,
      "kinds": {
        "span": 1
      },
      "live_chunks": 0,
      "rows": 1,
      "span_rows": 1,
      "supervised": 0,
      "width": 396
    },
    {
      "bucket": 1,
      "chunks": 1,
      "index": 209,
      "kinds": {
        "span": 1
      },
      "live_chunks": 0,
      "rows": 1,
      "span_rows": 1,
      "supervised": 0,
      "width": 396
    },
    {
      "bucket": 1,
      "chunks": 1,
      "index": 210,
      "kinds": {
        "span": 1
      },
      "live_chunks": 0,
      "rows": 1,
      "span_rows": 1,
      "supervised": 0,
      "width": 396
    },
    {
      "bucket": 1,
      "chunks": 1,
      "index": 212,
      "kinds": {
        "span": 1
      },
      "live_chunks": 0,
      "rows": 1,
      "span_rows": 1,
      "supervised": 0,
      "width": 396
    },
    {
      "bucket": 1,
      "chunks": 1,
      "index": 215,
      "kinds": {
        "span": 1
      },
      "live_chunks": 0,
      "rows": 1,
      "span_rows": 1,
      "supervised": 0,
      "width": 396
    },
    {
      "bucket": 1,
      "chunks": 1,
      "index": 217,
      "kinds": {
        "span": 1
      },
      "live_chunks": 0,
      "rows": 1,
      "span_rows": 1,
      "supervised": 0,
      "width": 396
    },
    {
      "bucket": 0,
      "chunks": 1,
      "index": 219,
      "kinds": {
        "span": 1
      },
      "live_chunks": 0,
      "rows": 1,
      "span_rows": 1,
      "supervised": 0,
      "width": 394
    },
    {
      "bucket": 1,
      "chunks": 1,
      "index": 220,
      "kinds": {
        "span": 1
      },
      "live_chunks": 0,
      "rows": 1,
      "span_rows": 1,
      "supervised": 0,
      "width": 396
    },
    {
      "bucket": 1,
      "chunks": 1,
      "index": 222,
      "kinds": {
        "span": 1
      },
      "live_chunks": 0,
      "rows": 1,
      "span_rows": 1,
      "supervised": 0,
      "width": 396
    },
    {
      "bucket": 0,
      "chunks": 1,
      "index": 224,
      "kinds": {
        "span": 1
      },
      "live_chunks": 0,
      "rows": 1,
      "span_rows": 1,
      "supervised": 0,
      "width": 394
    },
    {
      "bucket": 1,
      "chunks": 1,
      "index": 225,
      "kinds": {
        "span": 1
      },
      "live_chunks": 0,
      "rows": 1,
      "span_rows": 1,
      "supervised": 0,
      "width": 396
    },
    {
      "bucket": 1,
      "chunks": 1,
      "index": 227,
      "kinds": {
        "span": 1
      },
      "live_chunks": 0,
      "rows": 1,
      "span_rows": 1,
      "supervised": 0,
      "width": 396
    },
    {
      "bucket": 1,
      "chunks": 1,
      "index": 229,
      "kinds": {
        "span": 1
      },
      "live_chunks": 0,
      "rows": 1,
      "span_rows": 1,
      "supervised": 0,
      "width": 396
    },
    {
      "bucket": 1,
      "chunks": 1,
      "index": 230,
      "kinds": {
        "span": 1
      },
      "live_chunks": 0,
      "rows": 1,
      "span_rows": 1,
      "supervised": 0,
      "width": 396
    },
    {
      "bucket": 1,
      "chunks": 1,
      "index": 231,
      "kinds": {
        "span": 1
      },
      "live_chunks": 0,
      "rows": 1,
      "span_rows": 1,
      "supervised": 0,
      "width": 396
    },
    {
      "bucket": 1,
      "chunks": 1,
      "index": 233,
      "kinds": {
        "span": 1
      },
      "live_chunks": 0,
      "rows": 1,
      "span_rows": 1,
      "supervised": 0,
      "width": 396
    },
    {
      "bucket": 1,
      "chunks": 1,
      "index": 236,
      "kinds": {
        "span": 1
      },
      "live_chunks": 0,
      "rows": 1,
      "span_rows": 1,
      "supervised": 0,
      "width": 396
    },
    {
      "bucket": 1,
      "chunks": 1,
      "index": 239,
      "kinds": {
        "span": 1
      },
      "live_chunks": 0,
      "rows": 1,
      "span_rows": 1,
      "supervised": 0,
      "width": 396
    },
    {
      "bucket": 1,
      "chunks": 1,
      "index": 242,
      "kinds": {
        "span": 1
      },
      "live_chunks": 0,
      "rows": 1,
      "span_rows": 1,
      "supervised": 0,
      "width": 396
    },
    {
      "bucket": 1,
      "chunks": 1,
      "index": 244,
      "kinds": {
        "span": 1
      },
      "live_chunks": 0,
      "rows": 1,
      "span_rows": 1,
      "supervised": 0,
      "width": 396
    },
    {
      "bucket": 0,
      "chunks": 1,
      "index": 245,
      "kinds": {
        "span": 1
      },
      "live_chunks": 0,
      "rows": 1,
      "span_rows": 1,
      "supervised": 0,
      "width": 394
    },
    {
      "bucket": 1,
      "chunks": 1,
      "index": 246,
      "kinds": {
        "span": 1
      },
      "live_chunks": 0,
      "rows": 1,
      "span_rows": 1,
      "supervised": 0,
      "width": 396
    },
    {
      "bucket": 1,
      "chunks": 1,
      "index": 249,
      "kinds": {
        "span": 1
      },
      "live_chunks": 0,
      "rows": 1,
      "span_rows": 1,
      "supervised": 0,
      "width": 396
    },
    {
      "bucket": 1,
      "chunks": 1,
      "index": 252,
      "kinds": {
        "span": 1
      },
      "live_chunks": 0,
      "rows": 1,
      "span_rows": 1,
      "supervised": 0,
      "width": 396
    },
    {
      "bucket": 0,
      "chunks": 1,
      "index": 254,
      "kinds": {
        "span": 1
      },
      "live_chunks": 0,
      "rows": 1,
      "span_rows": 1,
      "supervised": 0,
      "width": 394
    },
    {
      "bucket": 0,
      "chunks": 1,
      "index": 257,
      "kinds": {
        "span": 1
      },
      "live_chunks": 0,
      "rows": 1,
      "span_rows": 1,
      "supervised": 0,
      "width": 394
    },
    {
      "bucket": 1,
      "chunks": 1,
      "index": 259,
      "kinds": {
        "span": 1
      },
      "live_chunks": 0,
      "rows": 1,
      "span_rows": 1,
      "supervised": 0,
      "width": 396
    },
    {
      "bucket": 1,
      "chunks": 1,
      "index": 263,
      "kinds": {
        "span": 1
      },
      "live_chunks": 0,
      "rows": 1,
      "span_rows": 1,
      "supervised": 0,
      "width": 396
    },
    {
      "bucket": 1,
      "chunks": 1,
      "index": 264,
      "kinds": {
        "span": 1
      },
      "live_chunks": 0,
      "rows": 1,
      "span_rows": 1,
      "supervised": 0,
      "width": 396
    },
    {
      "bucket": 1,
      "chunks": 1,
      "index": 267,
      "kinds": {
        "span": 1
      },
      "live_chunks": 0,
      "rows": 1,
      "span_rows": 1,
      "supervised": 0,
      "width": 396
    },
    {
      "bucket": 1,
      "chunks": 1,
      "index": 269,
      "kinds": {
        "span": 1
      },
      "live_chunks": 0,
      "rows": 1,
      "span_rows": 1,
      "supervised": 0,
      "width": 396
    },
    {
      "bucket": 1,
      "chunks": 1,
      "index": 270,
      "kinds": {
        "span": 1
      },
      "live_chunks": 0,
      "rows": 1,
      "span_rows": 1,
      "supervised": 0,
      "width": 396
    },
    {
      "bucket": 1,
      "chunks": 1,
      "index": 273,
      "kinds": {
        "span": 1
      },
      "live_chunks": 0,
      "rows": 1,
      "span_rows": 1,
      "supervised": 0,
      "width": 396
    },
    {
      "bucket": 1,
      "chunks": 1,
      "index": 274,
      "kinds": {
        "span": 1
      },
      "live_chunks": 0,
      "rows": 1,
      "span_rows": 1,
      "supervised": 0,
      "width": 396
    },
    {
      "bucket": 0,
      "chunks": 1,
      "index": 278,
      "kinds": {
        "span": 1
      },
      "live_chunks": 0,
      "rows": 1,
      "span_rows": 1,
      "supervised": 0,
      "width": 394
    },
    {
      "bucket": 1,
      "chunks": 1,
      "index": 279,
      "kinds": {
        "span": 1
      },
      "live_chunks": 0,
      "rows": 1,
      "span_rows": 1,
      "supervised": 0,
      "width": 396
    },
    {
      "bucket": 1,
      "chunks": 1,
      "index": 282,
      "kinds": {
        "span": 1
      },
      "live_chunks": 0,
      "rows": 1,
      "span_rows": 1,
      "supervised": 0,
      "width": 396
    },
    {
      "bucket": 1,
      "chunks": 1,
      "index": 286,
      "kinds": {
        "span": 1
      },
      "live_chunks": 0,
      "rows": 1,
      "span_rows": 1,
      "supervised": 0,
      "width": 396
    },
    {
      "bucket": 0,
      "chunks": 1,
      "index": 291,
      "kinds": {
        "span": 1
      },
      "live_chunks": 0,
      "rows": 1,
      "span_rows": 1,
      "supervised": 0,
      "width": 394
    },
    {
      "bucket": 1,
      "chunks": 1,
      "index": 292,
      "kinds": {
        "span": 1
      },
      "live_chunks": 0,
      "rows": 1,
      "span_rows": 1,
      "supervised": 0,
      "width": 396
    },
    {
      "bucket": 0,
      "chunks": 1,
      "index": 294,
      "kinds": {
        "span": 1
      },
      "live_chunks": 0,
      "rows": 1,
      "span_rows": 1,
      "supervised": 0,
      "width": 394
    },
    {
      "bucket": 1,
      "chunks": 1,
      "index": 295,
      "kinds": {
        "span": 1
      },
      "live_chunks": 0,
      "rows": 1,
      "span_rows": 1,
      "supervised": 0,
      "width": 396
    },
    {
      "bucket": 1,
      "chunks": 1,
      "index": 296,
      "kinds": {
        "span": 1
      },
      "live_chunks": 0,
      "rows": 1,
      "span_rows": 1,
      "supervised": 0,
      "width": 396
    },
    {
      "bucket": 1,
      "chunks": 1,
      "index": 298,
      "kinds": {
        "span": 1
      },
      "live_chunks": 0,
      "rows": 1,
      "span_rows": 1,
      "supervised": 0,
      "width": 396
    },
    {
      "bucket": 1,
      "chunks": 1,
      "index": 301,
      "kinds": {
        "span": 1
      },
      "live_chunks": 0,
      "rows": 1,
      "span_rows": 1,
      "supervised": 0,
      "width": 396
    },
    {
      "bucket": 1,
      "chunks": 1,
      "index": 302,
      "kinds": {
        "span": 1
      },
      "live_chunks": 0,
      "rows": 1,
      "span_rows": 1,
      "supervised": 0,
      "width": 396
    },
    {
      "bucket": 1,
      "chunks": 1,
      "index": 305,
      "kinds": {
        "span": 1
      },
      "live_chunks": 0,
      "rows": 1,
      "span_rows": 1,
      "supervised": 0,
      "width": 396
    },
    {
      "bucket": 1,
      "chunks": 1,
      "index": 309,
      "kinds": {
        "span": 1
      },
      "live_chunks": 0,
      "rows": 1,
      "span_rows": 1,
      "supervised": 0,
      "width": 396
    },
    {
      "bucket": 0,
      "chunks": 1,
      "index": 310,
      "kinds": {
        "span": 1
      },
      "live_chunks": 0,
      "rows": 1,
      "span_rows": 1,
      "supervised": 0,
      "width": 394
    },
    {
      "bucket": 1,
      "chunks": 1,
      "index": 311,
      "kinds": {
        "span": 1
      },
      "live_chunks": 0,
      "rows": 1,
      "span_rows": 1,
      "supervised": 0,
      "width": 396
    },
    {
      "bucket": 1,
      "chunks": 1,
      "index": 313,
      "kinds": {
        "span": 1
      },
      "live_chunks": 0,
      "rows": 1,
      "span_rows": 1,
      "supervised": 0,
      "width": 396
    },
    {
      "bucket": 1,
      "chunks": 1,
      "index": 315,
      "kinds": {
        "span": 1
      },
      "live_chunks": 0,
      "rows": 1,
      "span_rows": 1,
      "supervised": 0,
      "width": 396
    },
    {
      "bucket": 0,
      "chunks": 1,
      "index": 317,
      "kinds": {
        "span": 1
      },
      "live_chunks": 0,
      "rows": 1,
      "span_rows": 1,
      "supervised": 0,
      "width": 394
    },
    {
      "bucket": 1,
      "chunks": 1,
      "index": 319,
      "kinds": {
        "span": 1
      },
      "live_chunks": 0,
      "rows": 1,
      "span_rows": 1,
      "supervised": 0,
      "width": 396
    },
    {
      "bucket": 1,
      "chunks": 1,
      "index": 321,
      "kinds": {
        "span": 1
      },
      "live_chunks": 0,
      "rows": 1,
      "span_rows": 1,
      "supervised": 0,
      "width": 396
    },
    {
      "bucket": 1,
      "chunks": 1,
      "index": 322,
      "kinds": {
        "span": 1
      },
      "live_chunks": 0,
      "rows": 1,
      "span_rows": 1,
      "supervised": 0,
      "width": 396
    },
    {
      "bucket": 1,
      "chunks": 1,
      "index": 324,
      "kinds": {
        "span": 1
      },
      "live_chunks": 0,
      "rows": 1,
      "span_rows": 1,
      "supervised": 0,
      "width": 396
    },
    {
      "bucket": 0,
      "chunks": 1,
      "index": 325,
      "kinds": {
        "span": 1
      },
      "live_chunks": 0,
      "rows": 1,
      "span_rows": 1,
      "supervised": 0,
      "width": 394
    },
    {
      "bucket": 1,
      "chunks": 1,
      "index": 327,
      "kinds": {
        "span": 1
      },
      "live_chunks": 0,
      "rows": 1,
      "span_rows": 1,
      "supervised": 0,
      "width": 396
    },
    {
      "bucket": 1,
      "chunks": 1,
      "index": 329,
      "kinds": {
        "span": 1
      },
      "live_chunks": 0,
      "rows": 1,
      "span_rows": 1,
      "supervised": 0,
      "width": 396
    },
    {
      "bucket": 1,
      "chunks": 1,
      "index": 330,
      "kinds": {
        "span": 1
      },
      "live_chunks": 0,
      "rows": 1,
      "span_rows": 1,
      "supervised": 0,
      "width": 396
    },
    {
      "bucket": 1,
      "chunks": 1,
      "index": 331,
      "kinds": {
        "span": 1
      },
      "live_chunks": 0,
      "rows": 1,
      "span_rows": 1,
      "supervised": 0,
      "width": 396
    },
    {
      "bucket": 1,
      "chunks": 1,
      "index": 333,
      "kinds": {
        "span": 1
      },
      "live_chunks": 0,
      "rows": 1,
      "span_rows": 1,
      "supervised": 0,
      "width": 396
    },
    {
      "bucket": 1,
      "chunks": 1,
      "index": 335,
      "kinds": {
        "span": 1
      },
      "live_chunks": 0,
      "rows": 1,
      "span_rows": 1,
      "supervised": 0,
      "width": 396
    },
    {
      "bucket": 0,
      "chunks": 1,
      "index": 336,
      "kinds": {
        "span": 1
      },
      "live_chunks": 0,
      "rows": 1,
      "span_rows": 1,
      "supervised": 0,
      "width": 394
    },
    {
      "bucket": 1,
      "chunks": 1,
      "index": 339,
      "kinds": {
        "span": 1
      },
      "live_chunks": 0,
      "rows": 1,
      "span_rows": 1,
      "supervised": 0,
      "width": 396
    },
    {
      "bucket": 1,
      "chunks": 1,
      "index": 342,
      "kinds": {
        "span": 1
      },
      "live_chunks": 0,
      "rows": 1,
      "span_rows": 1,
      "supervised": 0,
      "width": 396
    },
    {
      "bucket": 1,
      "chunks": 1,
      "index": 343,
      "kinds": {
        "span": 1
      },
      "live_chunks": 0,
      "rows": 1,
      "span_rows": 1,
      "supervised": 0,
      "width": 396
    }
  ],
  "failures": [],
  "inventory": {
    "buckets": [
      394,
      396,
      435,
      437
    ],
    "contradictions": {
      "contradicting_groups": 0,
      "contradicting_rows": 0,
      "examples": [],
      "per_kind": {},
      "rows_sharing_a_prefix": 0,
      "sequences": 344
    },
    "coverage": {
      "detail": "every row in the manifest was tokenized into the shard set",
      "n": 172,
      "n_total": 172,
      "passed": true,
      "state": "ran",
      "value": 172
    },
    "excluded_examples": [],
    "excluded_rows": 0,
    "letter_rows": 172,
    "letter_rows_whose_gold_is_noul": 0,
    "padding_waste": {
      "detail": "0 padding of 143148 positions (0.00%) over 344 sequences; gate is <= 15%. buckets=[394, 396, 435, 437]",
      "n": 344,
      "n_total": 344,
      "passed": true,
      "state": "ran",
      "value": 0.0
    },
    "per_kind": {
      "choice": {
        "families": {
          "code.defect_class": 172
        },
        "gold_is_noul": 0,
        "len_max": 437,
        "len_mean": 436.6,
        "len_min": 435,
        "n": 172,
        "n_total": 344,
        "row_widths": [
          5
        ],
        "tokens": 75100
      },
      "span": {
        "candidates_max": 7,
        "candidates_min": 7,
        "candidates_total": 1204,
        "families": {
          "code.defect_class": 172
        },
        "gold_is_noul": 172,
        "len_max": 396,
        "len_mean": 395.6,
        "len_min": 394,
        "n": 172,
        "n_total": 344,
        "pointer_abstaining": 43,
        "row_widths": [
          1
        ],
        "tokens": 68048
      }
    },
    "remap_check": {
      "detail": "/private/var/folders/wl/qc_0nnp91cd5kfy179krkjxr0000gn/T/pytest-of-bharath/pytest-468/rungd-corpus0/shards/train/remap.npz re-read and re-hashed; matches the header. tokenizer_hash=tokhash-shuffled\u2026",
      "n": 256,
      "n_total": 256,
      "passed": true,
      "state": "ran",
      "value": "7aa0d64186acd624d5791460205f63855352fa4c589266b986e35fdfd90ee7df"
    },
    "root": "/private/var/folders/wl/qc_0nnp91cd5kfy179krkjxr0000gn/T/pytest-of-bharath/pytest-468/rungd-corpus0/shards/train",
    "sequences": 344,
    "span_check": {
      "reason": "write_shards was called without decode=, so the 172 span sequence(s) here had their gold and candidate positions checked only against the offset mapping they were derived from. That circle is GAP-S4-GOLD-ON-CANDIDATE-CANNOT-CATCH-LINE-SHIFT: a mapping that is consistently wrong moves gold and candidates together and every other check stays green. Supplying decode= is what GAP-SPAN-HEAD-LINE-MAPPING-BPE-UNVERIFIED asks for.",
      "state": "not_run"
    },
    "tokens": 143148,
    "vocab_size": 256
  },
  "letter_ids": {
    "A": 65,
    "B": 66,
    "C": 67,
    "D": 68,
    "Z": 90
  },
  "probes": [
    {
      "bucket": 0,
      "device": "cpu",
      "ok": true,
      "rows": 1,
      "wall_s": 0.0,
      "why": "stubbed in-process",
      "width": 394
    },
    {
      "bucket": 1,
      "device": "cpu",
      "ok": true,
      "rows": 1,
      "wall_s": 0.0,
      "why": "stubbed in-process",
      "width": 396
    },
    {
      "bucket": 2,
      "device": "cpu",
      "ok": true,
      "rows": 1,
      "wall_s": 0.0,
      "why": "stubbed in-process",
      "width": 435
    },
    {
      "bucket": 3,
      "device": "cpu",
      "ok": true,
      "rows": 1,
      "wall_s": 0.0,
      "why": "stubbed in-process",
      "width": 437
    }
  ],
  "torch": "2.12.1"
}

val set: 16 sequences in 16 batches, remap 7aa0d64186acd624 (the train set's)
permutation second pass: not run -- no tokenizer.json: which token ids end an option line is a fact about the vocabulary, and without it the options cannot be moved
needle suite: not run -- --needle was not given
OOD suite: not run -- --ood was not given
shard set: /private/var/folders/wl/qc_0nnp91cd5kfy179krkjxr0000gn/T/pytest-of-bharath/pytest-468/rungd-corpus0/shards/train
  rows in -> out: 172 -> 172  (0 excluded)  tokens 143148  vocab 256
  choice  n= 172  len 435..437 (mean 436.6)  gold is noul: 0  rendered rows [5]
  span    n= 172  len 394..396 (mean 395.6)  gold is noul: 172  pointer-abstaining 43/172, candidates 1204
  letter rows whose gold is noul: 0 of 172
  prompt-identical rows: 0 of 344; of those, 0 rows in 0 groups carry DIFFERENT golds ({})
  letters -> post-remap ids: {'A': 65, 'B': 66, 'C': 67, 'D': 68, 'Z': 90}
  padding waste: 0 padding of 143148 positions (0.00%) over 344 sequences; gate is <= 15%. buckets=[394, 396, 435, 437]
  span_check: {"state": "not_run", "reason": "write_shards was called without decode=, so the 172 span sequence(s) here had their gold and candidate positions checked only against the offset map
  remap beside the shards: {"state": "ran", "passed": true, "value": "7aa0d64186acd624d5791460205f63855352fa4c589266b986e35fdfd90ee7df", "n": 256, "n_total": 256, "detail": "/private/var/folders/wl/qc_0nnp91
  epoch at batch_tokens=437: 344 batches, 172 carry a span row, 172 have no letter row; letter-channel chunks 172 live of 344
devices: ['cpu'] (from --devices; auto-detection skipped)

feasibility, one forward+backward per bucket width, in a subprocess:
  cpu bucket 0 (1 x 394): ok 0.0s
  cpu bucket 1 (1 x 396): ok 0.0s
  cpu bucket 2 (1 x 435): ok 0.0s
  cpu bucket 3 (1 x 437): ok 0.0s

arm 2 plan: every real batch at most 5383 wide -> 344 of 344 batches, 344 of 344 sequences, slot kinds ['choice', 'span'] of ['choice', 'span']

arm 2: NOT RUN -- --no-memorise
  progress epoch cpu seed=0: step 1/344 elapsed 0s 0.11s/step 3603 pos/s eta 38s loss 13.5507
  cpu seed=0 val_top1.choice: {"state": "ran", "passed": false, "value": 0.375, "n": 3, "n_total": 8, "detail": "3 of 8 val choice rows (37.5%) decoded to the gold the way answer.rs decodes a Letters query, on rows this model never trained on; answering 'C' on every row, the val set's most common gold scores 3 of 8 (37.5%), a ga
  cpu seed=0 val_top1.score: {"state": "not_run", "reason": "the val set holds no score row to score"}
  cpu seed=0 val_top1.span: {"state": "ran", "passed": true, "value": 0.75, "n": 6, "n_total": 8, "detail": "6 of 8 val span rows (75.0%) decoded to the gold the way answer.rs decodes a pointer query, on rows this model never trained on; abstaining on every row scores 2 of 8 (25.0%), a gap of +50.0%"}
  cpu seed=0 ece: {"state": "not_run", "reason": "ece: 2 of 2 inputs did not run -> ece.choice.k4: ECE needs at least 100 examples to be meaningful; got 8. A binned calibration error over a small sample measures the binning.; ece.lang.python: ECE needs at least 100 examples to be meaningful; got 8. A binned calibrati
  cpu seed=0 degenerate_head: {"state": "ran", "passed": false, "n": 1, "n_total": 1, "detail": "degenerate_head: failing inputs: degenerate_head.choice.k4"}
  cpu seed=0 permutation_consistency: {"state": "not_run", "reason": "no tokenizer.json: which token ids end an option line is a fact about the vocabulary, and without it the options cannot be moved"}
  cpu seed=0 needle_hunk_recall: {"state": "not_run", "reason": "--needle was not given"}
  cpu seed=0 ood_abstain: {"state": "not_run", "reason": "--ood was not given"}
  score row d369403c-b327-45ec-8b6f-e484b0dbc4da
arm1 cpu seed=0: 344 batches, 172 supervised tokens, 172 span rows, padding 0.000000, total 13.5507 -> 0.2054, 2.673s, termination steps_exhausted, ft row 1e83adb2-307f-484a-b771-072eda381e3e
{
  "arm1": [
    {
      "cost": "CostEstimate(usd_per_hour=0.0, cap=WallClockCap(cap_s=1800.0), n_gpus=0, instance='local-cpu', usd_per_gpu_hour=None)",
      "device": "cpu",
      "final": {
        "letter_floor_mean_per_batch": 0.0,
        "letter_floor_over_the_plan": 0.0,
        "letter_gap": 1.4138175096622734,
        "letter_loss": 1.4138175096622734,
        "letter_rows": 172,
        "per_batch": [
          {
            "batch": 0.0,
            "span": 0.17699483036994934,
            "span_floor_in_batch": 0.0
          },
          {
            "batch": 1.0,
            "letter": 1.3319225311279297,
            "letter_floor_in_batch": 0.0
          },
          {
            "batch": 2.0,
            "letter": 1.2797918319702148,
            "letter_floor_in_batch": 0.0
          },
          {
            "batch": 3.0,
            "letter": 1.4221851825714111,
            "letter_floor_in_batch": 0.0
          },
          {
            "batch": 4.0,
            "letter": 1.6187713146209717,
            "letter_floor_in_batch": 0.0
          },
          {
            "batch": 5.0,
            "letter": 1.6187880039215088,
            "letter_floor_in_batch": 0.0
          },
          {
            "batch": 6.0,
            "span": 0.17713472247123718,
            "span_floor_in_batch": 0.0
          },
          {
            "batch": 7.0,
            "letter": 1.6194381713867188,
            "letter_floor_in_batch": 0.0
          },
          {
            "batch": 8.0,
            "span": 0.17749494314193726,
            "span_floor_in_batch": 0.0
          },
          {
            "batch": 9.0,
            "span": 1.8428583145141602,
            "span_floor_in_batch": 0.0
          },
          {
            "batch": 10.0,
            "letter": 1.6188406944274902,
            "letter_floor_in_batch": 0.0
          },
          {
            "batch": 11.0,
            "span": 0.17747102677822113,
            "span_floor_in_batch": 0.0
          },
          {
            "batch": 12.0,
            "span": 1.7502731084823608,
            "span_floor_in_batch": 0.0
          },
          {
            "batch": 13.0,
            "span": 0.17673230171203613,
            "span_floor_in_batch": 0.0
          },
          {
            "batch": 14.0,
            "letter": 1.4225502014160156,
            "letter_floor_in_batch": 0.0
          },
          {
            "batch": 15.0,
            "span": 0.19668391346931458,
            "span_floor_in_batch": 0.0
          },
          {
            "batch": 16.0,
            "span": 0.17691752314567566,
            "span_floor_in_batch": 0.0
          },
          {
            "batch": 17.0,
            "letter": 1.4096908569335938,
            "letter_floor_in_batch": 0.0
          },
          {
            "batch": 18.0,
            "letter": 1.3403666019439697,
            "letter_floor_in_batch": 0.0
          },
          {
            "batch": 19.0,
            "letter": 1.422286033630371,
            "letter_floor_in_batch": 0.0
          },
          {
            "batch": 20.0,
            "span": 0.17711204290390015,
            "span_floor_in_batch": 0.0
          },
          {
            "batch": 21.0,
            "letter": 1.4225611686706543,
            "letter_floor_in_batch": 0.0
          },
          {
            "batch": 22.0,
            "span": 0.19657135009765625,
            "span_floor_in_batch": 0.0
          },
          {
            "batch": 23.0,
            "letter": 1.6187541484832764,
            "letter_floor_in_batch": 0.0
          },
          {
            "batch": 24.0,
            "span": 0.1776086986064911,
            "span_floor_in_batch": 0.0
          },
          {
            "batch": 25.0,
            "span": 1.750700831413269,
            "span_floor_in_batch": 0.0
          },
          {
            "batch": 26.0,
            "letter": 1.4101061820983887,
            "letter_floor_in_batch": 0.0
          },
          {
            "batch": 27.0,
            "span": 0.176918625831604,
            "span_floor_in_batch": 0.0
          },
          {
            "batch": 28.0,
            "span": 0.19681188464164734,
            "span_floor_in_batch": 0.0
          },
          {
            "batch": 29.0,
            "span": 0.1964680552482605,
            "span_floor_in_batch": 0.0
          },
          {
            "batch": 30.0,
            "letter": 1.4220836162567139,
            "letter_floor_in_batch": 0.0
          },
          {
            "batch": 31.0,
            "letter": 1.3404932022094727,
            "letter_floor_in_batch": 0.0
          },
          {
            "batch": 32.0,
            "span": 1.7500826120376587,
            "span_floor_in_batch": 0.0
          },
          {
            "batch": 33.0,
            "letter": 1.6187701225280762,
            "letter_floor_in_batch": 0.0
          },
          {
            "batch": 34.0,
            "span": 0.17751207947731018,
            "span_floor_in_batch": 0.0
          },
          {
            "batch": 35.0,
            "letter": 1.3320205211639404,
            "letter_floor_in_batch": 0.0
          },
          {
            "batch": 36.0,
            "letter": 1.4221863746643066,
            "letter_floor_in_batch": 0.0
          },
          {
            "batch": 37.0,
            "span": 1.842738151550293,
            "span_floor_in_batch": 0.0
          },
          {
            "batch": 38.0,
            "letter": 1.2798891067504883,
            "letter_floor_in_batch": 0.0
          },
          {
            "batch": 39.0,
            "letter": 1.6196584701538086,
            "letter_floor_in_batch": 0.0
          },
          {
            "batch": 40.0,
            "letter": 1.2796263694763184,
            "letter_floor_in_batch": 0.0
          },
          {
            "batch": 41.0,
            "span": 0.17720648646354675,
            "span_floor_in_batch": 0.0
          },
          {
            "batch": 42.0,
            "letter": 1.3405373096466064,
            "letter_floor_in_batch": 0.0
          },
          {
            "batch": 43.0,
            "letter": 1.340651512145996,
            "letter_floor_in_batch": 0.0
          },
          {
            "batch": 44.0,
            "letter": 1.3003356456756592,
            "letter_floor_in_batch": 0.0
          },
          {
            "batch": 45.0,
            "letter": 1.4222617149353027,
            "letter_floor_in_batch": 0.0
          },
          {
            "batch": 46.0,
            "letter": 1.42228364944458,
            "letter_floor_in_batch": 0.0
          },
          {
            "batch": 47.0,
            "letter": 1.4098176956176758,
            "letter_floor_in_batch": 0.0
          },
          {
            "batch": 48.0,
            "letter": 1.3404061794281006,
            "letter_floor_in_batch": 0.0
          },
          {
            "batch": 49.0,
            "letter": 1.2793734073638916,
            "letter_floor_in_batch": 0.0
          },
          {
            "batch": 50.0,
            "letter": 1.4222958087921143,
            "letter_floor_in_batch": 0.0
          },
          {
            "batch": 51.0,
            "letter": 1.6193957328796387,
            "letter_floor_in_batch": 0.0
          },
          {
            "batch": 52.0,
            "span": 1.7497150897979736,
            "span_floor_in_batch": 0.0
          },
          {
            "batch": 53.0,
            "span": 0.1770170032978058,
            "span_floor_in_batch": 0.0
          },
          {
            "batch": 54.0,
            "span": 0.1770314872264862,
            "span_floor_in_batch": 0.0
          },
          {
            "batch": 55.0,
            "span": 1.7495001554489136,
            "span_floor_in_batch": 0.0
          },
          {
            "batch": 56.0,
            "letter": 1.331984043121338,
            "letter_floor_in_batch": 0.0
          },
          {
            "batch": 57.0,
            "span": 0.19668933749198914,
            "span_floor_in_batch": 0.0
          },
          {
            "batch": 58.0,
            "letter": 1.2799108028411865,
            "letter_floor_in_batch": 0.0
          },
          {
            "batch": 59.0,
            "letter": 1.421807050704956,
            "letter_floor_in_batch": 0.0
          },
          {
            "batch": 60.0,
            "letter": 1.6186668872833252,
            "letter_floor_in_batch": 0.0
          },
          {
            "batch": 61.0,
            "span": 1.8432815074920654,
            "span_floor_in_batch": 0.0
          },
          {
            "batch": 62.0,
            "letter": 1.2793641090393066,
            "letter_floor_in_batch": 0.0
          },
          {
            "batch": 63.0,
            "letter": 1.340461254119873,
            "letter_floor_in_batch": 0.0
          },
          {
            "batch": 64.0,
            "span": 0.17690148949623108,
            "span_floor_in_batch": 0.0
          },
          {
            "batch": 65.0,
            "letter": 1.6185591220855713,
            "letter_floor_in_batch": 0.0
          },
          {
            "batch": 66.0,
            "span": 0.17729949951171875,
            "span_floor_in_batch": 0.0
          },
          {
            "batch": 67.0,
            "span": 0.17709031701087952,
            "span_floor_in_batch": 0.0
          },
          {
            "batch": 68.0,
            "letter": 1.4218482971191406,
            "letter_floor_in_batch": 0.0
          },
          {
            "batch": 69.0,
            "letter": 1.3404569625854492,
            "letter_floor_in_batch": 0.0
          },
          {
            "batch": 70.0,
            "span": 0.1771864891052246,
            "span_floor_in_batch": 0.0
          },
          {
            "batch": 71.0,
            "span": 0.1962459832429886,
            "span_floor_in_batch": 0.0
          },
          {
            "batch": 72.0,
            "span": 0.17732089757919312,
            "span_floor_in_batch": 0.0
          },
          {
            "batch": 73.0,
            "letter": 1.2797105312347412,
            "letter_floor_in_batch": 0.0
          },
          {
            "batch": 74.0,
            "span": 0.17743444442749023,
            "span_floor_in_batch": 0.0
          },
          {
            "batch": 75.0,
            "span": 0.17690324783325195,
            "span_floor_in_batch": 0.0
          },
          {
            "batch": 76.0,
            "span": 0.1768978238105774,
            "span_floor_in_batch": 0.0
          },
          {
            "batch": 77.0,
            "span": 0.17748546600341797,
            "span_floor_in_batch": 0.0
          },
          {
            "batch": 78.0,
            "span": 0.17738690972328186,
            "span_floor_in_batch": 0.0
          },
          {
            "batch": 79.0,
            "span": 1.843881368637085,
            "span_floor_in_batch": 0.0
          },
          {
            "batch": 80.0,
            "letter": 1.2800216674804688,
            "letter_floor_in_batch": 0.0
          },
          {
            "batch": 81.0,
            "letter": 1.279616355895996,
            "letter_floor_in_batch": 0.0
          },
          {
            "batch": 82.0,
            "letter": 1.279259443283081,
            "letter_floor_in_batch": 0.0
          },
          {
            "batch": 83.0,
            "letter": 1.618574857711792,
            "letter_floor_in_batch": 0.0
          },
          {
            "batch": 84.0,
            "span": 0.17722240090370178,
            "span_floor_in_batch": 0.0
          },
          {
            "batch": 85.0,
            "letter": 1.3404767513275146,
            "letter_floor_in_batch": 0.0
          },
          {
            "batch": 86.0,
            "span": 1.8437602519989014,
            "span_floor_in_batch": 0.0
          },
          {
            "batch": 87.0,
            "letter": 1.6184320449829102,
            "letter_floor_in_batch": 0.0
          },
          {
            "batch": 88.0,
            "span": 0.1769210547208786,
            "span_floor_in_batch": 0.0
          },
          {
            "batch": 89.0,
            "span": 1.8436903953552246,
            "span_floor_in_batch": 0.0
          },
          {
            "batch": 90.0,
            "letter": 1.3405771255493164,
            "letter_floor_in_batch": 0.0
          },
          {
            "batch": 91.0,
            "letter": 1.3318495750427246,
            "letter_floor_in_batch": 0.0
          },
          {
            "batch": 92.0,
            "letter": 1.279567003250122,
            "letter_floor_in_batch": 0.0
          },
          {
            "batch": 93.0,
            "span": 1.844801425933838,
            "span_floor_in_batch": 0.0
          },
          {
            "batch": 94.0,
            "span": 0.177495539188385,
            "span_floor_in_batch": 0.0
          },
          {
            "batch": 95.0,
            "letter": 1.6187446117401123,
            "letter_floor_in_batch": 0.0
          },
          {
            "batch": 96.0,
            "span": 0.17779004573822021,
            "span_floor_in_batch": 0.0
          },
          {
            "batch": 97.0,
            "span": 0.17699944972991943,
            "span_floor_in_batch": 0.0
          },
          {
            "batch": 98.0,
            "span": 0.1767101287841797,
            "span_floor_in_batch": 0.0
          },
          {
            "batch": 99.0,
            "letter": 1.6189703941345215,
            "letter_floor_in_batch": 0.0
          },
          {
            "batch": 100.0,
            "letter": 1.6188726425170898,
            "letter_floor_in_batch": 0.0
          },
          {
            "batch": 101.0,
            "span": 0.17710036039352417,
            "span_floor_in_batch": 0.0
          },
          {
            "batch": 102.0,
            "span": 1.8420974016189575,
            "span_floor_in_batch": 0.0
          },
          {
            "batch": 103.0,
            "span": 0.1773177981376648,
            "span_floor_in_batch": 0.0
          },
          {
            "batch": 104.0,
            "letter": 1.4218130111694336,
            "letter_floor_in_batch": 0.0
          },
          {
            "batch": 105.0,
            "letter": 1.2797846794128418,
            "letter_floor_in_batch": 0.0
          },
          {
            "batch": 106.0,
            "letter": 1.3404779434204102,
            "letter_floor_in_batch": 0.0
          },
          {
            "batch": 107.0,
            "letter": 1.3404548168182373,
            "letter_floor_in_batch": 0.0
          },
          {
            "batch": 108.0,
            "span": 0.17750312387943268,
            "span_floor_in_batch": 0.0
          },
          {
            "batch": 109.0,
            "span": 0.17718368768692017,
            "span_floor_in_batch": 0.0
          },
          {
            "batch": 110.0,
            "span": 0.19636094570159912,
            "span_floor_in_batch": 0.0
          },
          {
            "batch": 111.0,
            "span": 0.17730003595352173,
            "span_floor_in_batch": 0.0
          },
          {
            "batch": 112.0,
            "letter": 1.6187350749969482,
            "letter_floor_in_batch": 0.0
          },
          {
            "batch": 113.0,
            "letter": 1.2797036170959473,
            "letter_floor_in_batch": 0.0
          },
          {
            "batch": 114.0,
            "letter": 1.3404979705810547,
            "letter_floor_in_batch": 0.0
          },
          {
            "batch": 115.0,
            "span": 0.17751222848892212,
            "span_floor_in_batch": 0.0
          },
          {
            "batch": 116.0,
            "letter": 1.6189019680023193,
            "letter_floor_in_batch": 0.0
          },
          {
            "batch": 117.0,
            "span": 0.1769959032535553,
            "span_floor_in_batch": 0.0
          },
          {
            "batch": 118.0,
            "span": 1.8446823358535767,
            "span_floor_in_batch": 0.0
          },
          {
            "batch": 119.0,
            "letter": 1.2800006866455078,
            "letter_floor_in_batch": 0.0
          },
          {
            "batch": 120.0,
            "span": 0.17720797657966614,
            "span_floor_in_batch": 0.0
          },
          {
            "batch": 121.0,
            "span": 1.8429135084152222,
            "span_floor_in_batch": 0.0
          },
          {
            "batch": 122.0,
            "span": 0.17758691310882568,
            "span_floor_in_batch": 0.0
          },
          {
            "batch": 123.0,
            "letter": 1.3406999111175537,
            "letter_floor_in_batch": 0.0
          },
          {
            "batch": 124.0,
            "letter": 1.3406097888946533,
            "letter_floor_in_batch": 0.0
          },
          {
            "batch": 125.0,
            "span": 0.17671458423137665,
            "span_floor_in_batch": 0.0
          },
          {
            "batch": 126.0,
            "letter": 1.3405303955078125,
            "letter_floor_in_batch": 0.0
          },
          {
            "batch": 127.0,
            "letter": 1.6184301376342773,
            "letter_floor_in_batch": 0.0
          },
          {
            "batch": 128.0,
            "letter": 1.2799699306488037,
            "letter_floor_in_batch": 0.0
          },
          {
            "batch": 129.0,
            "letter": 1.331921100616455,
            "letter_floor_in_batch": 0.0
          },
          {
            "batch": 130.0,
            "letter": 1.340540885925293,
            "letter_floor_in_batch": 0.0
          },
          {
            "batch": 131.0,
            "letter": 1.279843807220459,
            "letter_floor_in_batch": 0.0
          },
          {
            "batch": 132.0,
            "span": 0.17767345905303955,
            "span_floor_in_batch": 0.0
          },
          {
            "batch": 133.0,
            "letter": 1.4094293117523193,
            "letter_floor_in_batch": 0.0
          },
          {
            "batch": 134.0,
            "span": 1.8422632217407227,
            "span_floor_in_batch": 0.0
          },
          {
            "batch": 135.0,
            "span": 1.8431785106658936,
            "span_floor_in_batch": 0.0
          },
          {
            "batch": 136.0,
            "letter": 1.3403759002685547,
            "letter_floor_in_batch": 0.0
          },
          {
            "batch": 137.0,
            "span": 0.19625936448574066,
            "span_floor_in_batch": 0.0
          },
          {
            "batch": 138.0,
            "letter": 1.6187279224395752,
            "letter_floor_in_batch": 0.0
          },
          {
            "batch": 139.0,
            "span": 1.8448318243026733,
            "span_floor_in_batch": 0.0
          },
          {
            "batch": 140.0,
            "span": 0.17703086137771606,
            "span_floor_in_batch": 0.0
          },
          {
            "batch": 141.0,
            "span": 0.17718738317489624,
            "span_floor_in_batch": 0.0
          },
          {
            "batch": 142.0,
            "letter": 1.618793249130249,
            "letter_floor_in_batch": 0.0
          },
          {
            "batch": 143.0,
            "letter": 1.3404669761657715,
            "letter_floor_in_batch": 0.0
          },
          {
            "batch": 144.0,
            "span": 0.17730627954006195,
            "span_floor_in_batch": 0.0
          },
          {
            "batch": 145.0,
            "letter": 1.6188499927520752,
            "letter_floor_in_batch": 0.0
          },
          {
            "batch": 146.0,
            "letter": 1.409466028213501,
            "letter_floor_in_batch": 0.0
          },
          {
            "batch": 147.0,
            "span": 0.17720317840576172,
            "span_floor_in_batch": 0.0
          },
          {
            "batch": 148.0,
            "span": 1.843162178993225,
            "span_floor_in_batch": 0.0
          },
          {
            "batch": 149.0,
            "span": 1.7501428127288818,
            "span_floor_in_batch": 0.0
          },
          {
            "batch": 150.0,
            "letter": 1.619729995727539,
            "letter_floor_in_batch": 0.0
          },
          {
            "batch": 151.0,
            "span": 0.19658607244491577,
            "span_floor_in_batch": 0.0
          },
          {
            "batch": 152.0,
            "span": 1.8421564102172852,
            "span_floor_in_batch": 0.0
          },
          {
            "batch": 153.0,
            "letter": 1.6187446117401123,
            "letter_floor_in_batch": 0.0
          },
          {
            "batch": 154.0,
            "span": 0.17738205194473267,
            "span_floor_in_batch": 0.0
          },
          {
            "batch": 155.0,
            "letter": 1.4217677116394043,
            "letter_floor_in_batch": 0.0
          },
          {
            "batch": 156.0,
            "letter": 1.4098689556121826,
            "letter_floor_in_batch": 0.0
          },
          {
            "batch": 157.0,
            "span": 1.843799114227295,
            "span_floor_in_batch": 0.0
          },
          {
            "batch": 158.0,
            "span": 0.1772073358297348,
            "span_floor_in_batch": 0.0
          },
          {
            "batch": 159.0,
            "letter": 1.4220833778381348,
            "letter_floor_in_batch": 0.0
          },
          {
            "batch": 160.0,
            "span": 0.17738580703735352,
            "span_floor_in_batch": 0.0
          },
          {
            "batch": 161.0,
            "span": 1.7512102127075195,
            "span_floor_in_batch": 0.0
          },
          {
            "batch": 162.0,
            "letter": 1.4216928482055664,
            "letter_floor_in_batch": 0.0
          },
          {
            "batch": 163.0,
            "letter": 1.3003861904144287,
            "letter_floor_in_batch": 0.0
          },
          {
            "batch": 164.0,
            "span": 0.1773681640625,
            "span_floor_in_batch": 0.0
          },
          {
            "batch": 165.0,
            "span": 0.1774989664554596,
            "span_floor_in_batch": 0.0
          },
          {
            "batch": 166.0,
            "span": 0.17747434973716736,
            "span_floor_in_batch": 0.0
          },
          {
            "batch": 167.0,
            "letter": 1.3406803607940674,
            "letter_floor_in_batch": 0.0
          },
          {
            "batch": 168.0,
            "letter": 1.340428113937378,
            "letter_floor_in_batch": 0.0
          },
          {
            "batch": 169.0,
            "span": 0.17709502577781677,
            "span_floor_in_batch": 0.0
          },
          {
            "batch": 170.0,
            "letter": 1.4223213195800781,
            "letter_floor_in_batch": 0.0
          },
          {
            "batch": 171.0,
            "span": 0.17707142233848572,
            "span_floor_in_batch": 0.0
          },
          {
            "batch": 172.0,
            "letter": 1.4226489067077637,
            "letter_floor_in_batch": 0.0
          },
          {
            "batch": 173.0,
            "letter": 1.3405218124389648,
            "letter_floor_in_batch": 0.0
          },
          {
            "batch": 174.0,
            "letter": 1.4218449592590332,
            "letter_floor_in_batch": 0.0
          },
          {
            "batch": 175.0,
            "span": 1.8437484502792358,
            "span_floor_in_batch": 0.0
          },
          {
            "batch": 176.0,
            "letter": 1.618535041809082,
            "letter_floor_in_batch": 0.0
          },
          {
            "batch": 177.0,
            "span": 0.17711687088012695,
            "span_floor_in_batch": 0.0
          },
          {
            "batch": 178.0,
            "letter": 1.4218323230743408,
            "letter_floor_in_batch": 0.0
          },
          {
            "batch": 179.0,
            "letter": 1.2794857025146484,
            "letter_floor_in_batch": 0.0
          },
          {
            "batch": 180.0,
            "span": 1.8432697057724,
            "span_floor_in_batch": 0.0
          },
          {
            "batch": 181.0,
            "span": 0.17750892043113708,
            "span_floor_in_batch": 0.0
          },
          {
            "batch": 182.0,
            "letter": 1.4224209785461426,
            "letter_floor_in_batch": 0.0
          },
          {
            "batch": 183.0,
            "span": 0.17732177674770355,
            "span_floor_in_batch": 0.0
          },
          {
            "batch": 184.0,
            "letter": 1.4217052459716797,
            "letter_floor_in_batch": 0.0
          },
          {
            "batch": 185.0,
            "span": 1.844205379486084,
            "span_floor_in_batch": 0.0
          },
          {
            "batch": 186.0,
            "letter": 1.3405344486236572,
            "letter_floor_in_batch": 0.0
          },
          {
            "batch": 187.0,
            "letter": 1.4220690727233887,
            "letter_floor_in_batch": 0.0
          },
          {
            "batch": 188.0,
            "span": 1.8443264961242676,
            "span_floor_in_batch": 0.0
          },
          {
            "batch": 189.0,
            "span": 0.1772816777229309,
            "span_floor_in_batch": 0.0
          },
          {
            "batch": 190.0,
            "span": 1.8422781229019165,
            "span_floor_in_batch": 0.0
          },
          {
            "batch": 191.0,
            "span": 0.19627566635608673,
            "span_floor_in_batch": 0.0
          },
          {
            "batch": 192.0,
            "span": 0.19669833779335022,
            "span_floor_in_batch": 0.0
          },
          {
            "batch": 193.0,
            "span": 0.17732428014278412,
            "span_floor_in_batch": 0.0
          },
          {
            "batch": 194.0,
            "span": 0.17720720171928406,
            "span_floor_in_batch": 0.0
          },
          {
            "batch": 195.0,
            "letter": 1.6192901134490967,
            "letter_floor_in_batch": 0.0
          },
          {
            "batch": 196.0,
            "span": 1.8447130918502808,
            "span_floor_in_batch": 0.0
          },
          {
            "batch": 197.0,
            "span": 1.8417474031448364,
            "span_floor_in_batch": 0.0
          },
          {
            "batch": 198.0,
            "letter": 1.4224965572357178,
            "letter_floor_in_batch": 0.0
          },
          {
            "batch": 199.0,
            "span": 0.1771482229232788,
            "span_floor_in_batch": 0.0
          },
          {
            "batch": 200.0,
            "span": 0.17703458666801453,
            "span_floor_in_batch": 0.0
          },
          {
            "batch": 201.0,
            "letter": 1.6188442707061768,
            "letter_floor_in_batch": 0.0
          },
          {
            "batch": 202.0,
            "span": 0.19647946953773499,
            "span_floor_in_batch": 0.0
          },
          {
            "batch": 203.0,
            "span": 0.17772474884986877,
            "span_floor_in_batch": 0.0
          },
          {
            "batch": 204.0,
            "span": 0.19659575819969177,
            "span_floor_in_batch": 0.0
          },
          {
            "batch": 205.0,
            "letter": 1.2798893451690674,
            "letter_floor_in_batch": 0.0
          },
          {
            "batch": 206.0,
            "letter": 1.4218628406524658,
            "letter_floor_in_batch": 0.0
          },
          {
            "batch": 207.0,
            "span": 0.17674566805362701,
            "span_floor_in_batch": 0.0
          },
          {
            "batch": 208.0,
            "letter": 1.4100298881530762,
            "letter_floor_in_batch": 0.0
          },
          {
            "batch": 209.0,
            "span": 1.8430495262145996,
            "span_floor_in_batch": 0.0
          },
          {
            "batch": 210.0,
            "span": 0.17730477452278137,
            "span_floor_in_batch": 0.0
          },
          {
            "batch": 211.0,
            "letter": 1.2797844409942627,
            "letter_floor_in_batch": 0.0
          },
          {
            "batch": 212.0,
            "span": 0.17735810577869415,
            "span_floor_in_batch": 0.0
          },
          {
            "batch": 213.0,
            "letter": 1.4221837520599365,
            "letter_floor_in_batch": 0.0
          },
          {
            "batch": 214.0,
            "letter": 1.4222824573516846,
            "letter_floor_in_batch": 0.0
          },
          {
            "batch": 215.0,
            "span": 0.17718440294265747,
            "span_floor_in_batch": 0.0
          },
          {
            "batch": 216.0,
            "letter": 1.6189744472503662,
            "letter_floor_in_batch": 0.0
          },
          {
            "batch": 217.0,
            "span": 1.8423327207565308,
            "span_floor_in_batch": 0.0
          },
          {
            "batch": 218.0,
            "letter": 1.3406178951263428,
            "letter_floor_in_batch": 0.0
          },
          {
            "batch": 219.0,
            "span": 0.19625049829483032,
            "span_floor_in_batch": 0.0
          },
          {
            "batch": 220.0,
            "span": 0.17761003971099854,
            "span_floor_in_batch": 0.0
          },
          {
            "batch": 221.0,
            "letter": 1.2795279026031494,
            "letter_floor_in_batch": 0.0
          },
          {
            "batch": 222.0,
            "span": 1.843812108039856,
            "span_floor_in_batch": 0.0
          },
          {
            "batch": 223.0,
            "letter": 1.4219470024108887,
            "letter_floor_in_batch": 0.0
          },
          {
            "batch": 224.0,
            "span": 0.19614744186401367,
            "span_floor_in_batch": 0.0
          },
          {
            "batch": 225.0,
            "span": 0.17716535925865173,
            "span_floor_in_batch": 0.0
          },
          {
            "batch": 226.0,
            "letter": 1.4222078323364258,
            "letter_floor_in_batch": 0.0
          },
          {
            "batch": 227.0,
            "span": 0.1774197220802307,
            "span_floor_in_batch": 0.0
          },
          {
            "batch": 228.0,
            "letter": 1.3405983448028564,
            "letter_floor_in_batch": 0.0
          },
          {
            "batch": 229.0,
            "span": 0.1768796592950821,
            "span_floor_in_batch": 0.0
          },
          {
            "batch": 230.0,
            "span": 1.8433735370635986,
            "span_floor_in_batch": 0.0
          },
          {
            "batch": 231.0,
            "span": 0.1773201823234558,
            "span_floor_in_batch": 0.0
          },
          {
            "batch": 232.0,
            "letter": 1.6187951564788818,
            "letter_floor_in_batch": 0.0
          },
          {
            "batch": 233.0,
            "span": 1.8415188789367676,
            "span_floor_in_batch": 0.0
          },
          {
            "batch": 234.0,
            "letter": 1.422337293624878,
            "letter_floor_in_batch": 0.0
          },
          {
            "batch": 235.0,
            "letter": 1.2797939777374268,
            "letter_floor_in_batch": 0.0
          },
          {
            "batch": 236.0,
            "span": 1.8429296016693115,
            "span_floor_in_batch": 0.0
          },
          {
            "batch": 237.0,
            "letter": 1.4220852851867676,
            "letter_floor_in_batch": 0.0
          },
          {
            "batch": 238.0,
            "letter": 1.6185266971588135,
            "letter_floor_in_batch": 0.0
          },
          {
            "batch": 239.0,
            "span": 0.17690065503120422,
            "span_floor_in_batch": 0.0
          },
          {
            "batch": 240.0,
            "letter": 1.6198828220367432,
            "letter_floor_in_batch": 0.0
          },
          {
            "batch": 241.0,
            "letter": 1.279468297958374,
            "letter_floor_in_batch": 0.0
          },
          {
            "batch": 242.0,
            "span": 1.8436923027038574,
            "span_floor_in_batch": 0.0
          },
          {
            "batch": 243.0,
            "letter": 1.6186463832855225,
            "letter_floor_in_batch": 0.0
          },
          {
            "batch": 244.0,
            "span": 0.17739559710025787,
            "span_floor_in_batch": 0.0
          },
          {
            "batch": 245.0,
            "span": 1.7501566410064697,
            "span_floor_in_batch": 0.0
          },
          {
            "batch": 246.0,
            "span": 0.17739561200141907,
            "span_floor_in_batch": 0.0
          },
          {
            "batch": 247.0,
            "letter": 1.4221320152282715,
            "letter_floor_in_batch": 0.0
          },
          {
            "batch": 248.0,
            "letter": 1.6187100410461426,
            "letter_floor_in_batch": 0.0
          },
          {
            "batch": 249.0,
            "span": 0.17682266235351562,
            "span_floor_in_batch": 0.0
          },
          {
            "batch": 250.0,
            "letter": 1.3320481777191162,
            "letter_floor_in_batch": 0.0
          },
          {
            "batch": 251.0,
            "letter": 1.279524803161621,
            "letter_floor_in_batch": 0.0
          },
          {
            "batch": 252.0,
            "span": 0.17710906267166138,
            "span_floor_in_batch": 0.0
          },
          {
            "batch": 253.0,
            "letter": 1.6186552047729492,
            "letter_floor_in_batch": 0.0
          },
          {
            "batch": 254.0,
            "span": 0.19687731564044952,
            "span_floor_in_batch": 0.0
          },
          {
            "batch": 255.0,
            "letter": 1.3001911640167236,
            "letter_floor_in_batch": 0.0
          },
          {
            "batch": 256.0,
            "letter": 1.3318467140197754,
            "letter_floor_in_batch": 0.0
          },
          {
            "batch": 257.0,
            "span": 0.19675901532173157,
            "span_floor_in_batch": 0.0
          },
          {
            "batch": 258.0,
            "letter": 1.3405306339263916,
            "letter_floor_in_batch": 0.0
          },
          {
            "batch": 259.0,
            "span": 0.17728248238563538,
            "span_floor_in_batch": 0.0
          },
          {
            "batch": 260.0,
            "letter": 1.3403949737548828,
            "letter_floor_in_batch": 0.0
          },
          {
            "batch": 261.0,
            "letter": 1.279637098312378,
            "letter_floor_in_batch": 0.0
          },
          {
            "batch": 262.0,
            "letter": 1.6189868450164795,
            "letter_floor_in_batch": 0.0
          },
          {
            "batch": 263.0,
            "span": 0.17761221528053284,
            "span_floor_in_batch": 0.0
          },
          {
            "batch": 264.0,
            "span": 0.17672765254974365,
            "span_floor_in_batch": 0.0
          },
          {
            "batch": 265.0,
            "letter": 1.3003404140472412,
            "letter_floor_in_batch": 0.0
          },
          {
            "batch": 266.0,
            "letter": 1.4220316410064697,
            "letter_floor_in_batch": 0.0
          },
          {
            "batch": 267.0,
            "span": 0.177109032869339,
            "span_floor_in_batch": 0.0
          },
          {
            "batch": 268.0,
            "letter": 1.2796313762664795,
            "letter_floor_in_batch": 0.0
          },
          {
            "batch": 269.0,
            "span": 0.17680475115776062,
            "span_floor_in_batch": 0.0
          },
          {
            "batch": 270.0,
            "span": 0.1773037314414978,
            "span_floor_in_batch": 0.0
          },
          {
            "batch": 271.0,
            "letter": 1.3405406475067139,
            "letter_floor_in_batch": 0.0
          },
          {
            "batch": 272.0,
            "letter": 1.2799081802368164,
            "letter_floor_in_batch": 0.0
          },
          {
            "batch": 273.0,
            "span": 0.177304208278656,
            "span_floor_in_batch": 0.0
          },
          {
            "batch": 274.0,
            "span": 0.1772046685218811,
            "span_floor_in_batch": 0.0
          },
          {
            "batch": 275.0,
            "letter": 1.340538501739502,
            "letter_floor_in_batch": 0.0
          },
          {
            "batch": 276.0,
            "letter": 1.4225738048553467,
            "letter_floor_in_batch": 0.0
          },
          {
            "batch": 277.0,
            "letter": 1.409771203994751,
            "letter_floor_in_batch": 0.0
          },
          {
            "batch": 278.0,
            "span": 0.19671401381492615,
            "span_floor_in_batch": 0.0
          },
          {
            "batch": 279.0,
            "span": 0.17741617560386658,
            "span_floor_in_batch": 0.0
          },
          {
            "batch": 280.0,
            "letter": 1.421882152557373,
            "letter_floor_in_batch": 0.0
          },
          {
            "batch": 281.0,
            "letter": 1.3317625522613525,
            "letter_floor_in_batch": 0.0
          },
          {
            "batch": 282.0,
            "span": 0.17762528359889984,
            "span_floor_in_batch": 0.0
          },
          {
            "batch": 283.0,
            "letter": 1.6187078952789307,
            "letter_floor_in_batch": 0.0
          },
          {
            "batch": 284.0,
            "letter": 1.2801027297973633,
            "letter_floor_in_batch": 0.0
          },
          {
            "batch": 285.0,
            "letter": 1.3318707942962646,
            "letter_floor_in_batch": 0.0
          },
          {
            "batch": 286.0,
            "span": 0.17730288207530975,
            "span_floor_in_batch": 0.0
          },
          {
            "batch": 287.0,
            "letter": 1.422182559967041,
            "letter_floor_in_batch": 0.0
          },
          {
            "batch": 288.0,
            "letter": 1.3002347946166992,
            "letter_floor_in_batch": 0.0
          },
          {
            "batch": 289.0,
            "letter": 1.6187243461608887,
            "letter_floor_in_batch": 0.0
          },
          {
            "batch": 290.0,
            "letter": 1.2796437740325928,
            "letter_floor_in_batch": 0.0
          },
          {
            "batch": 291.0,
            "span": 0.1960415244102478,
            "span_floor_in_batch": 0.0
          },
          {
            "batch": 292.0,
            "span": 0.17710837721824646,
            "span_floor_in_batch": 0.0
          },
          {
            "batch": 293.0,
            "letter": 1.2798261642456055,
            "letter_floor_in_batch": 0.0
          },
          {
            "batch": 294.0,
            "span": 0.19669413566589355,
            "span_floor_in_batch": 0.0
          },
          {
            "batch": 295.0,
            "span": 0.17739930748939514,
            "span_floor_in_batch": 0.0
          },
          {
            "batch": 296.0,
            "span": 1.8432989120483398,
            "span_floor_in_batch": 0.0
          },
          {
            "batch": 297.0,
            "letter": 1.6195940971374512,
            "letter_floor_in_batch": 0.0
          },
          {
            "batch": 298.0,
            "span": 1.8427927494049072,
            "span_floor_in_batch": 0.0
          },
          {
            "batch": 299.0,
            "letter": 1.340632677078247,
            "letter_floor_in_batch": 0.0
          },
          {
            "batch": 300.0,
            "letter": 1.3005259037017822,
            "letter_floor_in_batch": 0.0
          },
          {
            "batch": 301.0,
            "span": 0.17713016271591187,
            "span_floor_in_batch": 0.0
          },
          {
            "batch": 302.0,
            "span": 0.1776776909828186,
            "span_floor_in_batch": 0.0
          },
          {
            "batch": 303.0,
            "letter": 1.4223661422729492,
            "letter_floor_in_batch": 0.0
          },
          {
            "batch": 304.0,
            "letter": 1.409914255142212,
            "letter_floor_in_batch": 0.0
          },
          {
            "batch": 305.0,
            "span": 0.1776115596294403,
            "span_floor_in_batch": 0.0
          },
          {
            "batch": 306.0,
            "letter": 1.3405499458312988,
            "letter_floor_in_batch": 0.0
          },
          {
            "batch": 307.0,
            "letter": 1.2796359062194824,
            "letter_floor_in_batch": 0.0
          },
          {
            "batch": 308.0,
            "letter": 1.4220499992370605,
            "letter_floor_in_batch": 0.0
          },
          {
            "batch": 309.0,
            "span": 1.8445911407470703,
            "span_floor_in_batch": 0.0
          },
          {
            "batch": 310.0,
            "span": 0.19643890857696533,
            "span_floor_in_batch": 0.0
          },
          {
            "batch": 311.0,
            "span": 1.84232759475708,
            "span_floor_in_batch": 0.0
          },
          {
            "batch": 312.0,
            "letter": 1.3404767513275146,
            "letter_floor_in_batch": 0.0
          },
          {
            "batch": 313.0,
            "span": 0.17727425694465637,
            "span_floor_in_batch": 0.0
          },
          {
            "batch": 314.0,
            "letter": 1.2795681953430176,
            "letter_floor_in_batch": 0.0
          },
          {
            "batch": 315.0,
            "span": 0.1770169734954834,
            "span_floor_in_batch": 0.0
          },
          {
            "batch": 316.0,
            "letter": 1.3403594493865967,
            "letter_floor_in_batch": 0.0
          },
          {
            "batch": 317.0,
            "span": 0.19637319445610046,
            "span_floor_in_batch": 0.0
          },
          {
            "batch": 318.0,
            "letter": 1.2800986766815186,
            "letter_floor_in_batch": 0.0
          },
          {
            "batch": 319.0,
            "span": 0.17720884084701538,
            "span_floor_in_batch": 0.0
          },
          {
            "batch": 320.0,
            "letter": 1.3318960666656494,
            "letter_floor_in_batch": 0.0
          },
          {
            "batch": 321.0,
            "span": 0.17701362073421478,
            "span_floor_in_batch": 0.0
          },
          {
            "batch": 322.0,
            "span": 0.17732200026512146,
            "span_floor_in_batch": 0.0
          },
          {
            "batch": 323.0,
            "letter": 1.4222691059112549,
            "letter_floor_in_batch": 0.0
          },
          {
            "batch": 324.0,
            "span": 0.1772255003452301,
            "span_floor_in_batch": 0.0
          },
          {
            "batch": 325.0,
            "span": 0.19656649231910706,
            "span_floor_in_batch": 0.0
          },
          {
            "batch": 326.0,
            "letter": 1.6187903881072998,
            "letter_floor_in_batch": 0.0
          },
          {
            "batch": 327.0,
            "span": 0.17701828479766846,
            "span_floor_in_batch": 0.0
          },
          {
            "batch": 328.0,
            "letter": 1.3405826091766357,
            "letter_floor_in_batch": 0.0
          },
          {
            "batch": 329.0,
            "span": 1.8438676595687866,
            "span_floor_in_batch": 0.0
          },
          {
            "batch": 330.0,
            "span": 0.17701280117034912,
            "span_floor_in_batch": 0.0
          },
          {
            "batch": 331.0,
            "span": 0.1774209886789322,
            "span_floor_in_batch": 0.0
          },
          {
            "batch": 332.0,
            "letter": 1.6187355518341064,
            "letter_floor_in_batch": 0.0
          },
          {
            "batch": 333.0,
            "span": 0.17718923091888428,
            "span_floor_in_batch": 0.0
          },
          {
            "batch": 334.0,
            "letter": 1.421851396560669,
            "letter_floor_in_batch": 0.0
          },
          {
            "batch": 335.0,
            "span": 0.17749303579330444,
            "span_floor_in_batch": 0.0
          },
          {
            "batch": 336.0,
            "span": 0.1965799629688263,
            "span_floor_in_batch": 0.0
          },
          {
            "batch": 337.0,
            "letter": 1.340580940246582,
            "letter_floor_in_batch": 0.0
          },
          {
            "batch": 338.0,
            "letter": 1.3404645919799805,
            "letter_floor_in_batch": 0.0
          },
          {
            "batch": 339.0,
            "span": 0.17756059765815735,
            "span_floor_in_batch": 0.0
          },
          {
            "batch": 340.0,
            "letter": 1.618473768234253,
            "letter_floor_in_batch": 0.0
          },
          {
            "batch": 341.0,
            "letter": 1.2799930572509766,
            "letter_floor_in_batch": 0.0
          },
          {
            "batch": 342.0,
            "span": 0.1770826131105423,
            "span_floor_in_batch": 0.0
          },
          {
            "batch": 343.0,
            "span": 0.17743763327598572,
            "span_floor_in_batch": 0.0
          }
        ],
        "span_floor_mean_per_batch": 0.0,
        "span_floor_over_the_plan": 0.0,
        "span_gap": 0.5921139629601047,
        "span_loss": 0.5921139629601047,
        "span_rows": 172
      },
      "ft_row_id": "1e83adb2-307f-484a-b771-072eda381e3e",
      "heads": 4,
      "hidden": 128,
      "letter_at_first_joint_batch": NaN,
      "letter_first": 5.490370750427246,
      "letter_floor": 0.0,
      "letter_last": 1.2763376235961914,
      "micro_batches": 344,
      "no_memorise": true,
      "optimizer_steps": 344,
      "padding_fraction": 0.0,
      "params": 352512,
      "score_row_id": "d369403c-b327-45ec-8b6f-e484b0dbc4da",
      "seed": 0,
      "span_at_first_joint_batch": NaN,
      "span_first": 13.550694465637207,
      "span_floor": 0.0,
      "span_last": 0.20542554557323456,
      "span_rows": 172,
      "span_weight": 1.0,
      "steps_per_s": 128.69,
      "steps_requested": 344,
      "supervised_tokens": 172,
      "tag": "epoch",
      "termination": "steps_exhausted",
      "total_first": 13.550694465637207,
      "total_last": 0.20542554557323456,
      "wall_clock_s": 2.673
    }
  ],
  "arm2": [],
  "batches": {
    "batches": 344,
    "batches_letter_only": 172,
    "batches_span_only": 172,
    "batches_with_a_span_row": 172,
    "letter_channel_live_chunks": 172,
    "letter_channel_total_chunks": 344,
    "widths": [
      394,
      396,
      435,
      437
    ]
  },
  "batches_with_span": [
    {
      "bucket": 1,
      "chunks": 1,
      "index": 0,
      "kinds": {
        "span": 1
      },
      "live_chunks": 0,
      "rows": 1,
      "span_rows": 1,
      "supervised": 0,
      "width": 396
    },
    {
      "bucket": 1,
      "chunks": 1,
      "index": 6,
      "kinds": {
        "span": 1
      },
      "live_chunks": 0,
      "rows": 1,
      "span_rows": 1,
      "supervised": 0,
      "width": 396
    },
    {
      "bucket": 1,
      "chunks": 1,
      "index": 8,
      "kinds": {
        "span": 1
      },
      "live_chunks": 0,
      "rows": 1,
      "span_rows": 1,
      "supervised": 0,
      "width": 396
    },
    {
      "bucket": 1,
      "chunks": 1,
      "index": 9,
      "kinds": {
        "span": 1
      },
      "live_chunks": 0,
      "rows": 1,
      "span_rows": 1,
      "supervised": 0,
      "width": 396
    },
    {
      "bucket": 1,
      "chunks": 1,
      "index": 11,
      "kinds": {
        "span": 1
      },
      "live_chunks": 0,
      "rows": 1,
      "span_rows": 1,
      "supervised": 0,
      "width": 396
    },
    {
      "bucket": 0,
      "chunks": 1,
      "index": 12,
      "kinds": {
        "span": 1
      },
      "live_chunks": 0,
      "rows": 1,
      "span_rows": 1,
      "supervised": 0,
      "width": 394
    },
    {
      "bucket": 1,
      "chunks": 1,
      "index": 13,
      "kinds": {
        "span": 1
      },
      "live_chunks": 0,
      "rows": 1,
      "span_rows": 1,
      "supervised": 0,
      "width": 396
    },
    {
      "bucket": 0,
      "chunks": 1,
      "index": 15,
      "kinds": {
        "span": 1
      },
      "live_chunks": 0,
      "rows": 1,
      "span_rows": 1,
      "supervised": 0,
      "width": 394
    },
    {
      "bucket": 1,
      "chunks": 1,
      "index": 16,
      "kinds": {
        "span": 1
      },
      "live_chunks": 0,
      "rows": 1,
      "span_rows": 1,
      "supervised": 0,
      "width": 396
    },
    {
      "bucket": 1,
      "chunks": 1,
      "index": 20,
      "kinds": {
        "span": 1
      },
      "live_chunks": 0,
      "rows": 1,
      "span_rows": 1,
      "supervised": 0,
      "width": 396
    },
    {
      "bucket": 0,
      "chunks": 1,
      "index": 22,
      "kinds": {
        "span": 1
      },
      "live_chunks": 0,
      "rows": 1,
      "span_rows": 1,
      "supervised": 0,
      "width": 394
    },
    {
      "bucket": 1,
      "chunks": 1,
      "index": 24,
      "kinds": {
        "span": 1
      },
      "live_chunks": 0,
      "rows": 1,
      "span_rows": 1,
      "supervised": 0,
      "width": 396
    },
    {
      "bucket": 0,
      "chunks": 1,
      "index": 25,
      "kinds": {
        "span": 1
      },
      "live_chunks": 0,
      "rows": 1,
      "span_rows": 1,
      "supervised": 0,
      "width": 394
    },
    {
      "bucket": 1,
      "chunks": 1,
      "index": 27,
      "kinds": {
        "span": 1
      },
      "live_chunks": 0,
      "rows": 1,
      "span_rows": 1,
      "supervised": 0,
      "width": 396
    },
    {
      "bucket": 0,
      "chunks": 1,
      "index": 28,
      "kinds": {
        "span": 1
      },
      "live_chunks": 0,
      "rows": 1,
      "span_rows": 1,
      "supervised": 0,
      "width": 394
    },
    {
      "bucket": 0,
      "chunks": 1,
      "index": 29,
      "kinds": {
        "span": 1
      },
      "live_chunks": 0,
      "rows": 1,
      "span_rows": 1,
      "supervised": 0,
      "width": 394
    },
    {
      "bucket": 0,
      "chunks": 1,
      "index": 32,
      "kinds": {
        "span": 1
      },
      "live_chunks": 0,
      "rows": 1,
      "span_rows": 1,
      "supervised": 0,
      "width": 394
    },
    {
      "bucket": 1,
      "chunks": 1,
      "index": 34,
      "kinds": {
        "span": 1
      },
      "live_chunks": 0,
      "rows": 1,
      "span_rows": 1,
      "supervised": 0,
      "width": 396
    },
    {
      "bucket": 1,
      "chunks": 1,
      "index": 37,
      "kinds": {
        "span": 1
      },
      "live_chunks": 0,
      "rows": 1,
      "span_rows": 1,
      "supervised": 0,
      "width": 396
    },
    {
      "bucket": 1,
      "chunks": 1,
      "index": 41,
      "kinds": {
        "span": 1
      },
      "live_chunks": 0,
      "rows": 1,
      "span_rows": 1,
      "supervised": 0,
      "width": 396
    },
    {
      "bucket": 0,
      "chunks": 1,
      "index": 52,
      "kinds": {
        "span": 1
      },
      "live_chunks": 0,
      "rows": 1,
      "span_rows": 1,
      "supervised": 0,
      "width": 394
    },
    {
      "bucket": 1,
      "chunks": 1,
      "index": 53,
      "kinds": {
        "span": 1
      },
      "live_chunks": 0,
      "rows": 1,
      "span_rows": 1,
      "supervised": 0,
      "width": 396
    },
    {
      "bucket": 1,
      "chunks": 1,
      "index": 54,
      "kinds": {
        "span": 1
      },
      "live_chunks": 0,
      "rows": 1,
      "span_rows": 1,
      "supervised": 0,
      "width": 396
    },
    {
      "bucket": 0,
      "chunks": 1,
      "index": 55,
      "kinds": {
        "span": 1
      },
      "live_chunks": 0,
      "rows": 1,
      "span_rows": 1,
      "supervised": 0,
      "width": 394
    },
    {
      "bucket": 0,
      "chunks": 1,
      "index": 57,
      "kinds": {
        "span": 1
      },
      "live_chunks": 0,
      "rows": 1,
      "span_rows": 1,
      "supervised": 0,
      "width": 394
    },
    {
      "bucket": 1,
      "chunks": 1,
      "index": 61,
      "kinds": {
        "span": 1
      },
      "live_chunks": 0,
      "rows": 1,
      "span_rows": 1,
      "supervised": 0,
      "width": 396
    },
    {
      "bucket": 1,
      "chunks": 1,
      "index": 64,
      "kinds": {
        "span": 1
      },
      "live_chunks": 0,
      "rows": 1,
      "span_rows": 1,
      "supervised": 0,
      "width": 396
    },
    {
      "bucket": 1,
      "chunks": 1,
      "index": 66,
      "kinds": {
        "span": 1
      },
      "live_chunks": 0,
      "rows": 1,
      "span_rows": 1,
      "supervised": 0,
      "width": 396
    },
    {
      "bucket": 1,
      "chunks": 1,
      "index": 67,
      "kinds": {
        "span": 1
      },
      "live_chunks": 0,
      "rows": 1,
      "span_rows": 1,
      "supervised": 0,
      "width": 396
    },
    {
      "bucket": 1,
      "chunks": 1,
      "index": 70,
      "kinds": {
        "span": 1
      },
      "live_chunks": 0,
      "rows": 1,
      "span_rows": 1,
      "supervised": 0,
      "width": 396
    },
    {
      "bucket": 0,
      "chunks": 1,
      "index": 71,
      "kinds": {
        "span": 1
      },
      "live_chunks": 0,
      "rows": 1,
      "span_rows": 1,
      "supervised": 0,
      "width": 394
    },
    {
      "bucket": 1,
      "chunks": 1,
      "index": 72,
      "kinds": {
        "span": 1
      },
      "live_chunks": 0,
      "rows": 1,
      "span_rows": 1,
      "supervised": 0,
      "width": 396
    },
    {
      "bucket": 1,
      "chunks": 1,
      "index": 74,
      "kinds": {
        "span": 1
      },
      "live_chunks": 0,
      "rows": 1,
      "span_rows": 1,
      "supervised": 0,
      "width": 396
    },
    {
      "bucket": 1,
      "chunks": 1,
      "index": 75,
      "kinds": {
        "span": 1
      },
      "live_chunks": 0,
      "rows": 1,
      "span_rows": 1,
      "supervised": 0,
      "width": 396
    },
    {
      "bucket": 1,
      "chunks": 1,
      "index": 76,
      "kinds": {
        "span": 1
      },
      "live_chunks": 0,
      "rows": 1,
      "span_rows": 1,
      "supervised": 0,
      "width": 396
    },
    {
      "bucket": 1,
      "chunks": 1,
      "index": 77,
      "kinds": {
        "span": 1
      },
      "live_chunks": 0,
      "rows": 1,
      "span_rows": 1,
      "supervised": 0,
      "width": 396
    },
    {
      "bucket": 1,
      "chunks": 1,
      "index": 78,
      "kinds": {
        "span": 1
      },
      "live_chunks": 0,
      "rows": 1,
      "span_rows": 1,
      "supervised": 0,
      "width": 396
    },
    {
      "bucket": 1,
      "chunks": 1,
      "index": 79,
      "kinds": {
        "span": 1
      },
      "live_chunks": 0,
      "rows": 1,
      "span_rows": 1,
      "supervised": 0,
      "width": 396
    },
    {
      "bucket": 1,
      "chunks": 1,
      "index": 84,
      "kinds": {
        "span": 1
      },
      "live_chunks": 0,
      "rows": 1,
      "span_rows": 1,
      "supervised": 0,
      "width": 396
    },
    {
      "bucket": 1,
      "chunks": 1,
      "index": 86,
      "kinds": {
        "span": 1
      },
      "live_chunks": 0,
      "rows": 1,
      "span_rows": 1,
      "supervised": 0,
      "width": 396
    },
    {
      "bucket": 1,
      "chunks": 1,
      "index": 88,
      "kinds": {
        "span": 1
      },
      "live_chunks": 0,
      "rows": 1,
      "span_rows": 1,
      "supervised": 0,
      "width": 396
    },
    {
      "bucket": 1,
      "chunks": 1,
      "index": 89,
      "kinds": {
        "span": 1
      },
      "live_chunks": 0,
      "rows": 1,
      "span_rows": 1,
      "supervised": 0,
      "width": 396
    },
    {
      "bucket": 1,
      "chunks": 1,
      "index": 93,
      "kinds": {
        "span": 1
      },
      "live_chunks": 0,
      "rows": 1,
      "span_rows": 1,
      "supervised": 0,
      "width": 396
    },
    {
      "bucket": 1,
      "chunks": 1,
      "index": 94,
      "kinds": {
        "span": 1
      },
      "live_chunks": 0,
      "rows": 1,
      "span_rows": 1,
      "supervised": 0,
      "width": 396
    },
    {
      "bucket": 1,
      "chunks": 1,
      "index": 96,
      "kinds": {
        "span": 1
      },
      "live_chunks": 0,
      "rows": 1,
      "span_rows": 1,
      "supervised": 0,
      "width": 396
    },
    {
      "bucket": 1,
      "chunks": 1,
      "index": 97,
      "kinds": {
        "span": 1
      },
      "live_chunks": 0,
      "rows": 1,
      "span_rows": 1,
      "supervised": 0,
      "width": 396
    },
    {
      "bucket": 1,
      "chunks": 1,
      "index": 98,
      "kinds": {
        "span": 1
      },
      "live_chunks": 0,
      "rows": 1,
      "span_rows": 1,
      "supervised": 0,
      "width": 396
    },
    {
      "bucket": 1,
      "chunks": 1,
      "index": 101,
      "kinds": {
        "span": 1
      },
      "live_chunks": 0,
      "rows": 1,
      "span_rows": 1,
      "supervised": 0,
      "width": 396
    },
    {
      "bucket": 1,
      "chunks": 1,
      "index": 102,
      "kinds": {
        "span": 1
      },
      "live_chunks": 0,
      "rows": 1,
      "span_rows": 1,
      "supervised": 0,
      "width": 396
    },
    {
      "bucket": 1,
      "chunks": 1,
      "index": 103,
      "kinds": {
        "span": 1
      },
      "live_chunks": 0,
      "rows": 1,
      "span_rows": 1,
      "supervised": 0,
      "width": 396
    },
    {
      "bucket": 1,
      "chunks": 1,
      "index": 108,
      "kinds": {
        "span": 1
      },
      "live_chunks": 0,
      "rows": 1,
      "span_rows": 1,
      "supervised": 0,
      "width": 396
    },
    {
      "bucket": 1,
      "chunks": 1,
      "index": 109,
      "kinds": {
        "span": 1
      },
      "live_chunks": 0,
      "rows": 1,
      "span_rows": 1,
      "supervised": 0,
      "width": 396
    },
    {
      "bucket": 0,
      "chunks": 1,
      "index": 110,
      "kinds": {
        "span": 1
      },
      "live_chunks": 0,
      "rows": 1,
      "span_rows": 1,
      "supervised": 0,
      "width": 394
    },
    {
      "bucket": 1,
      "chunks": 1,
      "index": 111,
      "kinds": {
        "span": 1
      },
      "live_chunks": 0,
      "rows": 1,
      "span_rows": 1,
      "supervised": 0,
      "width": 396
    },
    {
      "bucket": 1,
      "chunks": 1,
      "index": 115,
      "kinds": {
        "span": 1
      },
      "live_chunks": 0,
      "rows": 1,
      "span_rows": 1,
      "supervised": 0,
      "width": 396
    },
    {
      "bucket": 1,
      "chunks": 1,
      "index": 117,
      "kinds": {
        "span": 1
      },
      "live_chunks": 0,
      "rows": 1,
      "span_rows": 1,
      "supervised": 0,
      "width": 396
    },
    {
      "bucket": 1,
      "chunks": 1,
      "index": 118,
      "kinds": {
        "span": 1
      },
      "live_chunks": 0,
      "rows": 1,
      "span_rows": 1,
      "supervised": 0,
      "width": 396
    },
    {
      "bucket": 1,
      "chunks": 1,
      "index": 120,
      "kinds": {
        "span": 1
      },
      "live_chunks": 0,
      "rows": 1,
      "span_rows": 1,
      "supervised": 0,
      "width": 396
    },
    {
      "bucket": 1,
      "chunks": 1,
      "index": 121,
      "kinds": {
        "span": 1
      },
      "live_chunks": 0,
      "rows": 1,
      "span_rows": 1,
      "supervised": 0,
      "width": 396
    },
    {
      "bucket": 1,
      "chunks": 1,
      "index": 122,
      "kinds": {
        "span": 1
      },
      "live_chunks": 0,
      "rows": 1,
      "span_rows": 1,
      "supervised": 0,
      "width": 396
    },
    {
      "bucket": 1,
      "chunks": 1,
      "index": 125,
      "kinds": {
        "span": 1
      },
      "live_chunks": 0,
      "rows": 1,
      "span_rows": 1,
      "supervised": 0,
      "width": 396
    },
    {
      "bucket": 1,
      "chunks": 1,
      "index": 132,
      "kinds": {
        "span": 1
      },
      "live_chunks": 0,
      "rows": 1,
      "span_rows": 1,
      "supervised": 0,
      "width": 396
    },
    {
      "bucket": 1,
      "chunks": 1,
      "index": 134,
      "kinds": {
        "span": 1
      },
      "live_chunks": 0,
      "rows": 1,
      "span_rows": 1,
      "supervised": 0,
      "width": 396
    },
    {
      "bucket": 1,
      "chunks": 1,
      "index": 135,
      "kinds": {
        "span": 1
      },
      "live_chunks": 0,
      "rows": 1,
      "span_rows": 1,
      "supervised": 0,
      "width": 396
    },
    {
      "bucket": 0,
      "chunks": 1,
      "index": 137,
      "kinds": {
        "span": 1
      },
      "live_chunks": 0,
      "rows": 1,
      "span_rows": 1,
      "supervised": 0,
      "width": 394
    },
    {
      "bucket": 1,
      "chunks": 1,
      "index": 139,
      "kinds": {
        "span": 1
      },
      "live_chunks": 0,
      "rows": 1,
      "span_rows": 1,
      "supervised": 0,
      "width": 396
    },
    {
      "bucket": 1,
      "chunks": 1,
      "index": 140,
      "kinds": {
        "span": 1
      },
      "live_chunks": 0,
      "rows": 1,
      "span_rows": 1,
      "supervised": 0,
      "width": 396
    },
    {
      "bucket": 1,
      "chunks": 1,
      "index": 141,
      "kinds": {
        "span": 1
      },
      "live_chunks": 0,
      "rows": 1,
      "span_rows": 1,
      "supervised": 0,
      "width": 396
    },
    {
      "bucket": 1,
      "chunks": 1,
      "index": 144,
      "kinds": {
        "span": 1
      },
      "live_chunks": 0,
      "rows": 1,
      "span_rows": 1,
      "supervised": 0,
      "width": 396
    },
    {
      "bucket": 1,
      "chunks": 1,
      "index": 147,
      "kinds": {
        "span": 1
      },
      "live_chunks": 0,
      "rows": 1,
      "span_rows": 1,
      "supervised": 0,
      "width": 396
    },
    {
      "bucket": 1,
      "chunks": 1,
      "index": 148,
      "kinds": {
        "span": 1
      },
      "live_chunks": 0,
      "rows": 1,
      "span_rows": 1,
      "supervised": 0,
      "width": 396
    },
    {
      "bucket": 0,
      "chunks": 1,
      "index": 149,
      "kinds": {
        "span": 1
      },
      "live_chunks": 0,
      "rows": 1,
      "span_rows": 1,
      "supervised": 0,
      "width": 394
    },
    {
      "bucket": 0,
      "chunks": 1,
      "index": 151,
      "kinds": {
        "span": 1
      },
      "live_chunks": 0,
      "rows": 1,
      "span_rows": 1,
      "supervised": 0,
      "width": 394
    },
    {
      "bucket": 1,
      "chunks": 1,
      "index": 152,
      "kinds": {
        "span": 1
      },
      "live_chunks": 0,
      "rows": 1,
      "span_rows": 1,
      "supervised": 0,
      "width": 396
    },
    {
      "bucket": 1,
      "chunks": 1,
      "index": 154,
      "kinds": {
        "span": 1
      },
      "live_chunks": 0,
      "rows": 1,
      "span_rows": 1,
      "supervised": 0,
      "width": 396
    },
    {
      "bucket": 1,
      "chunks": 1,
      "index": 157,
      "kinds": {
        "span": 1
      },
      "live_chunks": 0,
      "rows": 1,
      "span_rows": 1,
      "supervised": 0,
      "width": 396
    },
    {
      "bucket": 1,
      "chunks": 1,
      "index": 158,
      "kinds": {
        "span": 1
      },
      "live_chunks": 0,
      "rows": 1,
      "span_rows": 1,
      "supervised": 0,
      "width": 396
    },
    {
      "bucket": 1,
      "chunks": 1,
      "index": 160,
      "kinds": {
        "span": 1
      },
      "live_chunks": 0,
      "rows": 1,
      "span_rows": 1,
      "supervised": 0,
      "width": 396
    },
    {
      "bucket": 0,
      "chunks": 1,
      "index": 161,
      "kinds": {
        "span": 1
      },
      "live_chunks": 0,
      "rows": 1,
      "span_rows": 1,
      "supervised": 0,
      "width": 394
    },
    {
      "bucket": 1,
      "chunks": 1,
      "index": 164,
      "kinds": {
        "span": 1
      },
      "live_chunks": 0,
      "rows": 1,
      "span_rows": 1,
      "supervised": 0,
      "width": 396
    },
    {
      "bucket": 1,
      "chunks": 1,
      "index": 165,
      "kinds": {
        "span": 1
      },
      "live_chunks": 0,
      "rows": 1,
      "span_rows": 1,
      "supervised": 0,
      "width": 396
    },
    {
      "bucket": 1,
      "chunks": 1,
      "index": 166,
      "kinds": {
        "span": 1
      },
      "live_chunks": 0,
      "rows": 1,
      "span_rows": 1,
      "supervised": 0,
      "width": 396
    },
    {
      "bucket": 1,
      "chunks": 1,
      "index": 169,
      "kinds": {
        "span": 1
      },
      "live_chunks": 0,
      "rows": 1,
      "span_rows": 1,
      "supervised": 0,
      "width": 396
    },
    {
      "bucket": 1,
      "chunks": 1,
      "index": 171,
      "kinds": {
        "span": 1
      },
      "live_chunks": 0,
      "rows": 1,
      "span_rows": 1,
      "supervised": 0,
      "width": 396
    },
    {
      "bucket": 1,
      "chunks": 1,
      "index": 175,
      "kinds": {
        "span": 1
      },
      "live_chunks": 0,
      "rows": 1,
      "span_rows": 1,
      "supervised": 0,
      "width": 396
    },
    {
      "bucket": 1,
      "chunks": 1,
      "index": 177,
      "kinds": {
        "span": 1
      },
      "live_chunks": 0,
      "rows": 1,
      "span_rows": 1,
      "supervised": 0,
      "width": 396
    },
    {
      "bucket": 1,
      "chunks": 1,
      "index": 180,
      "kinds": {
        "span": 1
      },
      "live_chunks": 0,
      "rows": 1,
      "span_rows": 1,
      "supervised": 0,
      "width": 396
    },
    {
      "bucket": 1,
      "chunks": 1,
      "index": 181,
      "kinds": {
        "span": 1
      },
      "live_chunks": 0,
      "rows": 1,
      "span_rows": 1,
      "supervised": 0,
      "width": 396
    },
    {
      "bucket": 1,
      "chunks": 1,
      "index": 183,
      "kinds": {
        "span": 1
      },
      "live_chunks": 0,
      "rows": 1,
      "span_rows": 1,
      "supervised": 0,
      "width": 396
    },
    {
      "bucket": 1,
      "chunks": 1,
      "index": 185,
      "kinds": {
        "span": 1
      },
      "live_chunks": 0,
      "rows": 1,
      "span_rows": 1,
      "supervised": 0,
      "width": 396
    },
    {
      "bucket": 1,
      "chunks": 1,
      "index": 188,
      "kinds": {
        "span": 1
      },
      "live_chunks": 0,
      "rows": 1,
      "span_rows": 1,
      "supervised": 0,
      "width": 396
    },
    {
      "bucket": 1,
      "chunks": 1,
      "index": 189,
      "kinds": {
        "span": 1
      },
      "live_chunks": 0,
      "rows": 1,
      "span_rows": 1,
      "supervised": 0,
      "width": 396
    },
    {
      "bucket": 1,
      "chunks": 1,
      "index": 190,
      "kinds": {
        "span": 1
      },
      "live_chunks": 0,
      "rows": 1,
      "span_rows": 1,
      "supervised": 0,
      "width": 396
    },
    {
      "bucket": 0,
      "chunks": 1,
      "index": 191,
      "kinds": {
        "span": 1
      },
      "live_chunks": 0,
      "rows": 1,
      "span_rows": 1,
      "supervised": 0,
      "width": 394
    },
    {
      "bucket": 0,
      "chunks": 1,
      "index": 192,
      "kinds": {
        "span": 1
      },
      "live_chunks": 0,
      "rows": 1,
      "span_rows": 1,
      "supervised": 0,
      "width": 394
    },
    {
      "bucket": 1,
      "chunks": 1,
      "index": 193,
      "kinds": {
        "span": 1
      },
      "live_chunks": 0,
      "rows": 1,
      "span_rows": 1,
      "supervised": 0,
      "width": 396
    },
    {
      "bucket": 1,
      "chunks": 1,
      "index": 194,
      "kinds": {
        "span": 1
      },
      "live_chunks": 0,
      "rows": 1,
      "span_rows": 1,
      "supervised": 0,
      "width": 396
    },
    {
      "bucket": 1,
      "chunks": 1,
      "index": 196,
      "kinds": {
        "span": 1
      },
      "live_chunks": 0,
      "rows": 1,
      "span_rows": 1,
      "supervised": 0,
      "width": 396
    },
    {
      "bucket": 1,
      "chunks": 1,
      "index": 197,
      "kinds": {
        "span": 1
      },
      "live_chunks": 0,
      "rows": 1,
      "span_rows": 1,
      "supervised": 0,
      "width": 396
    },
    {
      "bucket": 1,
      "chunks": 1,
      "index": 199,
      "kinds": {
        "span": 1
      },
      "live_chunks": 0,
      "rows": 1,
      "span_rows": 1,
      "supervised": 0,
      "width": 396
    },
    {
      "bucket": 1,
      "chunks": 1,
      "index": 200,
      "kinds": {
        "span": 1
      },
      "live_chunks": 0,
      "rows": 1,
      "span_rows": 1,
      "supervised": 0,
      "width": 396
    },
    {
      "bucket": 0,
      "chunks": 1,
      "index": 202,
      "kinds": {
        "span": 1
      },
      "live_chunks": 0,
      "rows": 1,
      "span_rows": 1,
      "supervised": 0,
      "width": 394
    },
    {
      "bucket": 1,
      "chunks": 1,
      "index": 203,
      "kinds": {
        "span": 1
      },
      "live_chunks": 0,
      "rows": 1,
      "span_rows": 1,
      "supervised": 0,
      "width": 396
    },
    {
      "bucket": 0,
      "chunks": 1,
      "index": 204,
      "kinds": {
        "span": 1
      },
      "live_chunks": 0,
      "rows": 1,
      "span_rows": 1,
      "supervised": 0,
      "width": 394
    },
    {
      "bucket": 1,
      "chunks": 1,
      "index": 207,
      "kinds": {
        "span": 1
      },
      "live_chunks": 0,
      "rows": 1,
      "span_rows": 1,
      "supervised": 0,
      "width": 396
    },
    {
      "bucket": 1,
      "chunks": 1,
      "index": 209,
      "kinds": {
        "span": 1
      },
      "live_chunks": 0,
      "rows": 1,
      "span_rows": 1,
      "supervised": 0,
      "width": 396
    },
    {
      "bucket": 1,
      "chunks": 1,
      "index": 210,
      "kinds": {
        "span": 1
      },
      "live_chunks": 0,
      "rows": 1,
      "span_rows": 1,
      "supervised": 0,
      "width": 396
    },
    {
      "bucket": 1,
      "chunks": 1,
      "index": 212,
      "kinds": {
        "span": 1
      },
      "live_chunks": 0,
      "rows": 1,
      "span_rows": 1,
      "supervised": 0,
      "width": 396
    },
    {
      "bucket": 1,
      "chunks": 1,
      "index": 215,
      "kinds": {
        "span": 1
      },
      "live_chunks": 0,
      "rows": 1,
      "span_rows": 1,
      "supervised": 0,
      "width": 396
    },
    {
      "bucket": 1,
      "chunks": 1,
      "index": 217,
      "kinds": {
        "span": 1
      },
      "live_chunks": 0,
      "rows": 1,
      "span_rows": 1,
      "supervised": 0,
      "width": 396
    },
    {
      "bucket": 0,
      "chunks": 1,
      "index": 219,
      "kinds": {
        "span": 1
      },
      "live_chunks": 0,
      "rows": 1,
      "span_rows": 1,
      "supervised": 0,
      "width": 394
    },
    {
      "bucket": 1,
      "chunks": 1,
      "index": 220,
      "kinds": {
        "span": 1
      },
      "live_chunks": 0,
      "rows": 1,
      "span_rows": 1,
      "supervised": 0,
      "width": 396
    },
    {
      "bucket": 1,
      "chunks": 1,
      "index": 222,
      "kinds": {
        "span": 1
      },
      "live_chunks": 0,
      "rows": 1,
      "span_rows": 1,
      "supervised": 0,
      "width": 396
    },
    {
      "bucket": 0,
      "chunks": 1,
      "index": 224,
      "kinds": {
        "span": 1
      },
      "live_chunks": 0,
      "rows": 1,
      "span_rows": 1,
      "supervised": 0,
      "width": 394
    },
    {
      "bucket": 1,
      "chunks": 1,
      "index": 225,
      "kinds": {
        "span": 1
      },
      "live_chunks": 0,
      "rows": 1,
      "span_rows": 1,
      "supervised": 0,
      "width": 396
    },
    {
      "bucket": 1,
      "chunks": 1,
      "index": 227,
      "kinds": {
        "span": 1
      },
      "live_chunks": 0,
      "rows": 1,
      "span_rows": 1,
      "supervised": 0,
      "width": 396
    },
    {
      "bucket": 1,
      "chunks": 1,
      "index": 229,
      "kinds": {
        "span": 1
      },
      "live_chunks": 0,
      "rows": 1,
      "span_rows": 1,
      "supervised": 0,
      "width": 396
    },
    {
      "bucket": 1,
      "chunks": 1,
      "index": 230,
      "kinds": {
        "span": 1
      },
      "live_chunks": 0,
      "rows": 1,
      "span_rows": 1,
      "supervised": 0,
      "width": 396
    },
    {
      "bucket": 1,
      "chunks": 1,
      "index": 231,
      "kinds": {
        "span": 1
      },
      "live_chunks": 0,
      "rows": 1,
      "span_rows": 1,
      "supervised": 0,
      "width": 396
    },
    {
      "bucket": 1,
      "chunks": 1,
      "index": 233,
      "kinds": {
        "span": 1
      },
      "live_chunks": 0,
      "rows": 1,
      "span_rows": 1,
      "supervised": 0,
      "width": 396
    },
    {
      "bucket": 1,
      "chunks": 1,
      "index": 236,
      "kinds": {
        "span": 1
      },
      "live_chunks": 0,
      "rows": 1,
      "span_rows": 1,
      "supervised": 0,
      "width": 396
    },
    {
      "bucket": 1,
      "chunks": 1,
      "index": 239,
      "kinds": {
        "span": 1
      },
      "live_chunks": 0,
      "rows": 1,
      "span_rows": 1,
      "supervised": 0,
      "width": 396
    },
    {
      "bucket": 1,
      "chunks": 1,
      "index": 242,
      "kinds": {
        "span": 1
      },
      "live_chunks": 0,
      "rows": 1,
      "span_rows": 1,
      "supervised": 0,
      "width": 396
    },
    {
      "bucket": 1,
      "chunks": 1,
      "index": 244,
      "kinds": {
        "span": 1
      },
      "live_chunks": 0,
      "rows": 1,
      "span_rows": 1,
      "supervised": 0,
      "width": 396
    },
    {
      "bucket": 0,
      "chunks": 1,
      "index": 245,
      "kinds": {
        "span": 1
      },
      "live_chunks": 0,
      "rows": 1,
      "span_rows": 1,
      "supervised": 0,
      "width": 394
    },
    {
      "bucket": 1,
      "chunks": 1,
      "index": 246,
      "kinds": {
        "span": 1
      },
      "live_chunks": 0,
      "rows": 1,
      "span_rows": 1,
      "supervised": 0,
      "width": 396
    },
    {
      "bucket": 1,
      "chunks": 1,
      "index": 249,
      "kinds": {
        "span": 1
      },
      "live_chunks": 0,
      "rows": 1,
      "span_rows": 1,
      "supervised": 0,
      "width": 396
    },
    {
      "bucket": 1,
      "chunks": 1,
      "index": 252,
      "kinds": {
        "span": 1
      },
      "live_chunks": 0,
      "rows": 1,
      "span_rows": 1,
      "supervised": 0,
      "width": 396
    },
    {
      "bucket": 0,
      "chunks": 1,
      "index": 254,
      "kinds": {
        "span": 1
      },
      "live_chunks": 0,
      "rows": 1,
      "span_rows": 1,
      "supervised": 0,
      "width": 394
    },
    {
      "bucket": 0,
      "chunks": 1,
      "index": 257,
      "kinds": {
        "span": 1
      },
      "live_chunks": 0,
      "rows": 1,
      "span_rows": 1,
      "supervised": 0,
      "width": 394
    },
    {
      "bucket": 1,
      "chunks": 1,
      "index": 259,
      "kinds": {
        "span": 1
      },
      "live_chunks": 0,
      "rows": 1,
      "span_rows": 1,
      "supervised": 0,
      "width": 396
    },
    {
      "bucket": 1,
      "chunks": 1,
      "index": 263,
      "kinds": {
        "span": 1
      },
      "live_chunks": 0,
      "rows": 1,
      "span_rows": 1,
      "supervised": 0,
      "width": 396
    },
    {
      "bucket": 1,
      "chunks": 1,
      "index": 264,
      "kinds": {
        "span": 1
      },
      "live_chunks": 0,
      "rows": 1,
      "span_rows": 1,
      "supervised": 0,
      "width": 396
    },
    {
      "bucket": 1,
      "chunks": 1,
      "index": 267,
      "kinds": {
        "span": 1
      },
      "live_chunks": 0,
      "rows": 1,
      "span_rows": 1,
      "supervised": 0,
      "width": 396
    },
    {
      "bucket": 1,
      "chunks": 1,
      "index": 269,
      "kinds": {
        "span": 1
      },
      "live_chunks": 0,
      "rows": 1,
      "span_rows": 1,
      "supervised": 0,
      "width": 396
    },
    {
      "bucket": 1,
      "chunks": 1,
      "index": 270,
      "kinds": {
        "span": 1
      },
      "live_chunks": 0,
      "rows": 1,
      "span_rows": 1,
      "supervised": 0,
      "width": 396
    },
    {
      "bucket": 1,
      "chunks": 1,
      "index": 273,
      "kinds": {
        "span": 1
      },
      "live_chunks": 0,
      "rows": 1,
      "span_rows": 1,
      "supervised": 0,
      "width": 396
    },
    {
      "bucket": 1,
      "chunks": 1,
      "index": 274,
      "kinds": {
        "span": 1
      },
      "live_chunks": 0,
      "rows": 1,
      "span_rows": 1,
      "supervised": 0,
      "width": 396
    },
    {
      "bucket": 0,
      "chunks": 1,
      "index": 278,
      "kinds": {
        "span": 1
      },
      "live_chunks": 0,
      "rows": 1,
      "span_rows": 1,
      "supervised": 0,
      "width": 394
    },
    {
      "bucket": 1,
      "chunks": 1,
      "index": 279,
      "kinds": {
        "span": 1
      },
      "live_chunks": 0,
      "rows": 1,
      "span_rows": 1,
      "supervised": 0,
      "width": 396
    },
    {
      "bucket": 1,
      "chunks": 1,
      "index": 282,
      "kinds": {
        "span": 1
      },
      "live_chunks": 0,
      "rows": 1,
      "span_rows": 1,
      "supervised": 0,
      "width": 396
    },
    {
      "bucket": 1,
      "chunks": 1,
      "index": 286,
      "kinds": {
        "span": 1
      },
      "live_chunks": 0,
      "rows": 1,
      "span_rows": 1,
      "supervised": 0,
      "width": 396
    },
    {
      "bucket": 0,
      "chunks": 1,
      "index": 291,
      "kinds": {
        "span": 1
      },
      "live_chunks": 0,
      "rows": 1,
      "span_rows": 1,
      "supervised": 0,
      "width": 394
    },
    {
      "bucket": 1,
      "chunks": 1,
      "index": 292,
      "kinds": {
        "span": 1
      },
      "live_chunks": 0,
      "rows": 1,
      "span_rows": 1,
      "supervised": 0,
      "width": 396
    },
    {
      "bucket": 0,
      "chunks": 1,
      "index": 294,
      "kinds": {
        "span": 1
      },
      "live_chunks": 0,
      "rows": 1,
      "span_rows": 1,
      "supervised": 0,
      "width": 394
    },
    {
      "bucket": 1,
      "chunks": 1,
      "index": 295,
      "kinds": {
        "span": 1
      },
      "live_chunks": 0,
      "rows": 1,
      "span_rows": 1,
      "supervised": 0,
      "width": 396
    },
    {
      "bucket": 1,
      "chunks": 1,
      "index": 296,
      "kinds": {
        "span": 1
      },
      "live_chunks": 0,
      "rows": 1,
      "span_rows": 1,
      "supervised": 0,
      "width": 396
    },
    {
      "bucket": 1,
      "chunks": 1,
      "index": 298,
      "kinds": {
        "span": 1
      },
      "live_chunks": 0,
      "rows": 1,
      "span_rows": 1,
      "supervised": 0,
      "width": 396
    },
    {
      "bucket": 1,
      "chunks": 1,
      "index": 301,
      "kinds": {
        "span": 1
      },
      "live_chunks": 0,
      "rows": 1,
      "span_rows": 1,
      "supervised": 0,
      "width": 396
    },
    {
      "bucket": 1,
      "chunks": 1,
      "index": 302,
      "kinds": {
        "span": 1
      },
      "live_chunks": 0,
      "rows": 1,
      "span_rows": 1,
      "supervised": 0,
      "width": 396
    },
    {
      "bucket": 1,
      "chunks": 1,
      "index": 305,
      "kinds": {
        "span": 1
      },
      "live_chunks": 0,
      "rows": 1,
      "span_rows": 1,
      "supervised": 0,
      "width": 396
    },
    {
      "bucket": 1,
      "chunks": 1,
      "index": 309,
      "kinds": {
        "span": 1
      },
      "live_chunks": 0,
      "rows": 1,
      "span_rows": 1,
      "supervised": 0,
      "width": 396
    },
    {
      "bucket": 0,
      "chunks": 1,
      "index": 310,
      "kinds": {
        "span": 1
      },
      "live_chunks": 0,
      "rows": 1,
      "span_rows": 1,
      "supervised": 0,
      "width": 394
    },
    {
      "bucket": 1,
      "chunks": 1,
      "index": 311,
      "kinds": {
        "span": 1
      },
      "live_chunks": 0,
      "rows": 1,
      "span_rows": 1,
      "supervised": 0,
      "width": 396
    },
    {
      "bucket": 1,
      "chunks": 1,
      "index": 313,
      "kinds": {
        "span": 1
      },
      "live_chunks": 0,
      "rows": 1,
      "span_rows": 1,
      "supervised": 0,
      "width": 396
    },
    {
      "bucket": 1,
      "chunks": 1,
      "index": 315,
      "kinds": {
        "span": 1
      },
      "live_chunks": 0,
      "rows": 1,
      "span_rows": 1,
      "supervised": 0,
      "width": 396
    },
    {
      "bucket": 0,
      "chunks": 1,
      "index": 317,
      "kinds": {
        "span": 1
      },
      "live_chunks": 0,
      "rows": 1,
      "span_rows": 1,
      "supervised": 0,
      "width": 394
    },
    {
      "bucket": 1,
      "chunks": 1,
      "index": 319,
      "kinds": {
        "span": 1
      },
      "live_chunks": 0,
      "rows": 1,
      "span_rows": 1,
      "supervised": 0,
      "width": 396
    },
    {
      "bucket": 1,
      "chunks": 1,
      "index": 321,
      "kinds": {
        "span": 1
      },
      "live_chunks": 0,
      "rows": 1,
      "span_rows": 1,
      "supervised": 0,
      "width": 396
    },
    {
      "bucket": 1,
      "chunks": 1,
      "index": 322,
      "kinds": {
        "span": 1
      },
      "live_chunks": 0,
      "rows": 1,
      "span_rows": 1,
      "supervised": 0,
      "width": 396
    },
    {
      "bucket": 1,
      "chunks": 1,
      "index": 324,
      "kinds": {
        "span": 1
      },
      "live_chunks": 0,
      "rows": 1,
      "span_rows": 1,
      "supervised": 0,
      "width": 396
    },
    {
      "bucket": 0,
      "chunks": 1,
      "index": 325,
      "kinds": {
        "span": 1
      },
      "live_chunks": 0,
      "rows": 1,
      "span_rows": 1,
      "supervised": 0,
      "width": 394
    },
    {
      "bucket": 1,
      "chunks": 1,
      "index": 327,
      "kinds": {
        "span": 1
      },
      "live_chunks": 0,
      "rows": 1,
      "span_rows": 1,
      "supervised": 0,
      "width": 396
    },
    {
      "bucket": 1,
      "chunks": 1,
      "index": 329,
      "kinds": {
        "span": 1
      },
      "live_chunks": 0,
      "rows": 1,
      "span_rows": 1,
      "supervised": 0,
      "width": 396
    },
    {
      "bucket": 1,
      "chunks": 1,
      "index": 330,
      "kinds": {
        "span": 1
      },
      "live_chunks": 0,
      "rows": 1,
      "span_rows": 1,
      "supervised": 0,
      "width": 396
    },
    {
      "bucket": 1,
      "chunks": 1,
      "index": 331,
      "kinds": {
        "span": 1
      },
      "live_chunks": 0,
      "rows": 1,
      "span_rows": 1,
      "supervised": 0,
      "width": 396
    },
    {
      "bucket": 1,
      "chunks": 1,
      "index": 333,
      "kinds": {
        "span": 1
      },
      "live_chunks": 0,
      "rows": 1,
      "span_rows": 1,
      "supervised": 0,
      "width": 396
    },
    {
      "bucket": 1,
      "chunks": 1,
      "index": 335,
      "kinds": {
        "span": 1
      },
      "live_chunks": 0,
      "rows": 1,
      "span_rows": 1,
      "supervised": 0,
      "width": 396
    },
    {
      "bucket": 0,
      "chunks": 1,
      "index": 336,
      "kinds": {
        "span": 1
      },
      "live_chunks": 0,
      "rows": 1,
      "span_rows": 1,
      "supervised": 0,
      "width": 394
    },
    {
      "bucket": 1,
      "chunks": 1,
      "index": 339,
      "kinds": {
        "span": 1
      },
      "live_chunks": 0,
      "rows": 1,
      "span_rows": 1,
      "supervised": 0,
      "width": 396
    },
    {
      "bucket": 1,
      "chunks": 1,
      "index": 342,
      "kinds": {
        "span": 1
      },
      "live_chunks": 0,
      "rows": 1,
      "span_rows": 1,
      "supervised": 0,
      "width": 396
    },
    {
      "bucket": 1,
      "chunks": 1,
      "index": 343,
      "kinds": {
        "span": 1
      },
      "live_chunks": 0,
      "rows": 1,
      "span_rows": 1,
      "supervised": 0,
      "width": 396
    }
  ],
  "failures": [],
  "inventory": {
    "buckets": [
      394,
      396,
      435,
      437
    ],
    "contradictions": {
      "contradicting_groups": 0,
      "contradicting_rows": 0,
      "examples": [],
      "per_kind": {},
      "rows_sharing_a_prefix": 0,
      "sequences": 344
    },
    "coverage": {
      "detail": "every row in the manifest was tokenized into the shard set",
      "n": 172,
      "n_total": 172,
      "passed": true,
      "state": "ran",
      "value": 172
    },
    "excluded_examples": [],
    "excluded_rows": 0,
    "letter_rows": 172,
    "letter_rows_whose_gold_is_noul": 0,
    "padding_waste": {
      "detail": "0 padding of 143148 positions (0.00%) over 344 sequences; gate is <= 15%. buckets=[394, 396, 435, 437]",
      "n": 344,
      "n_total": 344,
      "passed": true,
      "state": "ran",
      "value": 0.0
    },
    "per_kind": {
      "choice": {
        "families": {
          "code.defect_class": 172
        },
        "gold_is_noul": 0,
        "len_max": 437,
        "len_mean": 436.6,
        "len_min": 435,
        "n": 172,
        "n_total": 344,
        "row_widths": [
          5
        ],
        "tokens": 75100
      },
      "span": {
        "candidates_max": 7,
        "candidates_min": 7,
        "candidates_total": 1204,
        "families": {
          "code.defect_class": 172
        },
        "gold_is_noul": 172,
        "len_max": 396,
        "len_mean": 395.6,
        "len_min": 394,
        "n": 172,
        "n_total": 344,
        "pointer_abstaining": 43,
        "row_widths": [
          1
        ],
        "tokens": 68048
      }
    },
    "remap_check": {
      "detail": "/private/var/folders/wl/qc_0nnp91cd5kfy179krkjxr0000gn/T/pytest-of-bharath/pytest-468/rungd-corpus0/shards/train/remap.npz re-read and re-hashed; matches the header. tokenizer_hash=tokhash-shuffled\u2026",
      "n": 256,
      "n_total": 256,
      "passed": true,
      "state": "ran",
      "value": "7aa0d64186acd624d5791460205f63855352fa4c589266b986e35fdfd90ee7df"
    },
    "root": "/private/var/folders/wl/qc_0nnp91cd5kfy179krkjxr0000gn/T/pytest-of-bharath/pytest-468/rungd-corpus0/shards/train",
    "sequences": 344,
    "span_check": {
      "reason": "write_shards was called without decode=, so the 172 span sequence(s) here had their gold and candidate positions checked only against the offset mapping they were derived from. That circle is GAP-S4-GOLD-ON-CANDIDATE-CANNOT-CATCH-LINE-SHIFT: a mapping that is consistently wrong moves gold and candidates together and every other check stays green. Supplying decode= is what GAP-SPAN-HEAD-LINE-MAPPING-BPE-UNVERIFIED asks for.",
      "state": "not_run"
    },
    "tokens": 143148,
    "vocab_size": 256
  },
  "letter_ids": {
    "A": 65,
    "B": 66,
    "C": 67,
    "D": 68,
    "Z": 90
  },
  "probes": [
    {
      "bucket": 0,
      "device": "cpu",
      "ok": true,
      "rows": 1,
      "wall_s": 0.0,
      "why": "stubbed in-process",
      "width": 394
    },
    {
      "bucket": 1,
      "device": "cpu",
      "ok": true,
      "rows": 1,
      "wall_s": 0.0,
      "why": "stubbed in-process",
      "width": 396
    },
    {
      "bucket": 2,
      "device": "cpu",
      "ok": true,
      "rows": 1,
      "wall_s": 0.0,
      "why": "stubbed in-process",
      "width": 435
    },
    {
      "bucket": 3,
      "device": "cpu",
      "ok": true,
      "rows": 1,
      "wall_s": 0.0,
      "why": "stubbed in-process",
      "width": 437
    }
  ],
  "torch": "2.12.1"
}

stand-in: 2 rows identical to e21066c's after dropping ['row_id', 'written_at', 'prev_row_hash', 'wall_clock_s'] and metrics ['code_that_ran']; recipe_hash e8d0d5be2a7f800a, a079159b81ff1ed4
______ test_every_tool_call_into_this_repository_binds_against_its_callee ______
----------------------------- Captured stdout call -----------------------------
tools/: 725 call site(s) bound, 11 unchecked
_____________ test_every_in_package_call_binds_against_its_callee ______________
----------------------------- Captured stdout call -----------------------------
packages: 844 call site(s) bound, 401 unchecked
=========================== short test summary info ============================
PASSED python/tests/test_real_ft_rungd_flags.py::test_rungd_schedule_is_the_recipes_formula_at_200_steps
PASSED python/tests/test_real_ft_rungd_flags.py::test_the_master_paths_eps_and_weight_decay_are_the_ones_f_ran
PASSED python/tests/test_real_ft_rungd_flags.py::test_with_every_new_flag_off_the_rows_are_the_base_commits[real-tiny]
PASSED python/tests/test_real_ft_rungd_flags.py::test_with_every_new_flag_off_the_rows_are_the_base_commits[stand-in]
PASSED python/tests/test_real_ft_rungd_flags.py::test_argparse_namespace_for_old_check_piece_flags_callers_is_untouched
PASSED python/tests/test_tool_call_sites.py::test_every_tool_call_into_this_repository_binds_against_its_callee
PASSED python/tests/test_tool_call_sites.py::test_the_scope_of_the_check_above_is_stated_rather_than_assumed
PASSED python/tests/test_tool_call_sites.py::test_every_in_package_call_binds_against_its_callee
PASSED python/tests/test_tool_call_sites.py::test_no_tool_prices_a_rented_machine_at_zero
PASSED python/tests/test_tool_call_sites.py::test_every_runner_records_which_sources_produced_its_row
PASSED python/tests/test_tool_call_sites.py::test_every_recorder_that_can_be_billed_wraps_the_work_it_records
PASSED python/tests/test_tool_call_sites.py::test_the_only_billed_work_outside_a_block_is_the_verdict_decode
PASSED python/tests/test_tool_call_sites.py::test_each_tool_keeps_the_spelling_its_existing_rows_were_written_under[calib_fit_row.py]
PASSED python/tests/test_tool_call_sites.py::test_each_tool_keeps_the_spelling_its_existing_rows_were_written_under[ft_toy_run.py]
PASSED python/tests/test_tool_call_sites.py::test_each_tool_keeps_the_spelling_its_existing_rows_were_written_under[gate_report_row.py]
PASSED python/tests/test_tool_call_sites.py::test_each_tool_keeps_the_spelling_its_existing_rows_were_written_under[margin_probe_row.py]
PASSED python/tests/test_tool_call_sites.py::test_each_tool_keeps_the_spelling_its_existing_rows_were_written_under[real_ft_run.py]
PASSED python/tests/test_tool_call_sites.py::test_each_tool_keeps_the_spelling_its_existing_rows_were_written_under[real_tokenizer_pipeline.py]
PASSED python/tests/test_tool_call_sites.py::test_each_tool_keeps_the_spelling_its_existing_rows_were_written_under[remap_parity_real.py]
PASSED python/tests/test_tool_call_sites.py::test_each_tool_keeps_the_spelling_its_existing_rows_were_written_under[rung0_linear_control.py]
PASSED python/tests/test_tool_call_sites.py::test_each_tool_keeps_the_spelling_its_existing_rows_were_written_under[rung0_real_run.py]
PASSED python/tests/test_tool_call_sites.py::test_each_tool_keeps_the_spelling_its_existing_rows_were_written_under[rung0_toy_run.py]
PASSED python/tests/test_tool_call_sites.py::test_the_two_spellings_really_do_disagree
FAILED python/tests/test_real_ft_rungd_flags.py::test_the_new_pieces_add_no_recipe_key_when_off
FAILED python/tests/test_real_ft_rungd_flags.py::test_each_new_piece_lands_in_the_recipe_under_a_mirrored_key_when_on
FAILED python/tests/test_real_ft_rungd_flags.py::test_an_unknown_train_dtype_is_refused_by_the_recipe
FAILED python/tests/test_real_ft_rungd_flags.py::test_a_max_steps_run_is_quick_for_a_truncated_schedule
FAILED python/tests/test_real_ft_rungd_flags.py::test_a_checkpoint_scored_later_from_a_max_steps_ft_row_is_quick
FAILED python/tests/test_real_ft_rungd_flags.py::test_a_malformed_max_steps_on_an_ft_row_is_refused_not_ignored[True]
FAILED python/tests/test_real_ft_rungd_flags.py::test_a_malformed_max_steps_on_an_ft_row_is_refused_not_ignored[200]
FAILED python/tests/test_real_ft_rungd_flags.py::test_a_malformed_max_steps_on_an_ft_row_is_refused_not_ignored[0]
FAILED python/tests/test_real_ft_rungd_flags.py::test_a_malformed_max_steps_on_an_ft_row_is_refused_not_ignored[-3]
FAILED python/tests/test_real_ft_rungd_flags.py::test_a_malformed_max_steps_on_an_ft_row_is_refused_not_ignored[2.0]
FAILED python/tests/test_real_ft_rungd_flags.py::test_a_rungd_flag_that_would_determine_nothing_is_refused_at_argv_time[flags0---max-steps must be at least 2]
FAILED python/tests/test_real_ft_rungd_flags.py::test_a_rungd_flag_that_would_determine_nothing_is_refused_at_argv_time[flags1---max-steps truncates the epoch arm]
FAILED python/tests/test_real_ft_rungd_flags.py::test_a_rungd_flag_that_would_determine_nothing_is_refused_at_argv_time[flags2-trains nothing]
FAILED python/tests/test_real_ft_rungd_flags.py::test_a_rungd_flag_that_would_determine_nothing_is_refused_at_argv_time[flags3---shuffled-label]
FAILED python/tests/test_real_ft_rungd_flags.py::test_a_rungd_flag_that_would_determine_nothing_is_refused_at_argv_time[flags4---train-dtype fp32 needs --real-backbone]
FAILED python/tests/test_real_ft_rungd_flags.py::test_a_rungd_flag_that_would_determine_nothing_is_refused_at_argv_time[flags5-no fp32 kernel]
FAILED python/tests/test_real_ft_rungd_flags.py::test_a_rungd_flag_that_would_determine_nothing_is_refused_at_argv_time[flags6---fused-adamw]
FAILED python/tests/test_real_ft_rungd_flags.py::test_a_rungd_flag_that_would_determine_nothing_is_refused_at_argv_time[flags7---span-head-init-manifest]
FAILED python/tests/test_real_ft_rungd_flags.py::test_a_rungd_flag_that_would_determine_nothing_is_refused_at_argv_time[flags8-without --span-head-init]
FAILED python/tests/test_real_ft_rungd_flags.py::test_a_rungd_flag_that_would_determine_nothing_is_refused_at_argv_time[flags9-needs --real-backbone]
FAILED python/tests/test_real_ft_rungd_flags.py::test_a_rungd_flag_that_would_determine_nothing_is_refused_at_argv_time[flags10-needs --real-backbone]
FAILED python/tests/test_real_ft_rungd_flags.py::test_max_steps_trains_the_first_n_batches_under_a_schedule_recomputed_at_n
FAILED python/tests/test_real_ft_rungd_flags.py::test_max_steps_at_or_past_the_epoch_is_not_a_truncation_and_is_refused
FAILED python/tests/test_real_ft_rungd_flags.py::test_the_fp32_adamw_check_reads_the_optimizers_own_groups
FAILED python/tests/test_real_ft_rungd_flags.py::test_train_dtype_fp32_trains_an_fp32_tower_on_plain_adamw
FAILED python/tests/test_real_ft_rungd_flags.py::test_train_dtype_fp32_refuses_an_optimizer_whose_groups_drift
FAILED python/tests/test_real_ft_rungd_flags.py::test_the_head_digest_is_the_checkpoints_own_formula
FAILED python/tests/test_real_ft_rungd_flags.py::test_the_tiny_h64_head_at_seed_0_is_the_tracked_fixtures
FAILED python/tests/test_real_ft_rungd_flags.py::test_the_digest_flag_records_the_init_digest_on_the_ft_row_only_when_on
FAILED python/tests/test_real_ft_rungd_flags.py::test_span_head_init_loads_the_file_into_the_head_the_optimizer_steps
FAILED python/tests/test_real_ft_rungd_flags.py::test_span_head_init_end_to_end_records_the_file_in_the_recipe
FAILED python/tests/test_real_ft_rungd_flags.py::test_a_span_head_init_that_does_not_match_its_manifest_is_refused[_flip_last_byte-None-sha256]
FAILED python/tests/test_real_ft_rungd_flags.py::test_a_span_head_init_that_does_not_match_its_manifest_is_refused[None-<lambda>-content digest]
FAILED python/tests/test_real_ft_rungd_flags.py::test_a_span_head_init_that_does_not_match_its_manifest_is_refused[None-<lambda>-sha256]
FAILED python/tests/test_real_ft_rungd_flags.py::test_a_span_head_init_that_does_not_match_its_manifest_is_refused[None-<lambda>-content_digest]
FAILED python/tests/test_real_ft_rungd_flags.py::test_a_span_head_init_that_does_not_match_its_manifest_is_refused[None-<lambda>-seed]
FAILED python/tests/test_real_ft_rungd_flags.py::test_a_file_whose_bytes_and_manifest_both_changed_still_fails_the_content_digest
FAILED python/tests/test_real_ft_rungd_flags.py::test_a_span_head_init_for_another_seed_is_refused_at_argv_time
FAILED python/tests/test_real_ft_rungd_flags.py::test_a_span_head_init_for_another_width_is_refused_by_name
FAILED python/tests/test_real_ft_rungd_flags.py::test_the_2b_head_at_seed_0_is_the_pre_registered_h2048_fixture
FAILED python/tests/test_tool_call_sites.py::test_every_tool_that_hashes_a_recipe_is_found_by_this_check
41 failed, 23 passed, 2 warnings in 127.20s (0:02:07)
<sys>:0: DeprecationWarning: builtin type swigvarlink has no __module__ attribute
