== idle-queue waiter dry run, lane L-waiters, written 2026-10-02T03:29:02Z
== podman 6.1.2, machine podman-machine-default; image docker.io/library/python:3.11-trixie
   (b73116cf1823 arm64), --network none --pull never, one bind mount (the sim dir)
== harness (throwaway, not committed): run_all.sh, overlay_test.sh, succ_smoke.sh, order_check.py, killer.py, fakes/
   real in the container: bash, the scripts under test, the aarch64 binaries (runga bb3276e7, the 11 device tests,
   qd-post-f-rules cadbdc74, qd-post-f-rules-succ be020297, qd-prep-m1 9ccaf5aa, a rung0 build 52e522ed), sha256sum,
   timeout, tee, nice, util-linux flock, git (overlay_test only). Faked: python (slow, records argv), flock (0.3 s
   then the real one), sleep (0.2 s polls), git (lane checks by dir), the successor word where a scenario says so.

== results
PASS chain_fires_j6f_kill: every marker .done within 180 s
PASS chain_fires_j6f_kill: fsucc.word is fires:j6f
PASS chain_fires_j6f_kill: F' trains without --lower-layers-n (J6(f)'s recipe)
PASS chain_fires_j6f_kill: F' trained 3 seeds (seed 1 killed -9)
PASS chain_fires_j6f_kill: seed 1 was killed -9 by the harness
PASS chain_fires_j6f_kill: seed 1's needle control NOT RUN (no ft row)
PASS chain_fires_j6f_kill: seeds 0 and 2 ran their needle control
PASS chain_fires_j6f_kill: fsucc released the lock and touched fsuccgpu.done
PASS chain_fires_j6f_kill: fsucc controls: seeds 0 and 2 run, seed 1 NOT RUN (no verdicts)
PASS chain_fires_j6f_kill: j5pp SKIPPED: F' ft rows incomplete
PASS chain_fires_j6f_kill: j6a DEFERRED on fires:j6f
PASS chain_fires_j6f_kill: j6ctl ran J6(d)-v4 then J6(f)-v4, letter + option
PASS chain_fires_j6f_kill: cudadev recorded runga + 11 device tests
PASS chain_fires_j6f_kill: runga refused (exit 2: no libcuda in the container)
PASS chain_fires_j6f_kill: every device test failed at runtime open (exit 101), recorded, chain went on
PASS chain_fires_j6f_kill: rungd ran T-bf16 then T-fp32
PASS chain_fires_j6f_kill: order
PASS chain_fires_j6f: every marker .done within 180 s
PASS chain_fires_j6f: F' trained 3 seeds of J6(f)'s recipe
PASS chain_fires_j6f: j5pp ran 3 shuffled-label seeds on J6(f)'s recipe (no --lower-layers-n)
PASS chain_fires_j6f: j6a DEFERRED on fires:j6f
PASS chain_fires_j6f: j6a also logs its UNSET pins
PASS chain_fires_j6f: order
PASS chain_fires_j6dv4: every marker .done within 180 s
PASS chain_fires_j6dv4: F' recipe has --lr 3e-5 --beta2 0.95 on all three seeds
PASS chain_fires_j6dv4: fsucc controls ran for 3 seeds (letter + option)
PASS chain_fires_j6dv4: j5pp ran 3 shuffled-label seeds
PASS chain_fires_j6dv4: j5pp recipe equals F' (--beta2 0.95)
PASS chain_fires_j6dv4: j5pp targets are eval-row's ids (real qd-post-f-rules eval-row)
PASS chain_fires_j6dv4: j6a DEFERRED on fires:j6dv4
PASS chain_fires_j6dv4: order
PASS chain_quiet: every marker .done within 180 s
PASS chain_quiet: fsucc quiet: no F'
PASS chain_quiet: no F' training call
PASS chain_quiet: j5pp SKIPPED on quiet
PASS chain_quiet: j6a deferred: pins UNSET (fail-closed), all four named
PASS chain_quiet: j6a made no call
PASS chain_quiet: order
PASS chain_refused_real: every marker .done within 180 s
PASS chain_refused_real: the REAL be020297 binary refused (exit 3) on F's seed-0-only ledger
PASS chain_refused_real: reasons logged from top-level refused (no detail: envelope did not resolve)
PASS chain_refused_real: never read as quiet
PASS chain_refused_real: j5pp SKIPPED on refused
PASS chain_refused_real: j6a DEFERRED on refused
PASS chain_refused_real: order
PASS succ_inconsistent_refused_0_json: fsucc .done
PASS succ_inconsistent_refused_0_json: stdout 'fsucc', exit 0, json -> refused
PASS succ_inconsistent_refused_0_json: no F' call
PASS succ_inconsistent_quiet_3_json: fsucc .done
PASS succ_inconsistent_quiet_3_json: stdout 'fsucc', exit 3, json -> refused
PASS succ_inconsistent_quiet_3_json: no F' call
PASS succ_inconsistent_fires_0_json: fsucc .done
PASS succ_inconsistent_fires_0_json: stdout 'fsucc', exit 0, json -> refused
PASS succ_inconsistent_fires_0_json: no F' call
PASS succ_inconsistent_quiet_2_json: fsucc .done
PASS succ_inconsistent_quiet_2_json: stdout 'fsucc', exit 2, json -> refused
PASS succ_inconsistent_quiet_2_json: no F' call
PASS succ_inconsistent_quiet_0_nojson: fsucc .done
PASS succ_inconsistent_quiet_0_nojson: stdout 'fsucc', exit 0, nojson -> refused
PASS succ_inconsistent_quiet_0_nojson: no F' call
PASS succ_inconsistent_refused_3_stringrb: fsucc .done
PASS succ_inconsistent_refused_3_stringrb: refused_because as a string is logged, not parsed
PASS succ_inconsistent_refused_3_stringrb: stdout 'fsucc', exit 3, stringrb -> refused
PASS succ_inconsistent_refused_3_stringrb: no F' call
PASS succ_inconsistent_fires-j6f_3_json: fsucc .done
PASS succ_inconsistent_fires-j6f_3_json: stdout 'fsucc', exit 3, json -> refused
PASS succ_inconsistent_fires-j6f_3_json: no F' call
PASS succ_inconsistent_garbage_0_json: fsucc .done
PASS succ_inconsistent_garbage_0_json: stdout 'fsucc', exit 0, json -> refused
PASS succ_inconsistent_garbage_0_json: no F' call
PASS succ_reasons_list: fsucc .done
PASS succ_reasons_list: each (c)/(b) reason logged from the list
PASS succ_reasons_list: cannot_clear logged
PASS succ_missing_arm_id: fsucc .done
PASS succ_missing_arm_id: refused without calling the checker
PASS succ_missing_arm_id: the checker was not called
PASS succ_missing_arm_id: word refused
PASS succ_twice: fsucc .done
PASS succ_twice: a second decision is refused
PASS succ_twice: the first word is kept
PASS succ_wrong_pin: fsucc .done
PASS succ_wrong_pin: an unpinned successor binary refuses
PASS succ_wrong_pin: word refused
PASS j6a_run: j6a .done
PASS j6a_run: the prelude ran once, on the training argv
PASS j6a_run: prelude argv == training argv (minus the tool)
PASS j6a_run: the prelude ended before training started
PASS j6a_run: J6(a) trained with --replay-weight 1.0 --replay-every 6 and --replay-partition
PASS j6a_run: J6(a) trained on build 2's root and replay dir
PASS j6a_run: J6(a) wrote to the pre-registered ledger
PASS j6a_run: J6(a) carries F's recipe (--lower-layers-n 8, --checkpoint-skip-layers 6)
PASS j6a_run: the v4 ablation ledger is not J6(a)'s
PASS j6a_run: prelude OK logged
PASS j6a_run: replay report: NOT MET line with the gap id
PASS j6a_run: replay report: the printed replay keys
PASS j6a_run: replay report: checkpoint loss_log first 20
PASS j6a_run: replay report: checkpoint loss_log last 20 ends at step 24
PASS j6a_run: replay report: checkpoint replay counters
PASS j6a_run: J6(a) needle control: build 2's root, --replay-partition, J6(a)'s ledger, no replay flags
PASS j6a_run: the needle control carries no --replay-weight
PASS j6a_run: the queue stops after j6a
PASS j6a_prelude_fail: j6a .done
PASS j6a_prelude_fail: prelude j6a: STOPPED
PASS j6a_prelude_fail: prelude j6a: no training call
PASS j6a_prelude_noline: j6a .done
PASS j6a_prelude_noline: prelude j6a: STOPPED
PASS j6a_prelude_noline: prelude j6a: no training call
PASS j6a_prelude_wrongatt: j6a .done
PASS j6a_prelude_wrongatt: prelude j6a: STOPPED
PASS j6a_prelude_wrongatt: prelude j6a: no training call
PASS j6a_unclean: j6a .done
PASS j6a_unclean: an unclean attestation defers J6(a)
PASS j6a_unclean: no J6(a) call, not even the prelude
PASS j6a_hits: j6a .done
PASS j6a_hits: clean:true with val hits defers J6(a)
PASS j6a_partial_check: j6a .done
PASS j6a_partial_check: replay_rows_checked < replay_rows_total defers J6(a)
PASS j6a_partial_check: the attestation's counts are logged
PASS j6a_pin_mismatch: j6a .done
PASS j6a_pin_mismatch: a changed attestation defers J6(a)
PASS j6a_prelude_pin: j6a .done
PASS j6a_prelude_pin: a changed prelude defers J6(a)
PASS j6a_prelude_pin: no call
PASS j6a_heldout: j6a .done
PASS j6a_heldout: a data dir with data/heldout defers J6(a) (rule 3)
PASS j6a_heldout: no call
PASS j6a_f_data: j6a .done
PASS j6a_f_data: F's own --out as J6(a)'s data defers J6(a)
PASS j6a_one_unset: j6a .done
PASS j6a_one_unset: one UNSET pin is named and defers J6(a)
PASS j6a_one_unset: no call
PASS j6a_kill_child: j6a .done after its training child is killed -9
PASS j6a_kill_child: the prelude ran and passed before the kill
PASS j6a_kill_child: the killed run left no ft row: needle control NOT RUN, exit 4 path
PASS j6a_kill_child: the replay report still ran and said the checkpoint was unreadable
PASS j6a_kill_child: no needle control call
PASS j6a_absent_word: j6a .done
PASS j6a_absent_word: no fsucc word defers J6(a)
PASS cudadev_pin_budget: cudadev .done
PASS cudadev_pin_budget: k0 with a wrong sha256 refused alone
PASS cudadev_pin_budget: k1 timed out at its own cap (8 s)
PASS cudadev_pin_budget: k8 timed out
PASS cudadev_pin_budget: the rest NOT RUN: budget
PASS cudadev_pin_budget: cudadev exits non-zero and still touches .done
PASS rungd_cap_kill: rungd .done
PASS rungd_cap_kill: T-bf16 ended by the outer backstop (exit 124)
PASS rungd_cap_kill: T-fp32 ran after T-bf16's cap
PASS rungd_cap_kill: T-fp32 killed -9, logged (exit 137)
PASS rungd_cap_kill: T-fp32 argv: no --train-attention-mask, no --checkpoint-skip-layers
PASS rungd_cap_kill: T-bf16 argv carries --checkpoint-skip-layers 6 and --train-attention-mask none
PASS rungd_dirty: rungd .done
PASS rungd_dirty: a dirty overlay refuses
PASS rungd_dirty: no arm ran
PASS rungd_symlink: rungd .done
PASS rungd_symlink: an overlay pool symlink that is not qd-lane8's refuses
PASS rungd_symlink: no arm ran
PASS rungd_rec_pin: rungd .done
PASS rungd_rec_pin: a changed fetch record refuses
PASS j6ctl_guard: j6ctl .done (first run)
PASS j6ctl_guard: J6(f)-v4 without verdicts: NOT RUN
PASS j6ctl_guard: J6(d)-v4 letter + option ran
PASS j6ctl_guard: j6ctl .done (second run)
PASS j6ctl_guard: a second letter control for J6(d)-v4 is refused
PASS j6ctl_guard: no second J6(d)-v4 control call
PASS mut_rungd_no_wait: ORDER BROKEN without rungd's wait
PASS mut_fsucc_no_j6ctl_wait: the mutation changed both wait lines
PASS mut_fsucc_no_j6ctl_wait: ORDER BROKEN without fsucc's j6ctl / F-controls wait
PASS succ_fctl_line_never_comes: fsucc .done although F's controls line never came
PASS succ_fctl_line_never_comes: refused after the bounded wait
PASS succ_fctl_line_never_comes: word refused
PASS succ_fctl_line_never_comes: the checker was not called
PASS mut_j5pp_no_wait: ORDER BROKEN or j5pp skipped for want of the word
== 172 PASS, 0 FAIL

== be020297 smoke on aarch64 (container)
container: aarch64, ldd (Debian GLIBC 2.41-12+deb13u4) 2.41
be02029779eca1510c75f24e22c23cf7d762f1d87bbbca08b238ff9aede5eb62  /sim/bin-real/qd-post-f-rules-succ
no args: exit 2 (stderr first line: The post-F queue's pre-registered decisions, read off ledger rows; refuses rather than defaults)
fires
seeds34 on J4's ledger: exit 0
refused
successor on F's seed-0 snapshot: exit 3
  decision: refused | detail present: False | refused: (b) row 11111111-1111-4111-8111-111111111111 appears 0 time(s) in /sim/fixtures/f-ledger-seed0-snapshot-2026-10-02T0113Z.jsonl, not once; room not decided: F's 

################ scenario chain_fires_j6dv4
-- substitutions in the test copies (the only differences from the committed scripts)
--- post-f/box_q_rung0.sh.orig	2026-10-02 03:25:38.219654516 +0000
+++ post-f/box_q_rung0.sh	2026-10-02 03:25:38.222675527 +0000
@@ -20,7 +20,7 @@
 BIN=bin/ojas-qwen35-cuda-rung0
 # sha256 of the file copied from the Mac at
 # /Users/bharath/qd-campaign/target-aarch64-linux-ojas-qwen35-cuda/aarch64-unknown-linux-gnu/release/rung0
-BIN_SHA256=04ab105afcbf315d97f439f18c0baf73c659fd8d880ad34547419aa5ac9224f7
+BIN_SHA256=52e522edc690da764a42db59d95d90f1ffe80dd8a748bbbdca1f5058eb7a3c4c
 NV=qd-venv/lib/python3.12/site-packages/nvidia
 say() { echo "=== $* ($(date -u +%Y-%m-%dT%H:%M:%SZ))"; }
 trap 'touch queue/rung0.done' EXIT
--- post-f/idle_common.sh.orig	2026-10-02 03:25:38.236654576 +0000
+++ post-f/idle_common.sh	2026-10-02 03:25:38.238654583 +0000
@@ -18,7 +18,7 @@
 # as is to a NEW path. bin/qd-post-f-rules and RULES_SHA256 (cadbdc74...) are not
 # touched; $RULES stays the binary for ft-rows / eval-row.
 RULES_SUCC=bin/qd-post-f-rules-succ
-RULES_SUCC_SHA256=be02029779eca1510c75f24e22c23cf7d762f1d87bbbca08b238ff9aede5eb62
+RULES_SUCC_SHA256=366a68e8730629112503fd668556d8b13db553b77fd2af670aa6e60cc53632fd
 
 # Decisions of this queue (new directory; post-F's $DEC is not written).
 IDLE_DEC=ledger/idle-decisions-2026-10-02
-- order check
ok    gpu calls rungd(1934) and rungd do not overlap
ok    gpu calls rungd(1957) and fsucc do not overlap
ok    gpu calls fsucc(2046) and fsucc do not overlap
ok    gpu calls fsucc(2064) and fsucc do not overlap
ok    gpu calls fsucc(2079) and fsucc do not overlap
ok    gpu calls fsucc(2099) and fsucc do not overlap
ok    gpu calls fsucc(2114) and fsucc do not overlap
ok    gpu calls fsucc(2132) and j5pp do not overlap
ok    gpu calls j5pp(2201) and j5pp do not overlap
ok    gpu calls j5pp(2217) and j5pp do not overlap
ok    cudadev starts after rung0.done
ok    rungd's first call after cudadev.done
ok    fsucc's first call after rungd.done
ok    fsucc's first call after j6ctl.done
ok    j6ctl's first call after j6f.done
ok    j6ctl's first call after j6dv4.done
ok    j5pp's first call after F''s last GPU call ended
ok    fsucc-ctl's first call after F''s last GPU call ended
ok    successor call after rungd.done
ok    successor call after j6ctl.done
ok    successor call after the F controls line
ok    F' training after the successor call
ok    rungd's last call ends before F' starts
n/a   j6a's first call after j5pp.done (not exercised in this scenario)
ORDER OK (23 held, 0 broken, 1 not exercised)
-- fsucc.word: fires:j6dv4
-- cudadev summary.tsv
name	file	sha256_pinned	status	exit	seconds	timeout_s	log
runga	/home/ubuntu/bin/ojas-qwen35-cuda-runga	bb3276e7a42ae3d0e20171ed78e0df537f2581d8f144d22b8b6c054a0814c805	fail	2	0	300	/home/ubuntu/ojas-cuda/cudadev-20261002T032540Z/runga.log
k0	/home/ubuntu/bin/ojas-cuda-device-k0	b10542091a32f9bf293d1cefd36d754221115f5ed88386c1b2e3f970fa9820a6	fail	101	0	150	/home/ubuntu/ojas-cuda/cudadev-20261002T032540Z/k0.log
k1	/home/ubuntu/bin/ojas-cuda-device-k1	9546b2df0da4334ab735673885b9812a9f02ca4021172b60fb4c1f6b9eaa93bd	fail	101	0	150	/home/ubuntu/ojas-cuda/cudadev-20261002T032540Z/k1.log
k8	/home/ubuntu/bin/ojas-cuda-device-k8	75f05d3a42c7964fc0143dc5149a02d37b2af04aaca3f7ea271cefcdb8074ff1	fail	101	0	150	/home/ubuntu/ojas-cuda/cudadev-20261002T032540Z/k8.log
k11	/home/ubuntu/bin/ojas-cuda-device-k11	bc65b3bca3c48f1814185fc74859e6c623cffceda5bf3f9736d9b8b82c72ad90	fail	101	0	150	/home/ubuntu/ojas-cuda/cudadev-20261002T032540Z/k11.log
k3_gates_published	/home/ubuntu/bin/ojas-cuda-device-k3-gates-published	fd4e1e2410b2b8ae11176aa0b3d3f75a469b48fb0c8a4387c7f17fe27819bfbb	fail	101	0	150	/home/ubuntu/ojas-cuda/cudadev-20261002T032540Z/k3_gates_published.log
k4_conv1d	/home/ubuntu/bin/ojas-cuda-device-k4-conv1d	eb12cb197f5d259a4b3bf79396f247f431c222461afbdb8191a763bf70e4b666	fail	101	0	150	/home/ubuntu/ojas-cuda/cudadev-20261002T032540Z/k4_conv1d.log
k6_qk_norm_rope	/home/ubuntu/bin/ojas-cuda-device-k6-qk-norm-rope	03a641f055494f8c68bb1f8eb320906fe892010e59fe3ac2375037f5498611fe	fail	101	0	150	/home/ubuntu/ojas-cuda/cudadev-20261002T032540Z/k6_qk_norm_rope.log
k7_rmsnorm	/home/ubuntu/bin/ojas-cuda-device-k7-rmsnorm	c56c71146f7af183c3af1a3252e51818705d1a61e24d0eef7cdfc3440bd095e2	fail	101	0	150	/home/ubuntu/ojas-cuda/cudadev-20261002T032540Z/k7_rmsnorm.log
k9_embed	/home/ubuntu/bin/ojas-cuda-device-k9-embed	363a21f68eefd664cf72bb8af6ce78be8a43b4fa99ff0ad4d9b0f4d1053f6d8b	fail	101	0	150	/home/ubuntu/ojas-cuda/cudadev-20261002T032540Z/k9_embed.log
k10_ce_rows	/home/ubuntu/bin/ojas-cuda-device-k10-ce-rows	54c8755464b913adb407c74c52ebfb6d421da0e39e844af34cba61950a5c707e	fail	101	0	150	/home/ubuntu/ojas-cuda/cudadev-20261002T032540Z/k10_ce_rows.log
gdn_published	/home/ubuntu/bin/ojas-cuda-device-gdn-published	97034105198442010a12661228442197a9d20a3eb7685480e239daebdb8f4f28	fail	101	0	600	/home/ubuntu/ojas-cuda/cudadev-20261002T032540Z/gdn_published.log
-- q-cudadev.log ('===' lines and the fsucc reason lines)
=== cudadev start, out /home/ubuntu/ojas-cuda/cudadev-20261002T032540Z, total cap 1500s (deadline 03:50:40Z) (2026-10-02T03:25:40Z)
=== runga (timeout 300s) -> /home/ubuntu/ojas-cuda/cudadev-20261002T032540Z/runga/runga-report.json (2026-10-02T03:25:40Z)
=== runga exit 2 (fail) in 0s; tail of /home/ubuntu/ojas-cuda/cudadev-20261002T032540Z/runga.log: (2026-10-02T03:25:40Z)
=== k0 (timeout 150s) (2026-10-02T03:25:40Z)
=== k0 exit 101 (fail) in 0s; tail of /home/ubuntu/ojas-cuda/cudadev-20261002T032540Z/k0.log: (2026-10-02T03:25:40Z)
=== k1 (timeout 150s) (2026-10-02T03:25:40Z)
=== k1 exit 101 (fail) in 0s; tail of /home/ubuntu/ojas-cuda/cudadev-20261002T032540Z/k1.log: (2026-10-02T03:25:40Z)
=== k8 (timeout 150s) (2026-10-02T03:25:40Z)
=== k8 exit 101 (fail) in 0s; tail of /home/ubuntu/ojas-cuda/cudadev-20261002T032540Z/k8.log: (2026-10-02T03:25:40Z)
=== k11 (timeout 150s) (2026-10-02T03:25:40Z)
=== k11 exit 101 (fail) in 0s; tail of /home/ubuntu/ojas-cuda/cudadev-20261002T032540Z/k11.log: (2026-10-02T03:25:40Z)
=== k3_gates_published (timeout 150s) (2026-10-02T03:25:40Z)
=== k3_gates_published exit 101 (fail) in 0s; tail of /home/ubuntu/ojas-cuda/cudadev-20261002T032540Z/k3_gates_published.log: (2026-10-02T03:25:40Z)
=== k4_conv1d (timeout 150s) (2026-10-02T03:25:40Z)
=== k4_conv1d exit 101 (fail) in 0s; tail of /home/ubuntu/ojas-cuda/cudadev-20261002T032540Z/k4_conv1d.log: (2026-10-02T03:25:40Z)
=== k6_qk_norm_rope (timeout 150s) (2026-10-02T03:25:40Z)
=== k6_qk_norm_rope exit 101 (fail) in 0s; tail of /home/ubuntu/ojas-cuda/cudadev-20261002T032540Z/k6_qk_norm_rope.log: (2026-10-02T03:25:40Z)
=== k7_rmsnorm (timeout 150s) (2026-10-02T03:25:40Z)
=== k7_rmsnorm exit 101 (fail) in 0s; tail of /home/ubuntu/ojas-cuda/cudadev-20261002T032540Z/k7_rmsnorm.log: (2026-10-02T03:25:40Z)
=== k9_embed (timeout 150s) (2026-10-02T03:25:40Z)
=== k9_embed exit 101 (fail) in 0s; tail of /home/ubuntu/ojas-cuda/cudadev-20261002T032540Z/k9_embed.log: (2026-10-02T03:25:40Z)
=== k10_ce_rows (timeout 150s) (2026-10-02T03:25:40Z)
=== k10_ce_rows exit 101 (fail) in 0s; tail of /home/ubuntu/ojas-cuda/cudadev-20261002T032540Z/k10_ce_rows.log: (2026-10-02T03:25:40Z)
=== gdn_published (timeout 600s) (2026-10-02T03:25:40Z)
=== gdn_published exit 101 (fail) in 0s; tail of /home/ubuntu/ojas-cuda/cudadev-20261002T032540Z/gdn_published.log: (2026-10-02T03:25:40Z)
=== cudadev done in 0s; summary /home/ubuntu/ojas-cuda/cudadev-20261002T032540Z/summary.tsv (runga exit: 0 pass, 1 a check failed, 2 refused, 3 binary cap; tests: 0 pass, 101 a test failed; 124 timeout; 137 killed, by timeout's --kill-after or from outside) (2026-10-02T03:25:40Z)
-- q-fcontrols.log ('===' lines and the fsucc reason lines)
=== F seed 2 option control done (exit 0), 12:00
=== F controls all done
-- q-fsucc.log ('===' lines and the fsucc reason lines)
=== fsucc: successor on F ft rows 973cd4e3-e0d2-4ff8-8588-b761cb842b75 11111111-1111-4111-8111-111111111111 22222222-2222-4222-8222-222222222222, J6(f)-v4 aaaaaaaa-aaaa-4aaa-8aaa-aaaaaaaaaaaa, J6(d)-v4 dddddddd-dddd-4ddd-8ddd-dddddddddddd (03:25:41)
fsucc cannot_clear: []
=== fsucc: successor word 'fires:j6dv4' (JSON /home/ubuntu/ledger/idle-decisions-2026-10-02/fsucc-successor-20261002T032541780759877.json; word in /home/ubuntu/queue/fsucc.word) (03:25:42)
=== fsucc: F' on j6dv4 at a502670: --optimizer master --lr 3e-5 --beta2 0.95 --epoch --no-memorise --batch-tokens 35403 --lower-layers-n 8 --lower-layers-lr-scale 0.1 --checkpoint-skip-layers 6 -> /home/ubuntu/ledger/gh200-fsucc-j6dv4-2026-10-02.jsonl (03:25:42)
=== F' seed 0 train+score done (exit 0) (03:25:42)
=== F' seed 0 needle control done (exit 0) (03:25:43)
=== F' seed 1 train+score done (exit 0) (03:25:44)
=== F' seed 1 needle control done (exit 0) (03:25:44)
=== F' seed 2 train+score done (exit 0) (03:25:45)
=== F' seed 2 needle control done (exit 0) (03:25:45)
=== fsucc: F' GPU part done; gpu.lock released; fsuccgpu.done touched (j5pp may start) (03:25:45)
=== F' (j6dv4) seed 0 letter control at 3460afc -> /home/ubuntu/ledger/gh200-fsucc-j6dv4-2026-10-02.jsonl (03:25:45)
=== F' (j6dv4) seed 0 letter control done (exit 3; 3 with a row written is F seed 0's c89b89a1 case) (03:25:46)
=== F' (j6dv4) seed 0 option control done (exit 0) (03:25:46)
=== F' (j6dv4) seed 1 letter control at 3460afc -> /home/ubuntu/ledger/gh200-fsucc-j6dv4-2026-10-02.jsonl (03:25:46)
=== F' (j6dv4) seed 1 letter control done (exit 3; 3 with a row written is F seed 0's c89b89a1 case) (03:25:47)
=== F' (j6dv4) seed 1 option control done (exit 0) (03:25:47)
=== F' (j6dv4) seed 2 letter control at 3460afc -> /home/ubuntu/ledger/gh200-fsucc-j6dv4-2026-10-02.jsonl (03:25:47)
=== F' (j6dv4) seed 2 letter control done (exit 3; 3 with a row written is F seed 0's c89b89a1 case) (03:25:48)
=== F' (j6dv4) seed 2 option control done (exit 0) (03:25:48)
=== fsucc all done (03:25:48)
-- q-j5pp.log ('===' lines and the fsucc reason lines)
=== j5pp (J5'' on F' j6dv4) at a502670: --optimizer master --lr 3e-5 --beta2 0.95 --epoch --no-memorise --batch-tokens 35403 --lower-layers-n 8 --lower-layers-lr-scale 0.1 --checkpoint-skip-layers 6 -> /home/ubuntu/ledger/gh200-fsucc-j6dv4-2026-10-02.jsonl (03:25:46)
=== J5'' seed 0 -> eval row 49f860bd-bbdb-4960-994b-7bf99c0db754 (ft row 1d5b4c80-c3a0-4883-b440-37b21fe90085) (03:25:46)
=== J5'' seed 0 done (exit 0) (03:25:46)
=== J5'' seed 1 -> eval row 4efb12a5-af2e-48c7-b31c-77d9ec7cfd81 (ft row 4baf2710-2cb5-49f4-bf29-65c7e5e77f00) (03:25:46)
=== J5'' seed 1 done (exit 0) (03:25:47)
=== J5'' seed 2 -> eval row af755817-b7c6-429d-a652-66247d0f8004 (ft row 2764cd81-2843-4562-b969-8b6569fc4b4e) (03:25:47)
=== J5'' seed 2 done (exit 0) (03:25:47)
=== j5pp all done (03:25:47)
-- q-j6a.log ('===' lines and the fsucc reason lines)
=== j6a DEFERRED to the re-plan: fsucc's word is 'fires:j6dv4', not quiet (Fable Q2: j6a runs only if fsucc was quiet) (03:25:47)
=== j6a: also deferred: pins UNSET: J6A_DATA REPLAY_DIR ATTESTATION ATTESTATION_SHA256 (03:25:47)
-- q-j6ctl.log ('===' lines and the fsucc reason lines)
=== j6ctl at 3460afc: J6(d)-v4 first (successor reads it), then J6(f)-v4 (03:25:39)
=== J6(d)-v4 letter control at 3460afc -> /home/ubuntu/ledger/gh200-j6-v4-ablations-2026-10-01.jsonl (03:25:39)
=== J6(d)-v4 letter control done (exit 3; 3 with a row written is F seed 0's c89b89a1 case) (03:25:39)
=== J6(d)-v4 option control done (exit 0) (03:25:40)
=== J6(f)-v4 letter control at 3460afc -> /home/ubuntu/ledger/gh200-j6-v4-ablations-2026-10-01.jsonl (03:25:40)
=== J6(f)-v4 letter control done (exit 3; 3 with a row written is F seed 0's c89b89a1 case) (03:25:40)
=== J6(f)-v4 option control done (exit 0) (03:25:41)
=== j6ctl all done (03:25:41)
-- q-rung0.log ('===' lines and the fsucc reason lines)
=== rung0 start, out /home/ubuntu/ojas-cuda/rung0-20261002T032539Z (2026-10-02T03:25:39Z)
=== rung0 done (exit 2; 0 all passed, 1 a check failed, 2 refused, 3 binary cap, 124 outer timeout) (2026-10-02T03:25:39Z)
-- q-rungd.log ('===' lines and the fsucc reason lines)
=== rungd at 01b6db2fbaba1d149bb585940e6436308acfa4a5: T-bf16 (cap 3600s), then T-fp32 (cap 10800s) -> /home/ubuntu/ledger/gh200-rungd-torch-2026-10-02.jsonl (03:25:40)
=== T-bf16 done (exit 0; 1 with the ft row written is the epoch arm's letter-loss claim, 124 the outer backstop); ft row: 5926c66f-d209-4a61-bb42-2fc55ad755ff (03:25:41)
=== T-fp32 done (exit 0); ft row: 8927221e-0173-4685-97d2-4e35a3e763dc (03:25:41)
=== rungd all done (03:25:41)
-- queue markers: cudadev.done cudadev.queued cudadev.started f.ckpt-skip fsucc-s0.letter.started fsucc-s1.letter.started fsucc-s2.letter.started fsucc.done fsucc.queued fsucc.started fsucc.word fsuccgpu.done gpu.lock j5pp.done j5pp.queued j5pp.started j6a.done j6a.queued j6ctl-j6dv4.letter.started j6ctl-j6f.letter.started j6ctl.done j6ctl.queued j6ctl.started j6dv4.done j6f.done rung0.done rung0.queued rung0.started rungd.done rungd.queued rungd.started 

################ scenario chain_fires_j6f
-- substitutions in the test copies (the only differences from the committed scripts)
--- post-f/box_q_rung0.sh.orig	2026-10-02 03:25:27.060614868 +0000
+++ post-f/box_q_rung0.sh	2026-10-02 03:25:27.064453549 +0000
@@ -20,7 +20,7 @@
 BIN=bin/ojas-qwen35-cuda-rung0
 # sha256 of the file copied from the Mac at
 # /Users/bharath/qd-campaign/target-aarch64-linux-ojas-qwen35-cuda/aarch64-unknown-linux-gnu/release/rung0
-BIN_SHA256=04ab105afcbf315d97f439f18c0baf73c659fd8d880ad34547419aa5ac9224f7
+BIN_SHA256=52e522edc690da764a42db59d95d90f1ffe80dd8a748bbbdca1f5058eb7a3c4c
 NV=qd-venv/lib/python3.12/site-packages/nvidia
 say() { echo "=== $* ($(date -u +%Y-%m-%dT%H:%M:%SZ))"; }
 trap 'touch queue/rung0.done' EXIT
--- post-f/idle_common.sh.orig	2026-10-02 03:25:27.075614922 +0000
+++ post-f/idle_common.sh	2026-10-02 03:25:27.078436473 +0000
@@ -18,7 +18,7 @@
 # as is to a NEW path. bin/qd-post-f-rules and RULES_SHA256 (cadbdc74...) are not
 # touched; $RULES stays the binary for ft-rows / eval-row.
 RULES_SUCC=bin/qd-post-f-rules-succ
-RULES_SUCC_SHA256=be02029779eca1510c75f24e22c23cf7d762f1d87bbbca08b238ff9aede5eb62
+RULES_SUCC_SHA256=366a68e8730629112503fd668556d8b13db553b77fd2af670aa6e60cc53632fd
 
 # Decisions of this queue (new directory; post-F's $DEC is not written).
 IDLE_DEC=ledger/idle-decisions-2026-10-02
-- order check
ok    gpu calls rungd(1149) and rungd do not overlap
ok    gpu calls rungd(1174) and fsucc do not overlap
ok    gpu calls fsucc(1265) and fsucc do not overlap
ok    gpu calls fsucc(1285) and fsucc do not overlap
ok    gpu calls fsucc(1300) and fsucc do not overlap
ok    gpu calls fsucc(1318) and fsucc do not overlap
ok    gpu calls fsucc(1333) and fsucc do not overlap
ok    gpu calls fsucc(1351) and j5pp do not overlap
ok    gpu calls j5pp(1422) and j5pp do not overlap
ok    gpu calls j5pp(1438) and j5pp do not overlap
ok    cudadev starts after rung0.done
ok    rungd's first call after cudadev.done
ok    fsucc's first call after rungd.done
ok    fsucc's first call after j6ctl.done
ok    j6ctl's first call after j6f.done
ok    j6ctl's first call after j6dv4.done
ok    j5pp's first call after F''s last GPU call ended
ok    fsucc-ctl's first call after F''s last GPU call ended
ok    successor call after rungd.done
ok    successor call after j6ctl.done
ok    successor call after the F controls line
ok    F' training after the successor call
ok    rungd's last call ends before F' starts
n/a   j6a's first call after j5pp.done (not exercised in this scenario)
ORDER OK (23 held, 0 broken, 1 not exercised)
-- fsucc.word: fires:j6f
-- cudadev summary.tsv
name	file	sha256_pinned	status	exit	seconds	timeout_s	log
runga	/home/ubuntu/bin/ojas-qwen35-cuda-runga	bb3276e7a42ae3d0e20171ed78e0df537f2581d8f144d22b8b6c054a0814c805	fail	2	0	300	/home/ubuntu/ojas-cuda/cudadev-20261002T032528Z/runga.log
k0	/home/ubuntu/bin/ojas-cuda-device-k0	b10542091a32f9bf293d1cefd36d754221115f5ed88386c1b2e3f970fa9820a6	fail	101	0	150	/home/ubuntu/ojas-cuda/cudadev-20261002T032528Z/k0.log
k1	/home/ubuntu/bin/ojas-cuda-device-k1	9546b2df0da4334ab735673885b9812a9f02ca4021172b60fb4c1f6b9eaa93bd	fail	101	0	150	/home/ubuntu/ojas-cuda/cudadev-20261002T032528Z/k1.log
k8	/home/ubuntu/bin/ojas-cuda-device-k8	75f05d3a42c7964fc0143dc5149a02d37b2af04aaca3f7ea271cefcdb8074ff1	fail	101	0	150	/home/ubuntu/ojas-cuda/cudadev-20261002T032528Z/k8.log
k11	/home/ubuntu/bin/ojas-cuda-device-k11	bc65b3bca3c48f1814185fc74859e6c623cffceda5bf3f9736d9b8b82c72ad90	fail	101	0	150	/home/ubuntu/ojas-cuda/cudadev-20261002T032528Z/k11.log
k3_gates_published	/home/ubuntu/bin/ojas-cuda-device-k3-gates-published	fd4e1e2410b2b8ae11176aa0b3d3f75a469b48fb0c8a4387c7f17fe27819bfbb	fail	101	0	150	/home/ubuntu/ojas-cuda/cudadev-20261002T032528Z/k3_gates_published.log
k4_conv1d	/home/ubuntu/bin/ojas-cuda-device-k4-conv1d	eb12cb197f5d259a4b3bf79396f247f431c222461afbdb8191a763bf70e4b666	fail	101	0	150	/home/ubuntu/ojas-cuda/cudadev-20261002T032528Z/k4_conv1d.log
k6_qk_norm_rope	/home/ubuntu/bin/ojas-cuda-device-k6-qk-norm-rope	03a641f055494f8c68bb1f8eb320906fe892010e59fe3ac2375037f5498611fe	fail	101	0	150	/home/ubuntu/ojas-cuda/cudadev-20261002T032528Z/k6_qk_norm_rope.log
k7_rmsnorm	/home/ubuntu/bin/ojas-cuda-device-k7-rmsnorm	c56c71146f7af183c3af1a3252e51818705d1a61e24d0eef7cdfc3440bd095e2	fail	101	1	150	/home/ubuntu/ojas-cuda/cudadev-20261002T032528Z/k7_rmsnorm.log
k9_embed	/home/ubuntu/bin/ojas-cuda-device-k9-embed	363a21f68eefd664cf72bb8af6ce78be8a43b4fa99ff0ad4d9b0f4d1053f6d8b	fail	101	0	150	/home/ubuntu/ojas-cuda/cudadev-20261002T032528Z/k9_embed.log
k10_ce_rows	/home/ubuntu/bin/ojas-cuda-device-k10-ce-rows	54c8755464b913adb407c74c52ebfb6d421da0e39e844af34cba61950a5c707e	fail	101	0	150	/home/ubuntu/ojas-cuda/cudadev-20261002T032528Z/k10_ce_rows.log
gdn_published	/home/ubuntu/bin/ojas-cuda-device-gdn-published	97034105198442010a12661228442197a9d20a3eb7685480e239daebdb8f4f28	fail	101	0	600	/home/ubuntu/ojas-cuda/cudadev-20261002T032528Z/gdn_published.log
-- q-cudadev.log ('===' lines and the fsucc reason lines)
=== cudadev start, out /home/ubuntu/ojas-cuda/cudadev-20261002T032528Z, total cap 1500s (deadline 03:50:28Z) (2026-10-02T03:25:28Z)
=== runga (timeout 300s) -> /home/ubuntu/ojas-cuda/cudadev-20261002T032528Z/runga/runga-report.json (2026-10-02T03:25:28Z)
=== runga exit 2 (fail) in 0s; tail of /home/ubuntu/ojas-cuda/cudadev-20261002T032528Z/runga.log: (2026-10-02T03:25:28Z)
=== k0 (timeout 150s) (2026-10-02T03:25:28Z)
=== k0 exit 101 (fail) in 0s; tail of /home/ubuntu/ojas-cuda/cudadev-20261002T032528Z/k0.log: (2026-10-02T03:25:28Z)
=== k1 (timeout 150s) (2026-10-02T03:25:28Z)
=== k1 exit 101 (fail) in 0s; tail of /home/ubuntu/ojas-cuda/cudadev-20261002T032528Z/k1.log: (2026-10-02T03:25:28Z)
=== k8 (timeout 150s) (2026-10-02T03:25:28Z)
=== k8 exit 101 (fail) in 0s; tail of /home/ubuntu/ojas-cuda/cudadev-20261002T032528Z/k8.log: (2026-10-02T03:25:28Z)
=== k11 (timeout 150s) (2026-10-02T03:25:28Z)
=== k11 exit 101 (fail) in 0s; tail of /home/ubuntu/ojas-cuda/cudadev-20261002T032528Z/k11.log: (2026-10-02T03:25:28Z)
=== k3_gates_published (timeout 150s) (2026-10-02T03:25:28Z)
=== k3_gates_published exit 101 (fail) in 0s; tail of /home/ubuntu/ojas-cuda/cudadev-20261002T032528Z/k3_gates_published.log: (2026-10-02T03:25:28Z)
=== k4_conv1d (timeout 150s) (2026-10-02T03:25:28Z)
=== k4_conv1d exit 101 (fail) in 0s; tail of /home/ubuntu/ojas-cuda/cudadev-20261002T032528Z/k4_conv1d.log: (2026-10-02T03:25:28Z)
=== k6_qk_norm_rope (timeout 150s) (2026-10-02T03:25:28Z)
=== k6_qk_norm_rope exit 101 (fail) in 0s; tail of /home/ubuntu/ojas-cuda/cudadev-20261002T032528Z/k6_qk_norm_rope.log: (2026-10-02T03:25:28Z)
=== k7_rmsnorm (timeout 150s) (2026-10-02T03:25:29Z)
=== k7_rmsnorm exit 101 (fail) in 1s; tail of /home/ubuntu/ojas-cuda/cudadev-20261002T032528Z/k7_rmsnorm.log: (2026-10-02T03:25:29Z)
=== k9_embed (timeout 150s) (2026-10-02T03:25:29Z)
=== k9_embed exit 101 (fail) in 0s; tail of /home/ubuntu/ojas-cuda/cudadev-20261002T032528Z/k9_embed.log: (2026-10-02T03:25:29Z)
=== k10_ce_rows (timeout 150s) (2026-10-02T03:25:29Z)
=== k10_ce_rows exit 101 (fail) in 0s; tail of /home/ubuntu/ojas-cuda/cudadev-20261002T032528Z/k10_ce_rows.log: (2026-10-02T03:25:29Z)
=== gdn_published (timeout 600s) (2026-10-02T03:25:29Z)
=== gdn_published exit 101 (fail) in 0s; tail of /home/ubuntu/ojas-cuda/cudadev-20261002T032528Z/gdn_published.log: (2026-10-02T03:25:29Z)
=== cudadev done in 1s; summary /home/ubuntu/ojas-cuda/cudadev-20261002T032528Z/summary.tsv (runga exit: 0 pass, 1 a check failed, 2 refused, 3 binary cap; tests: 0 pass, 101 a test failed; 124 timeout; 137 killed, by timeout's --kill-after or from outside) (2026-10-02T03:25:29Z)
-- q-fcontrols.log ('===' lines and the fsucc reason lines)
=== F seed 2 option control done (exit 0), 12:00
=== F controls all done
-- q-fsucc.log ('===' lines and the fsucc reason lines)
=== fsucc: successor on F ft rows 973cd4e3-e0d2-4ff8-8588-b761cb842b75 11111111-1111-4111-8111-111111111111 22222222-2222-4222-8222-222222222222, J6(f)-v4 aaaaaaaa-aaaa-4aaa-8aaa-aaaaaaaaaaaa, J6(d)-v4 dddddddd-dddd-4ddd-8ddd-dddddddddddd (03:25:30)
fsucc cannot_clear: []
=== fsucc: successor word 'fires:j6f' (JSON /home/ubuntu/ledger/idle-decisions-2026-10-02/fsucc-successor-20261002T032530661849955.json; word in /home/ubuntu/queue/fsucc.word) (03:25:31)
=== fsucc: F' on j6f at a502670: --optimizer master --lr 1e-5 --epoch --no-memorise --batch-tokens 35403 --checkpoint-skip-layers 6 -> /home/ubuntu/ledger/gh200-fsucc-j6f-2026-10-02.jsonl (03:25:31)
=== F' seed 0 train+score done (exit 0) (03:25:32)
=== F' seed 0 needle control done (exit 0) (03:25:32)
=== F' seed 1 train+score done (exit 0) (03:25:33)
=== F' seed 1 needle control done (exit 0) (03:25:33)
=== F' seed 2 train+score done (exit 0) (03:25:34)
=== F' seed 2 needle control done (exit 0) (03:25:34)
=== fsucc: F' GPU part done; gpu.lock released; fsuccgpu.done touched (j5pp may start) (03:25:34)
=== F' (j6f) seed 0 letter control at 3460afc -> /home/ubuntu/ledger/gh200-fsucc-j6f-2026-10-02.jsonl (03:25:34)
=== F' (j6f) seed 0 letter control done (exit 3; 3 with a row written is F seed 0's c89b89a1 case) (03:25:35)
=== F' (j6f) seed 0 option control done (exit 0) (03:25:35)
=== F' (j6f) seed 1 letter control at 3460afc -> /home/ubuntu/ledger/gh200-fsucc-j6f-2026-10-02.jsonl (03:25:35)
=== F' (j6f) seed 1 letter control done (exit 3; 3 with a row written is F seed 0's c89b89a1 case) (03:25:36)
=== F' (j6f) seed 1 option control done (exit 0) (03:25:36)
=== F' (j6f) seed 2 letter control at 3460afc -> /home/ubuntu/ledger/gh200-fsucc-j6f-2026-10-02.jsonl (03:25:36)
=== F' (j6f) seed 2 letter control done (exit 3; 3 with a row written is F seed 0's c89b89a1 case) (03:25:37)
=== F' (j6f) seed 2 option control done (exit 0) (03:25:37)
=== fsucc all done (03:25:37)
-- q-j5pp.log ('===' lines and the fsucc reason lines)
=== j5pp (J5'' on F' j6f) at a502670: --optimizer master --lr 1e-5 --epoch --no-memorise --batch-tokens 35403 --checkpoint-skip-layers 6 -> /home/ubuntu/ledger/gh200-fsucc-j6f-2026-10-02.jsonl (03:25:35)
=== J5'' seed 0 -> eval row 6463e0f7-d91f-4677-94ea-6bd0e572e9b0 (ft row ef3f4623-4c96-40e9-a6b4-81517b06d993) (03:25:35)
=== J5'' seed 0 done (exit 0) (03:25:35)
=== J5'' seed 1 -> eval row 8e3dca1d-59ea-4a51-b1b0-8a9b7e0e6d62 (ft row 992b2f5b-1a2a-49e9-bc84-4ced7c37254e) (03:25:35)
=== J5'' seed 1 done (exit 0) (03:25:36)
=== J5'' seed 2 -> eval row 7288efe2-9c07-4a69-8494-f076a5fdc54b (ft row d3971258-6edf-4c45-9990-0c55165d6a6a) (03:25:36)
=== J5'' seed 2 done (exit 0) (03:25:36)
=== j5pp all done (03:25:36)
-- q-j6a.log ('===' lines and the fsucc reason lines)
=== j6a DEFERRED to the re-plan: fsucc's word is 'fires:j6f', not quiet (Fable Q2: j6a runs only if fsucc was quiet) (03:25:36)
=== j6a: also deferred: pins UNSET: J6A_DATA REPLAY_DIR ATTESTATION ATTESTATION_SHA256 (03:25:36)
-- q-j6ctl.log ('===' lines and the fsucc reason lines)
=== j6ctl at 3460afc: J6(d)-v4 first (successor reads it), then J6(f)-v4 (03:25:28)
=== J6(d)-v4 letter control at 3460afc -> /home/ubuntu/ledger/gh200-j6-v4-ablations-2026-10-01.jsonl (03:25:28)
=== J6(d)-v4 letter control done (exit 3; 3 with a row written is F seed 0's c89b89a1 case) (03:25:28)
=== J6(d)-v4 option control done (exit 0) (03:25:29)
=== J6(f)-v4 letter control at 3460afc -> /home/ubuntu/ledger/gh200-j6-v4-ablations-2026-10-01.jsonl (03:25:29)
=== J6(f)-v4 letter control done (exit 3; 3 with a row written is F seed 0's c89b89a1 case) (03:25:29)
=== J6(f)-v4 option control done (exit 0) (03:25:30)
=== j6ctl all done (03:25:30)
-- q-rung0.log ('===' lines and the fsucc reason lines)
=== rung0 start, out /home/ubuntu/ojas-cuda/rung0-20261002T032528Z (2026-10-02T03:25:28Z)
=== rung0 done (exit 2; 0 all passed, 1 a check failed, 2 refused, 3 binary cap, 124 outer timeout) (2026-10-02T03:25:28Z)
-- q-rungd.log ('===' lines and the fsucc reason lines)
=== rungd at 01b6db2fbaba1d149bb585940e6436308acfa4a5: T-bf16 (cap 3600s), then T-fp32 (cap 10800s) -> /home/ubuntu/ledger/gh200-rungd-torch-2026-10-02.jsonl (03:25:29)
=== T-bf16 done (exit 0; 1 with the ft row written is the epoch arm's letter-loss claim, 124 the outer backstop); ft row: e55e8555-13c8-4eba-ba9f-27738c3d1686 (03:25:30)
=== T-fp32 done (exit 0); ft row: e4470a18-c4b7-40d4-a249-36867dcf1127 (03:25:30)
=== rungd all done (03:25:30)
-- queue markers: cudadev.done cudadev.queued cudadev.started f.ckpt-skip fsucc-s0.letter.started fsucc-s1.letter.started fsucc-s2.letter.started fsucc.done fsucc.queued fsucc.started fsucc.word fsuccgpu.done gpu.lock j5pp.done j5pp.queued j5pp.started j6a.done j6a.queued j6ctl-j6dv4.letter.started j6ctl-j6f.letter.started j6ctl.done j6ctl.queued j6ctl.started j6dv4.done j6f.done rung0.done rung0.queued rung0.started rungd.done rungd.queued rungd.started 

################ scenario chain_fires_j6f_kill
-- substitutions in the test copies (the only differences from the committed scripts)
--- post-f/box_q_rung0.sh.orig	2026-10-02 03:25:17.943582476 +0000
+++ post-f/box_q_rung0.sh	2026-10-02 03:25:17.945893943 +0000
@@ -20,7 +20,7 @@
 BIN=bin/ojas-qwen35-cuda-rung0
 # sha256 of the file copied from the Mac at
 # /Users/bharath/qd-campaign/target-aarch64-linux-ojas-qwen35-cuda/aarch64-unknown-linux-gnu/release/rung0
-BIN_SHA256=04ab105afcbf315d97f439f18c0baf73c659fd8d880ad34547419aa5ac9224f7
+BIN_SHA256=52e522edc690da764a42db59d95d90f1ffe80dd8a748bbbdca1f5058eb7a3c4c
 NV=qd-venv/lib/python3.12/site-packages/nvidia
 say() { echo "=== $* ($(date -u +%Y-%m-%dT%H:%M:%SZ))"; }
 trap 'touch queue/rung0.done' EXIT
--- post-f/idle_common.sh.orig	2026-10-02 03:25:17.965582554 +0000
+++ post-f/idle_common.sh	2026-10-02 03:25:17.968841774 +0000
@@ -18,7 +18,7 @@
 # as is to a NEW path. bin/qd-post-f-rules and RULES_SHA256 (cadbdc74...) are not
 # touched; $RULES stays the binary for ft-rows / eval-row.
 RULES_SUCC=bin/qd-post-f-rules-succ
-RULES_SUCC_SHA256=be02029779eca1510c75f24e22c23cf7d762f1d87bbbca08b238ff9aede5eb62
+RULES_SUCC_SHA256=366a68e8730629112503fd668556d8b13db553b77fd2af670aa6e60cc53632fd
 
 # Decisions of this queue (new directory; post-F's $DEC is not written).
 IDLE_DEC=ledger/idle-decisions-2026-10-02
-- order check
ok    gpu calls rungd(397) and rungd do not overlap
ok    gpu calls rungd(420) and fsucc do not overlap
ok    gpu calls fsucc(509) and fsucc do not overlap
ok    gpu calls fsucc(527) and fsucc do not overlap
ok    gpu calls fsucc(542) and fsucc do not overlap
ok    gpu calls fsucc(556) and fsucc do not overlap
ok    cudadev starts after rung0.done
ok    rungd's first call after cudadev.done
ok    fsucc's first call after rungd.done
ok    fsucc's first call after j6ctl.done
ok    j6ctl's first call after j6f.done
ok    j6ctl's first call after j6dv4.done
ok    fsucc-ctl's first call after F''s last GPU call ended
ok    successor call after rungd.done
ok    successor call after j6ctl.done
ok    successor call after the F controls line
ok    F' training after the successor call
ok    rungd's last call ends before F' starts
n/a   j6a's first call after j5pp.done (not exercised in this scenario)
n/a   j5pp's first call after F''s last GPU call ended (not exercised in this scenario)
ORDER OK (18 held, 0 broken, 2 not exercised)
-- killer
killed -9 pid 542: tools/real_ft_run.py --out /home/ubuntu/phase4-v4-2026-10-01 --no-repo-history --rev 881ab304f15ea13529002391dda8520c2ea47af4 --defect-class data/pool/commitpackft-composed-v1 --defect-download data/p
-- fsucc.word: fires:j6f
-- cudadev summary.tsv
name	file	sha256_pinned	status	exit	seconds	timeout_s	log
runga	/home/ubuntu/bin/ojas-qwen35-cuda-runga	bb3276e7a42ae3d0e20171ed78e0df537f2581d8f144d22b8b6c054a0814c805	fail	2	0	300	/home/ubuntu/ojas-cuda/cudadev-20261002T032519Z/runga.log
k0	/home/ubuntu/bin/ojas-cuda-device-k0	b10542091a32f9bf293d1cefd36d754221115f5ed88386c1b2e3f970fa9820a6	fail	101	0	150	/home/ubuntu/ojas-cuda/cudadev-20261002T032519Z/k0.log
k1	/home/ubuntu/bin/ojas-cuda-device-k1	9546b2df0da4334ab735673885b9812a9f02ca4021172b60fb4c1f6b9eaa93bd	fail	101	0	150	/home/ubuntu/ojas-cuda/cudadev-20261002T032519Z/k1.log
k8	/home/ubuntu/bin/ojas-cuda-device-k8	75f05d3a42c7964fc0143dc5149a02d37b2af04aaca3f7ea271cefcdb8074ff1	fail	101	0	150	/home/ubuntu/ojas-cuda/cudadev-20261002T032519Z/k8.log
k11	/home/ubuntu/bin/ojas-cuda-device-k11	bc65b3bca3c48f1814185fc74859e6c623cffceda5bf3f9736d9b8b82c72ad90	fail	101	0	150	/home/ubuntu/ojas-cuda/cudadev-20261002T032519Z/k11.log
k3_gates_published	/home/ubuntu/bin/ojas-cuda-device-k3-gates-published	fd4e1e2410b2b8ae11176aa0b3d3f75a469b48fb0c8a4387c7f17fe27819bfbb	fail	101	0	150	/home/ubuntu/ojas-cuda/cudadev-20261002T032519Z/k3_gates_published.log
k4_conv1d	/home/ubuntu/bin/ojas-cuda-device-k4-conv1d	eb12cb197f5d259a4b3bf79396f247f431c222461afbdb8191a763bf70e4b666	fail	101	0	150	/home/ubuntu/ojas-cuda/cudadev-20261002T032519Z/k4_conv1d.log
k6_qk_norm_rope	/home/ubuntu/bin/ojas-cuda-device-k6-qk-norm-rope	03a641f055494f8c68bb1f8eb320906fe892010e59fe3ac2375037f5498611fe	fail	101	0	150	/home/ubuntu/ojas-cuda/cudadev-20261002T032519Z/k6_qk_norm_rope.log
k7_rmsnorm	/home/ubuntu/bin/ojas-cuda-device-k7-rmsnorm	c56c71146f7af183c3af1a3252e51818705d1a61e24d0eef7cdfc3440bd095e2	fail	101	0	150	/home/ubuntu/ojas-cuda/cudadev-20261002T032519Z/k7_rmsnorm.log
k9_embed	/home/ubuntu/bin/ojas-cuda-device-k9-embed	363a21f68eefd664cf72bb8af6ce78be8a43b4fa99ff0ad4d9b0f4d1053f6d8b	fail	101	0	150	/home/ubuntu/ojas-cuda/cudadev-20261002T032519Z/k9_embed.log
k10_ce_rows	/home/ubuntu/bin/ojas-cuda-device-k10-ce-rows	54c8755464b913adb407c74c52ebfb6d421da0e39e844af34cba61950a5c707e	fail	101	0	150	/home/ubuntu/ojas-cuda/cudadev-20261002T032519Z/k10_ce_rows.log
gdn_published	/home/ubuntu/bin/ojas-cuda-device-gdn-published	97034105198442010a12661228442197a9d20a3eb7685480e239daebdb8f4f28	fail	101	0	600	/home/ubuntu/ojas-cuda/cudadev-20261002T032519Z/gdn_published.log
-- q-cudadev.log ('===' lines and the fsucc reason lines)
=== cudadev start, out /home/ubuntu/ojas-cuda/cudadev-20261002T032519Z, total cap 1500s (deadline 03:50:19Z) (2026-10-02T03:25:19Z)
=== runga (timeout 300s) -> /home/ubuntu/ojas-cuda/cudadev-20261002T032519Z/runga/runga-report.json (2026-10-02T03:25:19Z)
=== runga exit 2 (fail) in 0s; tail of /home/ubuntu/ojas-cuda/cudadev-20261002T032519Z/runga.log: (2026-10-02T03:25:19Z)
=== k0 (timeout 150s) (2026-10-02T03:25:19Z)
=== k0 exit 101 (fail) in 0s; tail of /home/ubuntu/ojas-cuda/cudadev-20261002T032519Z/k0.log: (2026-10-02T03:25:19Z)
=== k1 (timeout 150s) (2026-10-02T03:25:19Z)
=== k1 exit 101 (fail) in 0s; tail of /home/ubuntu/ojas-cuda/cudadev-20261002T032519Z/k1.log: (2026-10-02T03:25:19Z)
=== k8 (timeout 150s) (2026-10-02T03:25:19Z)
=== k8 exit 101 (fail) in 0s; tail of /home/ubuntu/ojas-cuda/cudadev-20261002T032519Z/k8.log: (2026-10-02T03:25:19Z)
=== k11 (timeout 150s) (2026-10-02T03:25:19Z)
=== k11 exit 101 (fail) in 0s; tail of /home/ubuntu/ojas-cuda/cudadev-20261002T032519Z/k11.log: (2026-10-02T03:25:19Z)
=== k3_gates_published (timeout 150s) (2026-10-02T03:25:19Z)
=== k3_gates_published exit 101 (fail) in 0s; tail of /home/ubuntu/ojas-cuda/cudadev-20261002T032519Z/k3_gates_published.log: (2026-10-02T03:25:19Z)
=== k4_conv1d (timeout 150s) (2026-10-02T03:25:19Z)
=== k4_conv1d exit 101 (fail) in 0s; tail of /home/ubuntu/ojas-cuda/cudadev-20261002T032519Z/k4_conv1d.log: (2026-10-02T03:25:19Z)
=== k6_qk_norm_rope (timeout 150s) (2026-10-02T03:25:19Z)
=== k6_qk_norm_rope exit 101 (fail) in 0s; tail of /home/ubuntu/ojas-cuda/cudadev-20261002T032519Z/k6_qk_norm_rope.log: (2026-10-02T03:25:19Z)
=== k7_rmsnorm (timeout 150s) (2026-10-02T03:25:19Z)
=== k7_rmsnorm exit 101 (fail) in 0s; tail of /home/ubuntu/ojas-cuda/cudadev-20261002T032519Z/k7_rmsnorm.log: (2026-10-02T03:25:19Z)
=== k9_embed (timeout 150s) (2026-10-02T03:25:19Z)
=== k9_embed exit 101 (fail) in 0s; tail of /home/ubuntu/ojas-cuda/cudadev-20261002T032519Z/k9_embed.log: (2026-10-02T03:25:19Z)
=== k10_ce_rows (timeout 150s) (2026-10-02T03:25:19Z)
=== k10_ce_rows exit 101 (fail) in 0s; tail of /home/ubuntu/ojas-cuda/cudadev-20261002T032519Z/k10_ce_rows.log: (2026-10-02T03:25:19Z)
=== gdn_published (timeout 600s) (2026-10-02T03:25:20Z)
=== gdn_published exit 101 (fail) in 0s; tail of /home/ubuntu/ojas-cuda/cudadev-20261002T032519Z/gdn_published.log: (2026-10-02T03:25:20Z)
=== cudadev done in 1s; summary /home/ubuntu/ojas-cuda/cudadev-20261002T032519Z/summary.tsv (runga exit: 0 pass, 1 a check failed, 2 refused, 3 binary cap; tests: 0 pass, 101 a test failed; 124 timeout; 137 killed, by timeout's --kill-after or from outside) (2026-10-02T03:25:20Z)
-- q-fcontrols.log ('===' lines and the fsucc reason lines)
=== F seed 2 option control done (exit 0), 12:00
=== F controls all done
-- q-fsucc.log ('===' lines and the fsucc reason lines)
=== fsucc: successor on F ft rows 973cd4e3-e0d2-4ff8-8588-b761cb842b75 11111111-1111-4111-8111-111111111111 22222222-2222-4222-8222-222222222222, J6(f)-v4 aaaaaaaa-aaaa-4aaa-8aaa-aaaaaaaaaaaa, J6(d)-v4 dddddddd-dddd-4ddd-8ddd-dddddddddddd (03:25:21)
fsucc cannot_clear: []
=== fsucc: successor word 'fires:j6f' (JSON /home/ubuntu/ledger/idle-decisions-2026-10-02/fsucc-successor-20261002T032521549862331.json; word in /home/ubuntu/queue/fsucc.word) (03:25:21)
=== fsucc: F' on j6f at a502670: --optimizer master --lr 1e-5 --epoch --no-memorise --batch-tokens 35403 --checkpoint-skip-layers 6 -> /home/ubuntu/ledger/gh200-fsucc-j6f-2026-10-02.jsonl (03:25:22)
=== F' seed 0 train+score done (exit 0) (03:25:22)
=== F' seed 0 needle control done (exit 0) (03:25:23)
=== F' seed 1 train+score done (exit 137) (03:25:23)
=== F' seed 1: no ft row or checkpoint from this run; its needle control NOT RUN (03:25:23)
=== F' seed 2 train+score done (exit 0) (03:25:23)
=== F' seed 2 needle control done (exit 0) (03:25:24)
=== fsucc: F' GPU part done; gpu.lock released; fsuccgpu.done touched (j5pp may start) (03:25:24)
=== F' (j6f) seed 0 letter control at 3460afc -> /home/ubuntu/ledger/gh200-fsucc-j6f-2026-10-02.jsonl (03:25:24)
=== F' (j6f) seed 0 letter control done (exit 3; 3 with a row written is F seed 0's c89b89a1 case) (03:25:25)
=== F' (j6f) seed 0 option control done (exit 0) (03:25:25)
=== F' (j6f) seed 1: no verdicts at /home/ubuntu/fsucc-j6f/verdicts-s1.jsonl; controls NOT RUN (03:25:25)
=== F' (j6f) seed 2 letter control at 3460afc -> /home/ubuntu/ledger/gh200-fsucc-j6f-2026-10-02.jsonl (03:25:25)
=== F' (j6f) seed 2 letter control done (exit 3; 3 with a row written is F seed 0's c89b89a1 case) (03:25:26)
=== F' (j6f) seed 2 option control done (exit 0) (03:25:26)
=== fsucc all done (03:25:26)
-- q-j5pp.log ('===' lines and the fsucc reason lines)
=== j5pp SKIPPED: fsucc fired (fires:j6f) but F''s ft rows '014a5fef-8020-49d2-a995-8b630f07bc71  242d0802-cf2d-4abe-b026-1faedf784e3b' in /home/ubuntu/ledger/gh200-fsucc-j6f-2026-10-02.jsonl are not three completed F' ft rows (the binary's reason is above) (03:25:24)
-- q-j6a.log ('===' lines and the fsucc reason lines)
=== j6a DEFERRED to the re-plan: fsucc's word is 'fires:j6f', not quiet (Fable Q2: j6a runs only if fsucc was quiet) (03:25:24)
=== j6a: also deferred: pins UNSET: J6A_DATA REPLAY_DIR ATTESTATION ATTESTATION_SHA256 (03:25:24)
-- q-j6ctl.log ('===' lines and the fsucc reason lines)
=== j6ctl at 3460afc: J6(d)-v4 first (successor reads it), then J6(f)-v4 (03:25:19)
=== J6(d)-v4 letter control at 3460afc -> /home/ubuntu/ledger/gh200-j6-v4-ablations-2026-10-01.jsonl (03:25:19)
=== J6(d)-v4 letter control done (exit 3; 3 with a row written is F seed 0's c89b89a1 case) (03:25:19)
=== J6(d)-v4 option control done (exit 0) (03:25:20)
=== J6(f)-v4 letter control at 3460afc -> /home/ubuntu/ledger/gh200-j6-v4-ablations-2026-10-01.jsonl (03:25:20)
=== J6(f)-v4 letter control done (exit 3; 3 with a row written is F seed 0's c89b89a1 case) (03:25:20)
=== J6(f)-v4 option control done (exit 0) (03:25:21)
=== j6ctl all done (03:25:21)
-- q-rung0.log ('===' lines and the fsucc reason lines)
=== rung0 start, out /home/ubuntu/ojas-cuda/rung0-20261002T032519Z (2026-10-02T03:25:19Z)
=== rung0 done (exit 2; 0 all passed, 1 a check failed, 2 refused, 3 binary cap, 124 outer timeout) (2026-10-02T03:25:19Z)
-- q-rungd.log ('===' lines and the fsucc reason lines)
=== rungd at 01b6db2fbaba1d149bb585940e6436308acfa4a5: T-bf16 (cap 3600s), then T-fp32 (cap 10800s) -> /home/ubuntu/ledger/gh200-rungd-torch-2026-10-02.jsonl (03:25:20)
=== T-bf16 done (exit 0; 1 with the ft row written is the epoch arm's letter-loss claim, 124 the outer backstop); ft row: 948e553a-8d16-46c7-9cfd-18224ea448b2 (03:25:20)
=== T-fp32 done (exit 0); ft row: 89918fa3-fab5-4b5b-9dd7-5e2e62975763 (03:25:21)
=== rungd all done (03:25:21)
-- queue markers: cudadev.done cudadev.queued cudadev.started f.ckpt-skip fsucc-s0.letter.started fsucc-s2.letter.started fsucc.done fsucc.queued fsucc.started fsucc.word fsuccgpu.done gpu.lock j5pp.done j5pp.queued j6a.done j6a.queued j6ctl-j6dv4.letter.started j6ctl-j6f.letter.started j6ctl.done j6ctl.queued j6ctl.started j6dv4.done j6f.done rung0.done rung0.queued rung0.started rungd.done rungd.queued rungd.started 

################ scenario chain_quiet
-- substitutions in the test copies (the only differences from the committed scripts)
--- post-f/box_q_rung0.sh.orig	2026-10-02 03:25:49.114693225 +0000
+++ post-f/box_q_rung0.sh	2026-10-02 03:25:49.116679274 +0000
@@ -20,7 +20,7 @@
 BIN=bin/ojas-qwen35-cuda-rung0
 # sha256 of the file copied from the Mac at
 # /Users/bharath/qd-campaign/target-aarch64-linux-ojas-qwen35-cuda/aarch64-unknown-linux-gnu/release/rung0
-BIN_SHA256=04ab105afcbf315d97f439f18c0baf73c659fd8d880ad34547419aa5ac9224f7
+BIN_SHA256=52e522edc690da764a42db59d95d90f1ffe80dd8a748bbbdca1f5058eb7a3c4c
 NV=qd-venv/lib/python3.12/site-packages/nvidia
 say() { echo "=== $* ($(date -u +%Y-%m-%dT%H:%M:%SZ))"; }
 trap 'touch queue/rung0.done' EXIT
--- post-f/idle_common.sh.orig	2026-10-02 03:25:49.125693264 +0000
+++ post-f/idle_common.sh	2026-10-02 03:25:49.127815314 +0000
@@ -18,7 +18,7 @@
 # as is to a NEW path. bin/qd-post-f-rules and RULES_SHA256 (cadbdc74...) are not
 # touched; $RULES stays the binary for ft-rows / eval-row.
 RULES_SUCC=bin/qd-post-f-rules-succ
-RULES_SUCC_SHA256=be02029779eca1510c75f24e22c23cf7d762f1d87bbbca08b238ff9aede5eb62
+RULES_SUCC_SHA256=366a68e8730629112503fd668556d8b13db553b77fd2af670aa6e60cc53632fd
 
 # Decisions of this queue (new directory; post-F's $DEC is not written).
 IDLE_DEC=ledger/idle-decisions-2026-10-02
-- order check
ok    gpu calls rungd(2721) and rungd do not overlap
ok    cudadev starts after rung0.done
ok    rungd's first call after cudadev.done
ok    j6ctl's first call after j6f.done
ok    j6ctl's first call after j6dv4.done
ok    successor call after rungd.done
ok    successor call after j6ctl.done
ok    successor call after the F controls line
n/a   fsucc's first call after rungd.done (not exercised in this scenario)
n/a   fsucc's first call after j6ctl.done (not exercised in this scenario)
n/a   j6a's first call after j5pp.done (not exercised in this scenario)
n/a   j5pp's first call after F''s last GPU call ended (not exercised in this scenario)
n/a   fsucc-ctl's first call after F''s last GPU call ended (not exercised in this scenario)
n/a   F' training after the successor call (not exercised in this scenario)
n/a   rungd's last call ends before F' starts (not exercised in this scenario)
ORDER OK (8 held, 0 broken, 7 not exercised)
-- fsucc.word: quiet
-- cudadev summary.tsv
name	file	sha256_pinned	status	exit	seconds	timeout_s	log
runga	/home/ubuntu/bin/ojas-qwen35-cuda-runga	bb3276e7a42ae3d0e20171ed78e0df537f2581d8f144d22b8b6c054a0814c805	fail	2	0	300	/home/ubuntu/ojas-cuda/cudadev-20261002T032550Z/runga.log
k0	/home/ubuntu/bin/ojas-cuda-device-k0	b10542091a32f9bf293d1cefd36d754221115f5ed88386c1b2e3f970fa9820a6	fail	101	0	150	/home/ubuntu/ojas-cuda/cudadev-20261002T032550Z/k0.log
k1	/home/ubuntu/bin/ojas-cuda-device-k1	9546b2df0da4334ab735673885b9812a9f02ca4021172b60fb4c1f6b9eaa93bd	fail	101	0	150	/home/ubuntu/ojas-cuda/cudadev-20261002T032550Z/k1.log
k8	/home/ubuntu/bin/ojas-cuda-device-k8	75f05d3a42c7964fc0143dc5149a02d37b2af04aaca3f7ea271cefcdb8074ff1	fail	101	0	150	/home/ubuntu/ojas-cuda/cudadev-20261002T032550Z/k8.log
k11	/home/ubuntu/bin/ojas-cuda-device-k11	bc65b3bca3c48f1814185fc74859e6c623cffceda5bf3f9736d9b8b82c72ad90	fail	101	0	150	/home/ubuntu/ojas-cuda/cudadev-20261002T032550Z/k11.log
k3_gates_published	/home/ubuntu/bin/ojas-cuda-device-k3-gates-published	fd4e1e2410b2b8ae11176aa0b3d3f75a469b48fb0c8a4387c7f17fe27819bfbb	fail	101	0	150	/home/ubuntu/ojas-cuda/cudadev-20261002T032550Z/k3_gates_published.log
k4_conv1d	/home/ubuntu/bin/ojas-cuda-device-k4-conv1d	eb12cb197f5d259a4b3bf79396f247f431c222461afbdb8191a763bf70e4b666	fail	101	0	150	/home/ubuntu/ojas-cuda/cudadev-20261002T032550Z/k4_conv1d.log
k6_qk_norm_rope	/home/ubuntu/bin/ojas-cuda-device-k6-qk-norm-rope	03a641f055494f8c68bb1f8eb320906fe892010e59fe3ac2375037f5498611fe	fail	101	1	150	/home/ubuntu/ojas-cuda/cudadev-20261002T032550Z/k6_qk_norm_rope.log
k7_rmsnorm	/home/ubuntu/bin/ojas-cuda-device-k7-rmsnorm	c56c71146f7af183c3af1a3252e51818705d1a61e24d0eef7cdfc3440bd095e2	fail	101	0	150	/home/ubuntu/ojas-cuda/cudadev-20261002T032550Z/k7_rmsnorm.log
k9_embed	/home/ubuntu/bin/ojas-cuda-device-k9-embed	363a21f68eefd664cf72bb8af6ce78be8a43b4fa99ff0ad4d9b0f4d1053f6d8b	fail	101	0	150	/home/ubuntu/ojas-cuda/cudadev-20261002T032550Z/k9_embed.log
k10_ce_rows	/home/ubuntu/bin/ojas-cuda-device-k10-ce-rows	54c8755464b913adb407c74c52ebfb6d421da0e39e844af34cba61950a5c707e	fail	101	0	150	/home/ubuntu/ojas-cuda/cudadev-20261002T032550Z/k10_ce_rows.log
gdn_published	/home/ubuntu/bin/ojas-cuda-device-gdn-published	97034105198442010a12661228442197a9d20a3eb7685480e239daebdb8f4f28	fail	101	0	600	/home/ubuntu/ojas-cuda/cudadev-20261002T032550Z/gdn_published.log
-- q-cudadev.log ('===' lines and the fsucc reason lines)
=== cudadev start, out /home/ubuntu/ojas-cuda/cudadev-20261002T032550Z, total cap 1500s (deadline 03:50:50Z) (2026-10-02T03:25:50Z)
=== runga (timeout 300s) -> /home/ubuntu/ojas-cuda/cudadev-20261002T032550Z/runga/runga-report.json (2026-10-02T03:25:50Z)
=== runga exit 2 (fail) in 0s; tail of /home/ubuntu/ojas-cuda/cudadev-20261002T032550Z/runga.log: (2026-10-02T03:25:50Z)
=== k0 (timeout 150s) (2026-10-02T03:25:50Z)
=== k0 exit 101 (fail) in 0s; tail of /home/ubuntu/ojas-cuda/cudadev-20261002T032550Z/k0.log: (2026-10-02T03:25:50Z)
=== k1 (timeout 150s) (2026-10-02T03:25:50Z)
=== k1 exit 101 (fail) in 0s; tail of /home/ubuntu/ojas-cuda/cudadev-20261002T032550Z/k1.log: (2026-10-02T03:25:50Z)
=== k8 (timeout 150s) (2026-10-02T03:25:50Z)
=== k8 exit 101 (fail) in 0s; tail of /home/ubuntu/ojas-cuda/cudadev-20261002T032550Z/k8.log: (2026-10-02T03:25:50Z)
=== k11 (timeout 150s) (2026-10-02T03:25:50Z)
=== k11 exit 101 (fail) in 0s; tail of /home/ubuntu/ojas-cuda/cudadev-20261002T032550Z/k11.log: (2026-10-02T03:25:50Z)
=== k3_gates_published (timeout 150s) (2026-10-02T03:25:50Z)
=== k3_gates_published exit 101 (fail) in 0s; tail of /home/ubuntu/ojas-cuda/cudadev-20261002T032550Z/k3_gates_published.log: (2026-10-02T03:25:50Z)
=== k4_conv1d (timeout 150s) (2026-10-02T03:25:50Z)
=== k4_conv1d exit 101 (fail) in 0s; tail of /home/ubuntu/ojas-cuda/cudadev-20261002T032550Z/k4_conv1d.log: (2026-10-02T03:25:50Z)
=== k6_qk_norm_rope (timeout 150s) (2026-10-02T03:25:51Z)
=== k6_qk_norm_rope exit 101 (fail) in 1s; tail of /home/ubuntu/ojas-cuda/cudadev-20261002T032550Z/k6_qk_norm_rope.log: (2026-10-02T03:25:51Z)
=== k7_rmsnorm (timeout 150s) (2026-10-02T03:25:51Z)
=== k7_rmsnorm exit 101 (fail) in 0s; tail of /home/ubuntu/ojas-cuda/cudadev-20261002T032550Z/k7_rmsnorm.log: (2026-10-02T03:25:51Z)
=== k9_embed (timeout 150s) (2026-10-02T03:25:51Z)
=== k9_embed exit 101 (fail) in 0s; tail of /home/ubuntu/ojas-cuda/cudadev-20261002T032550Z/k9_embed.log: (2026-10-02T03:25:51Z)
=== k10_ce_rows (timeout 150s) (2026-10-02T03:25:51Z)
=== k10_ce_rows exit 101 (fail) in 0s; tail of /home/ubuntu/ojas-cuda/cudadev-20261002T032550Z/k10_ce_rows.log: (2026-10-02T03:25:51Z)
=== gdn_published (timeout 600s) (2026-10-02T03:25:51Z)
=== gdn_published exit 101 (fail) in 0s; tail of /home/ubuntu/ojas-cuda/cudadev-20261002T032550Z/gdn_published.log: (2026-10-02T03:25:51Z)
=== cudadev done in 1s; summary /home/ubuntu/ojas-cuda/cudadev-20261002T032550Z/summary.tsv (runga exit: 0 pass, 1 a check failed, 2 refused, 3 binary cap; tests: 0 pass, 101 a test failed; 124 timeout; 137 killed, by timeout's --kill-after or from outside) (2026-10-02T03:25:51Z)
-- q-fcontrols.log ('===' lines and the fsucc reason lines)
=== F seed 2 option control done (exit 0), 12:00
=== F controls all done
-- q-fsucc.log ('===' lines and the fsucc reason lines)
=== fsucc: successor on F ft rows 973cd4e3-e0d2-4ff8-8588-b761cb842b75 11111111-1111-4111-8111-111111111111 22222222-2222-4222-8222-222222222222, J6(f)-v4 aaaaaaaa-aaaa-4aaa-8aaa-aaaaaaaaaaaa, J6(d)-v4 dddddddd-dddd-4ddd-8ddd-dddddddddddd (03:25:52)
fsucc cannot_clear: []
=== fsucc: successor word 'quiet' (JSON /home/ubuntu/ledger/idle-decisions-2026-10-02/fsucc-successor-20261002T032552623583776.json; word in /home/ubuntu/queue/fsucc.word) (03:25:52)
=== fsucc: quiet: no F' (Fable Q2: re-plan from J7' avg / ens3 / avg-np) (03:25:52)
-- q-j5pp.log ('===' lines and the fsucc reason lines)
=== j5pp SKIPPED: fsucc's word is 'quiet', not fires:<arm>; follow_on_j5pp runs only on three completed F' ft rows (03:25:53)
-- q-j6a.log ('===' lines and the fsucc reason lines)
=== j6a deferred: pins UNSET: J6A_DATA REPLAY_DIR ATTESTATION ATTESTATION_SHA256 (fsucc was quiet; fail-closed until the lead fills them from L-replay's HANDOFF); J6(a) NOT RUN (03:25:53)
-- q-j6ctl.log ('===' lines and the fsucc reason lines)
=== j6ctl at 3460afc: J6(d)-v4 first (successor reads it), then J6(f)-v4 (03:25:50)
=== J6(d)-v4 letter control at 3460afc -> /home/ubuntu/ledger/gh200-j6-v4-ablations-2026-10-01.jsonl (03:25:50)
=== J6(d)-v4 letter control done (exit 3; 3 with a row written is F seed 0's c89b89a1 case) (03:25:50)
=== J6(d)-v4 option control done (exit 0) (03:25:51)
=== J6(f)-v4 letter control at 3460afc -> /home/ubuntu/ledger/gh200-j6-v4-ablations-2026-10-01.jsonl (03:25:51)
=== J6(f)-v4 letter control done (exit 3; 3 with a row written is F seed 0's c89b89a1 case) (03:25:51)
=== J6(f)-v4 option control done (exit 0) (03:25:52)
=== j6ctl all done (03:25:52)
-- q-rung0.log ('===' lines and the fsucc reason lines)
=== rung0 start, out /home/ubuntu/ojas-cuda/rung0-20261002T032550Z (2026-10-02T03:25:50Z)
=== rung0 done (exit 2; 0 all passed, 1 a check failed, 2 refused, 3 binary cap, 124 outer timeout) (2026-10-02T03:25:50Z)
-- q-rungd.log ('===' lines and the fsucc reason lines)
=== rungd at 01b6db2fbaba1d149bb585940e6436308acfa4a5: T-bf16 (cap 3600s), then T-fp32 (cap 10800s) -> /home/ubuntu/ledger/gh200-rungd-torch-2026-10-02.jsonl (03:25:51)
=== T-bf16 done (exit 0; 1 with the ft row written is the epoch arm's letter-loss claim, 124 the outer backstop); ft row: 0cee28d0-2b9c-459b-972a-9fe89f34538a (03:25:52)
=== T-fp32 done (exit 0); ft row: 5f9b6058-0a9c-45f0-9039-308b2107e3df (03:25:52)
=== rungd all done (03:25:52)
-- queue markers: cudadev.done cudadev.queued cudadev.started f.ckpt-skip fsucc.done fsucc.queued fsucc.started fsucc.word fsuccgpu.done gpu.lock j5pp.done j5pp.queued j6a.done j6a.queued j6ctl-j6dv4.letter.started j6ctl-j6f.letter.started j6ctl.done j6ctl.queued j6ctl.started j6dv4.done j6f.done rung0.done rung0.queued rung0.started rungd.done rungd.queued rungd.started 

################ scenario chain_refused_real
-- substitutions in the test copies (the only differences from the committed scripts)
--- post-f/box_q_rung0.sh.orig	2026-10-02 03:25:53.574709071 +0000
+++ post-f/box_q_rung0.sh	2026-10-02 03:25:53.576696995 +0000
@@ -20,7 +20,7 @@
 BIN=bin/ojas-qwen35-cuda-rung0
 # sha256 of the file copied from the Mac at
 # /Users/bharath/qd-campaign/target-aarch64-linux-ojas-qwen35-cuda/aarch64-unknown-linux-gnu/release/rung0
-BIN_SHA256=04ab105afcbf315d97f439f18c0baf73c659fd8d880ad34547419aa5ac9224f7
+BIN_SHA256=52e522edc690da764a42db59d95d90f1ffe80dd8a748bbbdca1f5058eb7a3c4c
 NV=qd-venv/lib/python3.12/site-packages/nvidia
 say() { echo "=== $* ($(date -u +%Y-%m-%dT%H:%M:%SZ))"; }
 trap 'touch queue/rung0.done' EXIT
-- order check
ok    gpu calls rungd(3255) and rungd do not overlap
ok    cudadev starts after rung0.done
ok    rungd's first call after cudadev.done
ok    j6ctl's first call after j6f.done
ok    j6ctl's first call after j6dv4.done
n/a   fsucc's first call after rungd.done (not exercised in this scenario)
n/a   fsucc's first call after j6ctl.done (not exercised in this scenario)
n/a   j6a's first call after j5pp.done (not exercised in this scenario)
n/a   j5pp's first call after F''s last GPU call ended (not exercised in this scenario)
n/a   fsucc-ctl's first call after F''s last GPU call ended (not exercised in this scenario)
n/a   rungd's last call ends before F' starts (not exercised in this scenario)
ORDER OK (5 held, 0 broken, 6 not exercised)
-- fsucc.word: refused
-- cudadev summary.tsv
name	file	sha256_pinned	status	exit	seconds	timeout_s	log
runga	/home/ubuntu/bin/ojas-qwen35-cuda-runga	bb3276e7a42ae3d0e20171ed78e0df537f2581d8f144d22b8b6c054a0814c805	fail	2	0	300	/home/ubuntu/ojas-cuda/cudadev-20261002T032555Z/runga.log
k0	/home/ubuntu/bin/ojas-cuda-device-k0	b10542091a32f9bf293d1cefd36d754221115f5ed88386c1b2e3f970fa9820a6	fail	101	0	150	/home/ubuntu/ojas-cuda/cudadev-20261002T032555Z/k0.log
k1	/home/ubuntu/bin/ojas-cuda-device-k1	9546b2df0da4334ab735673885b9812a9f02ca4021172b60fb4c1f6b9eaa93bd	fail	101	0	150	/home/ubuntu/ojas-cuda/cudadev-20261002T032555Z/k1.log
k8	/home/ubuntu/bin/ojas-cuda-device-k8	75f05d3a42c7964fc0143dc5149a02d37b2af04aaca3f7ea271cefcdb8074ff1	fail	101	0	150	/home/ubuntu/ojas-cuda/cudadev-20261002T032555Z/k8.log
k11	/home/ubuntu/bin/ojas-cuda-device-k11	bc65b3bca3c48f1814185fc74859e6c623cffceda5bf3f9736d9b8b82c72ad90	fail	101	0	150	/home/ubuntu/ojas-cuda/cudadev-20261002T032555Z/k11.log
k3_gates_published	/home/ubuntu/bin/ojas-cuda-device-k3-gates-published	fd4e1e2410b2b8ae11176aa0b3d3f75a469b48fb0c8a4387c7f17fe27819bfbb	fail	101	0	150	/home/ubuntu/ojas-cuda/cudadev-20261002T032555Z/k3_gates_published.log
k4_conv1d	/home/ubuntu/bin/ojas-cuda-device-k4-conv1d	eb12cb197f5d259a4b3bf79396f247f431c222461afbdb8191a763bf70e4b666	fail	101	0	150	/home/ubuntu/ojas-cuda/cudadev-20261002T032555Z/k4_conv1d.log
k6_qk_norm_rope	/home/ubuntu/bin/ojas-cuda-device-k6-qk-norm-rope	03a641f055494f8c68bb1f8eb320906fe892010e59fe3ac2375037f5498611fe	fail	101	0	150	/home/ubuntu/ojas-cuda/cudadev-20261002T032555Z/k6_qk_norm_rope.log
k7_rmsnorm	/home/ubuntu/bin/ojas-cuda-device-k7-rmsnorm	c56c71146f7af183c3af1a3252e51818705d1a61e24d0eef7cdfc3440bd095e2	fail	101	0	150	/home/ubuntu/ojas-cuda/cudadev-20261002T032555Z/k7_rmsnorm.log
k9_embed	/home/ubuntu/bin/ojas-cuda-device-k9-embed	363a21f68eefd664cf72bb8af6ce78be8a43b4fa99ff0ad4d9b0f4d1053f6d8b	fail	101	0	150	/home/ubuntu/ojas-cuda/cudadev-20261002T032555Z/k9_embed.log
k10_ce_rows	/home/ubuntu/bin/ojas-cuda-device-k10-ce-rows	54c8755464b913adb407c74c52ebfb6d421da0e39e844af34cba61950a5c707e	fail	101	0	150	/home/ubuntu/ojas-cuda/cudadev-20261002T032555Z/k10_ce_rows.log
gdn_published	/home/ubuntu/bin/ojas-cuda-device-gdn-published	97034105198442010a12661228442197a9d20a3eb7685480e239daebdb8f4f28	fail	101	0	600	/home/ubuntu/ojas-cuda/cudadev-20261002T032555Z/gdn_published.log
-- q-cudadev.log ('===' lines and the fsucc reason lines)
=== cudadev start, out /home/ubuntu/ojas-cuda/cudadev-20261002T032555Z, total cap 1500s (deadline 03:50:55Z) (2026-10-02T03:25:55Z)
=== runga (timeout 300s) -> /home/ubuntu/ojas-cuda/cudadev-20261002T032555Z/runga/runga-report.json (2026-10-02T03:25:55Z)
=== runga exit 2 (fail) in 0s; tail of /home/ubuntu/ojas-cuda/cudadev-20261002T032555Z/runga.log: (2026-10-02T03:25:55Z)
=== k0 (timeout 150s) (2026-10-02T03:25:55Z)
=== k0 exit 101 (fail) in 0s; tail of /home/ubuntu/ojas-cuda/cudadev-20261002T032555Z/k0.log: (2026-10-02T03:25:55Z)
=== k1 (timeout 150s) (2026-10-02T03:25:55Z)
=== k1 exit 101 (fail) in 0s; tail of /home/ubuntu/ojas-cuda/cudadev-20261002T032555Z/k1.log: (2026-10-02T03:25:55Z)
=== k8 (timeout 150s) (2026-10-02T03:25:55Z)
=== k8 exit 101 (fail) in 0s; tail of /home/ubuntu/ojas-cuda/cudadev-20261002T032555Z/k8.log: (2026-10-02T03:25:55Z)
=== k11 (timeout 150s) (2026-10-02T03:25:55Z)
=== k11 exit 101 (fail) in 0s; tail of /home/ubuntu/ojas-cuda/cudadev-20261002T032555Z/k11.log: (2026-10-02T03:25:55Z)
=== k3_gates_published (timeout 150s) (2026-10-02T03:25:55Z)
=== k3_gates_published exit 101 (fail) in 0s; tail of /home/ubuntu/ojas-cuda/cudadev-20261002T032555Z/k3_gates_published.log: (2026-10-02T03:25:55Z)
=== k4_conv1d (timeout 150s) (2026-10-02T03:25:55Z)
=== k4_conv1d exit 101 (fail) in 0s; tail of /home/ubuntu/ojas-cuda/cudadev-20261002T032555Z/k4_conv1d.log: (2026-10-02T03:25:55Z)
=== k6_qk_norm_rope (timeout 150s) (2026-10-02T03:25:55Z)
=== k6_qk_norm_rope exit 101 (fail) in 0s; tail of /home/ubuntu/ojas-cuda/cudadev-20261002T032555Z/k6_qk_norm_rope.log: (2026-10-02T03:25:55Z)
=== k7_rmsnorm (timeout 150s) (2026-10-02T03:25:55Z)
=== k7_rmsnorm exit 101 (fail) in 0s; tail of /home/ubuntu/ojas-cuda/cudadev-20261002T032555Z/k7_rmsnorm.log: (2026-10-02T03:25:55Z)
=== k9_embed (timeout 150s) (2026-10-02T03:25:55Z)
=== k9_embed exit 101 (fail) in 0s; tail of /home/ubuntu/ojas-cuda/cudadev-20261002T032555Z/k9_embed.log: (2026-10-02T03:25:55Z)
=== k10_ce_rows (timeout 150s) (2026-10-02T03:25:55Z)
=== k10_ce_rows exit 101 (fail) in 0s; tail of /home/ubuntu/ojas-cuda/cudadev-20261002T032555Z/k10_ce_rows.log: (2026-10-02T03:25:55Z)
=== gdn_published (timeout 600s) (2026-10-02T03:25:55Z)
=== gdn_published exit 101 (fail) in 0s; tail of /home/ubuntu/ojas-cuda/cudadev-20261002T032555Z/gdn_published.log: (2026-10-02T03:25:55Z)
=== cudadev done in 0s; summary /home/ubuntu/ojas-cuda/cudadev-20261002T032555Z/summary.tsv (runga exit: 0 pass, 1 a check failed, 2 refused, 3 binary cap; tests: 0 pass, 101 a test failed; 124 timeout; 137 killed, by timeout's --kill-after or from outside) (2026-10-02T03:25:55Z)
-- q-fcontrols.log ('===' lines and the fsucc reason lines)
=== F seed 2 option control done (exit 0), 12:00
=== F controls all done
-- q-fsucc.log ('===' lines and the fsucc reason lines)
=== fsucc: successor on F ft rows 973cd4e3-e0d2-4ff8-8588-b761cb842b75 11111111-1111-4111-8111-111111111111 22222222-2222-4222-8222-222222222222, J6(f)-v4 aaaaaaaa-aaaa-4aaa-8aaa-aaaaaaaaaaaa, J6(d)-v4 dddddddd-dddd-4ddd-8ddd-dddddddddddd (03:25:57)
=== fsucc: successor word 'refused' (JSON /home/ubuntu/ledger/idle-decisions-2026-10-02/fsucc-successor-20261002T032557066700312.json; word in /home/ubuntu/queue/fsucc.word) (03:25:57)
=== fsucc: REFUSED: no F'; the human decides (a refusal is never quiet) (03:25:57)
-- q-j5pp.log ('===' lines and the fsucc reason lines)
=== j5pp SKIPPED: fsucc's word is 'refused', not fires:<arm>; follow_on_j5pp runs only on three completed F' ft rows (03:25:57)
-- q-j6a.log ('===' lines and the fsucc reason lines)
=== j6a DEFERRED to the re-plan: fsucc's word is 'refused', not quiet (Fable Q2: j6a runs only if fsucc was quiet) (03:25:57)
=== j6a: also deferred: pins UNSET: J6A_DATA REPLAY_DIR ATTESTATION ATTESTATION_SHA256 (03:25:57)
-- q-j6ctl.log ('===' lines and the fsucc reason lines)
=== j6ctl at 3460afc: J6(d)-v4 first (successor reads it), then J6(f)-v4 (03:25:54)
=== J6(d)-v4 letter control at 3460afc -> /home/ubuntu/ledger/gh200-j6-v4-ablations-2026-10-01.jsonl (03:25:54)
=== J6(d)-v4 letter control done (exit 3; 3 with a row written is F seed 0's c89b89a1 case) (03:25:55)
=== J6(d)-v4 option control done (exit 0) (03:25:55)
=== J6(f)-v4 letter control at 3460afc -> /home/ubuntu/ledger/gh200-j6-v4-ablations-2026-10-01.jsonl (03:25:55)
=== J6(f)-v4 letter control done (exit 3; 3 with a row written is F seed 0's c89b89a1 case) (03:25:56)
=== J6(f)-v4 option control done (exit 0) (03:25:56)
=== j6ctl all done (03:25:56)
-- q-rung0.log ('===' lines and the fsucc reason lines)
=== rung0 start, out /home/ubuntu/ojas-cuda/rung0-20261002T032554Z (2026-10-02T03:25:54Z)
=== rung0 done (exit 2; 0 all passed, 1 a check failed, 2 refused, 3 binary cap, 124 outer timeout) (2026-10-02T03:25:54Z)
-- q-rungd.log ('===' lines and the fsucc reason lines)
=== rungd at 01b6db2fbaba1d149bb585940e6436308acfa4a5: T-bf16 (cap 3600s), then T-fp32 (cap 10800s) -> /home/ubuntu/ledger/gh200-rungd-torch-2026-10-02.jsonl (03:25:56)
=== T-bf16 done (exit 0; 1 with the ft row written is the epoch arm's letter-loss claim, 124 the outer backstop); ft row: 270fa288-dcdf-4bec-995d-127605e86ceb (03:25:56)
=== T-fp32 done (exit 0); ft row: f39ae80d-c6b8-4dfd-acd9-8ce104fea48e (03:25:57)
=== rungd all done (03:25:57)
-- queue markers: cudadev.done cudadev.queued cudadev.started f.ckpt-skip fsucc.done fsucc.queued fsucc.started fsucc.word fsuccgpu.done gpu.lock j5pp.done j5pp.queued j6a.done j6a.queued j6ctl-j6dv4.letter.started j6ctl-j6f.letter.started j6ctl.done j6ctl.queued j6ctl.started j6dv4.done j6f.done rung0.done rung0.queued rung0.started rungd.done rungd.queued rungd.started 

################ scenario cudadev_pin_budget
-- substitutions in the test copies (the only differences from the committed scripts)
--- post-f/box_q_rung0.sh.orig	2026-10-02 03:26:15.400786751 +0000
+++ post-f/box_q_rung0.sh	2026-10-02 03:26:15.403130217 +0000
@@ -20,7 +20,7 @@
 BIN=bin/ojas-qwen35-cuda-rung0
 # sha256 of the file copied from the Mac at
 # /Users/bharath/qd-campaign/target-aarch64-linux-ojas-qwen35-cuda/aarch64-unknown-linux-gnu/release/rung0
-BIN_SHA256=04ab105afcbf315d97f439f18c0baf73c659fd8d880ad34547419aa5ac9224f7
+BIN_SHA256=52e522edc690da764a42db59d95d90f1ffe80dd8a748bbbdca1f5058eb7a3c4c
 NV=qd-venv/lib/python3.12/site-packages/nvidia
 say() { echo "=== $* ($(date -u +%Y-%m-%dT%H:%M:%SZ))"; }
 trap 'touch queue/rung0.done' EXIT
--- /sim/scripts/box_q_cudadev.sh	2026-10-02 03:09:10.323868686 +0000
+++ /home/ubuntu/post-f/box_q_cudadev.sh	2026-10-02 03:26:15.413786797 +0000
@@ -40,8 +40,8 @@
        ojas-cuda-device-k7-rmsnorm ojas-cuda-device-k9-embed ojas-cuda-device-k10-ce-rows ojas-cuda-device-gdn-published)
 SHAS=(bb3276e7a42ae3d0e20171ed78e0df537f2581d8f144d22b8b6c054a0814c805
       b10542091a32f9bf293d1cefd36d754221115f5ed88386c1b2e3f970fa9820a6
-      9546b2df0da4334ab735673885b9812a9f02ca4021172b60fb4c1f6b9eaa93bd
-      75f05d3a42c7964fc0143dc5149a02d37b2af04aaca3f7ea271cefcdb8074ff1
+      7184a4441c51d7e6f291619a47acd862186ace0905c921cfe76d4ba8f5f3ab42
+      7184a4441c51d7e6f291619a47acd862186ace0905c921cfe76d4ba8f5f3ab42
       bc65b3bca3c48f1814185fc74859e6c623cffceda5bf3f9736d9b8b82c72ad90
       fd4e1e2410b2b8ae11176aa0b3d3f75a469b48fb0c8a4387c7f17fe27819bfbb
       eb12cb197f5d259a4b3bf79396f247f431c222461afbdb8191a763bf70e4b666
--- post-f/box_q_cudadev.sh.orig	2026-10-02 03:26:15.417786812 +0000
+++ post-f/box_q_cudadev.sh	2026-10-02 03:26:15.419890486 +0000
@@ -23,7 +23,7 @@
 Q=queue
 B=bin
 NV=qd-venv/lib/python3.12/site-packages/nvidia
-TOTAL_CAP_S=1500
+TOTAL_CAP_S=45
 RUNGA_CAP_S=300
 DEVICE_CAP_S=150
 GDN_CAP_S=600
--- post-f/box_q_cudadev.sh.orig	2026-10-02 03:26:15.423786833 +0000
+++ post-f/box_q_cudadev.sh	2026-10-02 03:26:15.426060633 +0000
@@ -25,7 +25,7 @@
 NV=qd-venv/lib/python3.12/site-packages/nvidia
 TOTAL_CAP_S=45
 RUNGA_CAP_S=300
-DEVICE_CAP_S=150
+DEVICE_CAP_S=8
 GDN_CAP_S=600
 MIN_LEFT_S=30
 say() { echo "=== $* ($(date -u +%Y-%m-%dT%H:%M:%SZ))"; }
-- cudadev summary.tsv
name	file	sha256_pinned	status	exit	seconds	timeout_s	log
runga	/home/ubuntu/bin/ojas-qwen35-cuda-runga	bb3276e7a42ae3d0e20171ed78e0df537f2581d8f144d22b8b6c054a0814c805	fail	2	0	35	/home/ubuntu/ojas-cuda/cudadev-20261002T032615Z/runga.log
k0	/home/ubuntu/bin/ojas-cuda-device-k0	b10542091a32f9bf293d1cefd36d754221115f5ed88386c1b2e3f970fa9820a6	refused_pin	-	0	0	-
k1	/home/ubuntu/bin/ojas-cuda-device-k1	7184a4441c51d7e6f291619a47acd862186ace0905c921cfe76d4ba8f5f3ab42	timeout	124	8	8	/home/ubuntu/ojas-cuda/cudadev-20261002T032615Z/k1.log
k8	/home/ubuntu/bin/ojas-cuda-device-k8	7184a4441c51d7e6f291619a47acd862186ace0905c921cfe76d4ba8f5f3ab42	timeout	124	8	8	/home/ubuntu/ojas-cuda/cudadev-20261002T032615Z/k8.log
k11	/home/ubuntu/bin/ojas-cuda-device-k11	bc65b3bca3c48f1814185fc74859e6c623cffceda5bf3f9736d9b8b82c72ad90	not_run_budget	-	0	0	-
k3_gates_published	/home/ubuntu/bin/ojas-cuda-device-k3-gates-published	fd4e1e2410b2b8ae11176aa0b3d3f75a469b48fb0c8a4387c7f17fe27819bfbb	not_run_budget	-	0	0	-
k4_conv1d	/home/ubuntu/bin/ojas-cuda-device-k4-conv1d	eb12cb197f5d259a4b3bf79396f247f431c222461afbdb8191a763bf70e4b666	not_run_budget	-	0	0	-
k6_qk_norm_rope	/home/ubuntu/bin/ojas-cuda-device-k6-qk-norm-rope	03a641f055494f8c68bb1f8eb320906fe892010e59fe3ac2375037f5498611fe	not_run_budget	-	0	0	-
k7_rmsnorm	/home/ubuntu/bin/ojas-cuda-device-k7-rmsnorm	c56c71146f7af183c3af1a3252e51818705d1a61e24d0eef7cdfc3440bd095e2	not_run_budget	-	0	0	-
k9_embed	/home/ubuntu/bin/ojas-cuda-device-k9-embed	363a21f68eefd664cf72bb8af6ce78be8a43b4fa99ff0ad4d9b0f4d1053f6d8b	not_run_budget	-	0	0	-
k10_ce_rows	/home/ubuntu/bin/ojas-cuda-device-k10-ce-rows	54c8755464b913adb407c74c52ebfb6d421da0e39e844af34cba61950a5c707e	not_run_budget	-	0	0	-
gdn_published	/home/ubuntu/bin/ojas-cuda-device-gdn-published	97034105198442010a12661228442197a9d20a3eb7685480e239daebdb8f4f28	not_run_budget	-	0	0	-
-- q-cudadev.log ('===' lines and the fsucc reason lines)
=== cudadev start, out /home/ubuntu/ojas-cuda/cudadev-20261002T032615Z, total cap 45s (deadline 03:27:00Z) (2026-10-02T03:26:15Z)
=== runga (timeout 35s) -> /home/ubuntu/ojas-cuda/cudadev-20261002T032615Z/runga/runga-report.json (2026-10-02T03:26:15Z)
=== runga exit 2 (fail) in 0s; tail of /home/ubuntu/ojas-cuda/cudadev-20261002T032615Z/runga.log: (2026-10-02T03:26:15Z)
=== k0 NOT RUN: /home/ubuntu/bin/ojas-cuda-device-k0 is sha256 56ed539ba0779e38305f777a70ff86647c9a7d13c251af9a349e7e9ba2eac921, not the pinned b10542091a32f9bf293d1cefd36d754221115f5ed88386c1b2e3f970fa9820a6 (2026-10-02T03:26:15Z)
=== k1 (timeout 8s) (2026-10-02T03:26:15Z)
=== k1 exit 124 (timeout) in 8s; tail of /home/ubuntu/ojas-cuda/cudadev-20261002T032615Z/k1.log: (2026-10-02T03:26:23Z)
=== k8 (timeout 8s) (2026-10-02T03:26:23Z)
=== k8 exit 124 (timeout) in 8s; tail of /home/ubuntu/ojas-cuda/cudadev-20261002T032615Z/k8.log: (2026-10-02T03:26:31Z)
=== k11 NOT RUN: 29s of the 45s cap left (budget) (2026-10-02T03:26:31Z)
=== k3_gates_published NOT RUN: 29s of the 45s cap left (budget) (2026-10-02T03:26:31Z)
=== k4_conv1d NOT RUN: 29s of the 45s cap left (budget) (2026-10-02T03:26:31Z)
=== k6_qk_norm_rope NOT RUN: 29s of the 45s cap left (budget) (2026-10-02T03:26:31Z)
=== k7_rmsnorm NOT RUN: 29s of the 45s cap left (budget) (2026-10-02T03:26:31Z)
=== k9_embed NOT RUN: 29s of the 45s cap left (budget) (2026-10-02T03:26:31Z)
=== k10_ce_rows NOT RUN: 29s of the 45s cap left (budget) (2026-10-02T03:26:31Z)
=== gdn_published NOT RUN: 29s of the 45s cap left (budget) (2026-10-02T03:26:31Z)
=== cudadev done in 16s; summary /home/ubuntu/ojas-cuda/cudadev-20261002T032615Z/summary.tsv (runga exit: 0 pass, 1 a check failed, 2 refused, 3 binary cap; tests: 0 pass, 101 a test failed; 124 timeout; 137 killed, by timeout's --kill-after or from outside) (2026-10-02T03:26:31Z)
-- q-fcontrols.log ('===' lines and the fsucc reason lines)
=== F seed 2 option control done (exit 0), 12:00
-- queue markers: cudadev.done cudadev.queued cudadev.started f.ckpt-skip gpu.lock rung0.done 

################ scenario j6a_absent_word
-- substitutions in the test copies (the only differences from the committed scripts)
--- post-f/box_q_rung0.sh.orig	2026-10-02 03:26:14.955785149 +0000
+++ post-f/box_q_rung0.sh	2026-10-02 03:26:14.958994078 +0000
@@ -20,7 +20,7 @@
 BIN=bin/ojas-qwen35-cuda-rung0
 # sha256 of the file copied from the Mac at
 # /Users/bharath/qd-campaign/target-aarch64-linux-ojas-qwen35-cuda/aarch64-unknown-linux-gnu/release/rung0
-BIN_SHA256=04ab105afcbf315d97f439f18c0baf73c659fd8d880ad34547419aa5ac9224f7
+BIN_SHA256=52e522edc690da764a42db59d95d90f1ffe80dd8a748bbbdca1f5058eb7a3c4c
 NV=qd-venv/lib/python3.12/site-packages/nvidia
 say() { echo "=== $* ($(date -u +%Y-%m-%dT%H:%M:%SZ))"; }
 trap 'touch queue/rung0.done' EXIT
--- post-f/box_q_j6a.sh.orig	2026-10-02 03:26:14.963785178 +0000
+++ post-f/box_q_j6a.sh	2026-10-02 03:26:14.966880023 +0000
@@ -32,7 +32,7 @@
 #   REPLAY_DIR         --replay-shards: build 2's replay shard set (<J6A_DATA>/shards/replay);
 #   ATTESTATION        --replay-attestation: decontam 2's attestation for that set;
 #   ATTESTATION_SHA256 its sha256 (campaign/j6a-preregistered.json amendments_pending).
-J6A_DATA=UNSET
+J6A_DATA=phase4-v4-replay-2026-10-02
 REPLAY_DIR=UNSET
 ATTESTATION=UNSET
 ATTESTATION_SHA256=UNSET
--- post-f/box_q_j6a.sh.orig	2026-10-02 03:26:14.970785203 +0000
+++ post-f/box_q_j6a.sh	2026-10-02 03:26:14.973291046 +0000
@@ -33,7 +33,7 @@
 #   ATTESTATION        --replay-attestation: decontam 2's attestation for that set;
 #   ATTESTATION_SHA256 its sha256 (campaign/j6a-preregistered.json amendments_pending).
 J6A_DATA=phase4-v4-replay-2026-10-02
-REPLAY_DIR=UNSET
+REPLAY_DIR=phase4-v4-replay-2026-10-02/shards/replay
 ATTESTATION=UNSET
 ATTESTATION_SHA256=UNSET
 #
--- post-f/box_q_j6a.sh.orig	2026-10-02 03:26:14.976785225 +0000
+++ post-f/box_q_j6a.sh	2026-10-02 03:26:14.979677902 +0000
@@ -34,7 +34,7 @@
 #   ATTESTATION_SHA256 its sha256 (campaign/j6a-preregistered.json amendments_pending).
 J6A_DATA=phase4-v4-replay-2026-10-02
 REPLAY_DIR=phase4-v4-replay-2026-10-02/shards/replay
-ATTESTATION=UNSET
+ATTESTATION=phase4-v4-replay-2026-10-02/replay-attestation.json
 ATTESTATION_SHA256=UNSET
 #
 # Fixed by the pre-registration (campaign/j6a-preregistered.json arm.replay_flags; Fable's J6(a)
--- post-f/box_q_j6a.sh.orig	2026-10-02 03:26:14.986785261 +0000
+++ post-f/box_q_j6a.sh	2026-10-02 03:26:14.988734851 +0000
@@ -35,7 +35,7 @@
 J6A_DATA=phase4-v4-replay-2026-10-02
 REPLAY_DIR=phase4-v4-replay-2026-10-02/shards/replay
 ATTESTATION=phase4-v4-replay-2026-10-02/replay-attestation.json
-ATTESTATION_SHA256=UNSET
+ATTESTATION_SHA256=944b6c7c6f5e760f1e78e6b42672c226e581c858d09be985e2a654b6478b29c5
 #
 # Fixed by the pre-registration (campaign/j6a-preregistered.json arm.replay_flags; Fable's J6(a)
 # ruling, Q2):
-- q-fcontrols.log ('===' lines and the fsucc reason lines)
=== F seed 2 option control done (exit 0), 12:00
-- q-j6a.log ('===' lines and the fsucc reason lines)
=== j6a DEFERRED to the re-plan: fsucc's word is 'absent or not one of: fires:j6f fires:j6dv4 quiet refused', not quiet (Fable Q2: j6a runs only if fsucc was quiet) (03:26:15)
-- queue markers: f.ckpt-skip j5pp.done j6a.done j6a.queued 

################ scenario j6a_f_data
-- substitutions in the test copies (the only differences from the committed scripts)
--- post-f/box_q_rung0.sh.orig	2026-10-02 03:26:11.748773643 +0000
+++ post-f/box_q_rung0.sh	2026-10-02 03:26:11.751515861 +0000
@@ -20,7 +20,7 @@
 BIN=bin/ojas-qwen35-cuda-rung0
 # sha256 of the file copied from the Mac at
 # /Users/bharath/qd-campaign/target-aarch64-linux-ojas-qwen35-cuda/aarch64-unknown-linux-gnu/release/rung0
-BIN_SHA256=04ab105afcbf315d97f439f18c0baf73c659fd8d880ad34547419aa5ac9224f7
+BIN_SHA256=52e522edc690da764a42db59d95d90f1ffe80dd8a748bbbdca1f5058eb7a3c4c
 NV=qd-venv/lib/python3.12/site-packages/nvidia
 say() { echo "=== $* ($(date -u +%Y-%m-%dT%H:%M:%SZ))"; }
 trap 'touch queue/rung0.done' EXIT
--- post-f/box_q_j6a.sh.orig	2026-10-02 03:26:11.761773689 +0000
+++ post-f/box_q_j6a.sh	2026-10-02 03:26:11.766325414 +0000
@@ -32,7 +32,7 @@
 #   REPLAY_DIR         --replay-shards: build 2's replay shard set (<J6A_DATA>/shards/replay);
 #   ATTESTATION        --replay-attestation: decontam 2's attestation for that set;
 #   ATTESTATION_SHA256 its sha256 (campaign/j6a-preregistered.json amendments_pending).
-J6A_DATA=UNSET
+J6A_DATA=phase4-v4-replay-2026-10-02
 REPLAY_DIR=UNSET
 ATTESTATION=UNSET
 ATTESTATION_SHA256=UNSET
--- post-f/box_q_j6a.sh.orig	2026-10-02 03:26:11.774773735 +0000
+++ post-f/box_q_j6a.sh	2026-10-02 03:26:11.778709124 +0000
@@ -33,7 +33,7 @@
 #   ATTESTATION        --replay-attestation: decontam 2's attestation for that set;
 #   ATTESTATION_SHA256 its sha256 (campaign/j6a-preregistered.json amendments_pending).
 J6A_DATA=phase4-v4-replay-2026-10-02
-REPLAY_DIR=UNSET
+REPLAY_DIR=phase4-v4-replay-2026-10-02/shards/replay
 ATTESTATION=UNSET
 ATTESTATION_SHA256=UNSET
 #
--- post-f/box_q_j6a.sh.orig	2026-10-02 03:26:11.785773774 +0000
+++ post-f/box_q_j6a.sh	2026-10-02 03:26:11.788523659 +0000
@@ -34,7 +34,7 @@
 #   ATTESTATION_SHA256 its sha256 (campaign/j6a-preregistered.json amendments_pending).
 J6A_DATA=phase4-v4-replay-2026-10-02
 REPLAY_DIR=phase4-v4-replay-2026-10-02/shards/replay
-ATTESTATION=UNSET
+ATTESTATION=phase4-v4-replay-2026-10-02/replay-attestation.json
 ATTESTATION_SHA256=UNSET
 #
 # Fixed by the pre-registration (campaign/j6a-preregistered.json arm.replay_flags; Fable's J6(a)
--- post-f/box_q_j6a.sh.orig	2026-10-02 03:26:11.801773831 +0000
+++ post-f/box_q_j6a.sh	2026-10-02 03:26:11.803705630 +0000
@@ -35,7 +35,7 @@
 J6A_DATA=phase4-v4-replay-2026-10-02
 REPLAY_DIR=phase4-v4-replay-2026-10-02/shards/replay
 ATTESTATION=phase4-v4-replay-2026-10-02/replay-attestation.json
-ATTESTATION_SHA256=UNSET
+ATTESTATION_SHA256=944b6c7c6f5e760f1e78e6b42672c226e581c858d09be985e2a654b6478b29c5
 #
 # Fixed by the pre-registration (campaign/j6a-preregistered.json arm.replay_flags; Fable's J6(a)
 # ruling, Q2):
--- post-f/box_q_j6a.sh.orig	2026-10-02 03:26:11.866774062 +0000
+++ post-f/box_q_j6a.sh	2026-10-02 03:26:11.870761035 +0000
@@ -32,7 +32,7 @@
 #   REPLAY_DIR         --replay-shards: build 2's replay shard set (<J6A_DATA>/shards/replay);
 #   ATTESTATION        --replay-attestation: decontam 2's attestation for that set;
 #   ATTESTATION_SHA256 its sha256 (campaign/j6a-preregistered.json amendments_pending).
-J6A_DATA=phase4-v4-replay-2026-10-02
+J6A_DATA=phase4-v4-2026-10-01
 REPLAY_DIR=phase4-v4-replay-2026-10-02/shards/replay
 ATTESTATION=phase4-v4-replay-2026-10-02/replay-attestation.json
 ATTESTATION_SHA256=944b6c7c6f5e760f1e78e6b42672c226e581c858d09be985e2a654b6478b29c5
-- fsucc.word: quiet
-- q-fcontrols.log ('===' lines and the fsucc reason lines)
=== F seed 2 option control done (exit 0), 12:00
-- q-j6a.log ('===' lines and the fsucc reason lines)
=== j6a deferred: J6A_DATA is F's own --out (/home/ubuntu/phase4-v4-2026-10-01), not build 2's set; J6(a) NOT RUN (03:26:11)
-- queue markers: f.ckpt-skip fsucc.word j5pp.done j6a.done j6a.queued 

################ scenario j6a_heldout
-- substitutions in the test copies (the only differences from the committed scripts)
--- post-f/box_q_rung0.sh.orig	2026-10-02 03:26:11.397772396 +0000
+++ post-f/box_q_rung0.sh	2026-10-02 03:26:11.399746153 +0000
@@ -20,7 +20,7 @@
 BIN=bin/ojas-qwen35-cuda-rung0
 # sha256 of the file copied from the Mac at
 # /Users/bharath/qd-campaign/target-aarch64-linux-ojas-qwen35-cuda/aarch64-unknown-linux-gnu/release/rung0
-BIN_SHA256=04ab105afcbf315d97f439f18c0baf73c659fd8d880ad34547419aa5ac9224f7
+BIN_SHA256=52e522edc690da764a42db59d95d90f1ffe80dd8a748bbbdca1f5058eb7a3c4c
 NV=qd-venv/lib/python3.12/site-packages/nvidia
 say() { echo "=== $* ($(date -u +%Y-%m-%dT%H:%M:%SZ))"; }
 trap 'touch queue/rung0.done' EXIT
--- post-f/box_q_j6a.sh.orig	2026-10-02 03:26:11.403772417 +0000
+++ post-f/box_q_j6a.sh	2026-10-02 03:26:11.406126884 +0000
@@ -32,7 +32,7 @@
 #   REPLAY_DIR         --replay-shards: build 2's replay shard set (<J6A_DATA>/shards/replay);
 #   ATTESTATION        --replay-attestation: decontam 2's attestation for that set;
 #   ATTESTATION_SHA256 its sha256 (campaign/j6a-preregistered.json amendments_pending).
-J6A_DATA=UNSET
+J6A_DATA=phase4-v4-replay-2026-10-02
 REPLAY_DIR=UNSET
 ATTESTATION=UNSET
 ATTESTATION_SHA256=UNSET
--- post-f/box_q_j6a.sh.orig	2026-10-02 03:26:11.409772438 +0000
+++ post-f/box_q_j6a.sh	2026-10-02 03:26:11.412102197 +0000
@@ -33,7 +33,7 @@
 #   ATTESTATION        --replay-attestation: decontam 2's attestation for that set;
 #   ATTESTATION_SHA256 its sha256 (campaign/j6a-preregistered.json amendments_pending).
 J6A_DATA=phase4-v4-replay-2026-10-02
-REPLAY_DIR=UNSET
+REPLAY_DIR=phase4-v4-replay-2026-10-02/shards/replay
 ATTESTATION=UNSET
 ATTESTATION_SHA256=UNSET
 #
--- post-f/box_q_j6a.sh.orig	2026-10-02 03:26:11.415772460 +0000
+++ post-f/box_q_j6a.sh	2026-10-02 03:26:11.417845759 +0000
@@ -34,7 +34,7 @@
 #   ATTESTATION_SHA256 its sha256 (campaign/j6a-preregistered.json amendments_pending).
 J6A_DATA=phase4-v4-replay-2026-10-02
 REPLAY_DIR=phase4-v4-replay-2026-10-02/shards/replay
-ATTESTATION=UNSET
+ATTESTATION=phase4-v4-replay-2026-10-02/replay-attestation.json
 ATTESTATION_SHA256=UNSET
 #
 # Fixed by the pre-registration (campaign/j6a-preregistered.json arm.replay_flags; Fable's J6(a)
--- post-f/box_q_j6a.sh.orig	2026-10-02 03:26:11.422772485 +0000
+++ post-f/box_q_j6a.sh	2026-10-02 03:26:11.425125743 +0000
@@ -35,7 +35,7 @@
 J6A_DATA=phase4-v4-replay-2026-10-02
 REPLAY_DIR=phase4-v4-replay-2026-10-02/shards/replay
 ATTESTATION=phase4-v4-replay-2026-10-02/replay-attestation.json
-ATTESTATION_SHA256=UNSET
+ATTESTATION_SHA256=944b6c7c6f5e760f1e78e6b42672c226e581c858d09be985e2a654b6478b29c5
 #
 # Fixed by the pre-registration (campaign/j6a-preregistered.json arm.replay_flags; Fable's J6(a)
 # ruling, Q2):
-- fsucc.word: quiet
-- q-fcontrols.log ('===' lines and the fsucc reason lines)
=== F seed 2 option control done (exit 0), 12:00
-- q-j6a.log ('===' lines and the fsucc reason lines)
=== j6a deferred: /home/ubuntu/phase4-v4-replay-2026-10-02/data/heldout exists; J6(a)'s data dir is rsynced without held-out data (rule 3); J6(a) NOT RUN (03:26:11)
-- queue markers: f.ckpt-skip fsucc.word j5pp.done j6a.done j6a.queued 

################ scenario j6a_hits
-- substitutions in the test copies (the only differences from the committed scripts)
--- post-f/box_q_rung0.sh.orig	2026-10-02 03:26:09.800766722 +0000
+++ post-f/box_q_rung0.sh	2026-10-02 03:26:09.807213495 +0000
@@ -20,7 +20,7 @@
 BIN=bin/ojas-qwen35-cuda-rung0
 # sha256 of the file copied from the Mac at
 # /Users/bharath/qd-campaign/target-aarch64-linux-ojas-qwen35-cuda/aarch64-unknown-linux-gnu/release/rung0
-BIN_SHA256=04ab105afcbf315d97f439f18c0baf73c659fd8d880ad34547419aa5ac9224f7
+BIN_SHA256=52e522edc690da764a42db59d95d90f1ffe80dd8a748bbbdca1f5058eb7a3c4c
 NV=qd-venv/lib/python3.12/site-packages/nvidia
 say() { echo "=== $* ($(date -u +%Y-%m-%dT%H:%M:%SZ))"; }
 trap 'touch queue/rung0.done' EXIT
--- post-f/box_q_j6a.sh.orig	2026-10-02 03:26:09.818766786 +0000
+++ post-f/box_q_j6a.sh	2026-10-02 03:26:09.821783588 +0000
@@ -32,7 +32,7 @@
 #   REPLAY_DIR         --replay-shards: build 2's replay shard set (<J6A_DATA>/shards/replay);
 #   ATTESTATION        --replay-attestation: decontam 2's attestation for that set;
 #   ATTESTATION_SHA256 its sha256 (campaign/j6a-preregistered.json amendments_pending).
-J6A_DATA=UNSET
+J6A_DATA=phase4-v4-replay-2026-10-02
 REPLAY_DIR=UNSET
 ATTESTATION=UNSET
 ATTESTATION_SHA256=UNSET
--- post-f/box_q_j6a.sh.orig	2026-10-02 03:26:09.825766811 +0000
+++ post-f/box_q_j6a.sh	2026-10-02 03:26:09.828273694 +0000
@@ -33,7 +33,7 @@
 #   ATTESTATION        --replay-attestation: decontam 2's attestation for that set;
 #   ATTESTATION_SHA256 its sha256 (campaign/j6a-preregistered.json amendments_pending).
 J6A_DATA=phase4-v4-replay-2026-10-02
-REPLAY_DIR=UNSET
+REPLAY_DIR=phase4-v4-replay-2026-10-02/shards/replay
 ATTESTATION=UNSET
 ATTESTATION_SHA256=UNSET
 #
--- post-f/box_q_j6a.sh.orig	2026-10-02 03:26:09.833766839 +0000
+++ post-f/box_q_j6a.sh	2026-10-02 03:26:09.836658391 +0000
@@ -34,7 +34,7 @@
 #   ATTESTATION_SHA256 its sha256 (campaign/j6a-preregistered.json amendments_pending).
 J6A_DATA=phase4-v4-replay-2026-10-02
 REPLAY_DIR=phase4-v4-replay-2026-10-02/shards/replay
-ATTESTATION=UNSET
+ATTESTATION=phase4-v4-replay-2026-10-02/replay-attestation.json
 ATTESTATION_SHA256=UNSET
 #
 # Fixed by the pre-registration (campaign/j6a-preregistered.json arm.replay_flags; Fable's J6(a)
--- post-f/box_q_j6a.sh.orig	2026-10-02 03:26:09.847766889 +0000
+++ post-f/box_q_j6a.sh	2026-10-02 03:26:09.850462232 +0000
@@ -35,7 +35,7 @@
 J6A_DATA=phase4-v4-replay-2026-10-02
 REPLAY_DIR=phase4-v4-replay-2026-10-02/shards/replay
 ATTESTATION=phase4-v4-replay-2026-10-02/replay-attestation.json
-ATTESTATION_SHA256=UNSET
+ATTESTATION_SHA256=14eb9b508425ea575cda6f92e34213cfb2ba6fe7f3ef2b4c3fb0beae0d59266b
 #
 # Fixed by the pre-registration (campaign/j6a-preregistered.json arm.replay_flags; Fable's J6(a)
 # ruling, Q2):
-- fsucc.word: quiet
-- q-fcontrols.log ('===' lines and the fsucc reason lines)
=== F seed 2 option control done (exit 0), 12:00
-- q-j6a.log ('===' lines and the fsucc reason lines)
attestation clean=True hits={'val': 2, 'heldout': 0} replay_rows_checked=3383 replay_rows_total=3383 replay_rows_too_short=0
=== j6a deferred: the attestation is not CLEAN (it needs clean: true, hits 0 on val and heldout, replay_rows_checked == replay_rows_total >= 1) or is unreadable; J6(a) NOT RUN (03:26:10)
-- queue markers: f.ckpt-skip fsucc.word j5pp.done j6a.done j6a.queued 

################ scenario j6a_kill_child
-- substitutions in the test copies (the only differences from the committed scripts)
--- post-f/box_q_rung0.sh.orig	2026-10-02 03:26:13.231778946 +0000
+++ post-f/box_q_rung0.sh	2026-10-02 03:26:13.234211413 +0000
@@ -20,7 +20,7 @@
 BIN=bin/ojas-qwen35-cuda-rung0
 # sha256 of the file copied from the Mac at
 # /Users/bharath/qd-campaign/target-aarch64-linux-ojas-qwen35-cuda/aarch64-unknown-linux-gnu/release/rung0
-BIN_SHA256=04ab105afcbf315d97f439f18c0baf73c659fd8d880ad34547419aa5ac9224f7
+BIN_SHA256=52e522edc690da764a42db59d95d90f1ffe80dd8a748bbbdca1f5058eb7a3c4c
 NV=qd-venv/lib/python3.12/site-packages/nvidia
 say() { echo "=== $* ($(date -u +%Y-%m-%dT%H:%M:%SZ))"; }
 trap 'touch queue/rung0.done' EXIT
--- post-f/box_q_j6a.sh.orig	2026-10-02 03:26:13.238778971 +0000
+++ post-f/box_q_j6a.sh	2026-10-02 03:26:13.241791190 +0000
@@ -32,7 +32,7 @@
 #   REPLAY_DIR         --replay-shards: build 2's replay shard set (<J6A_DATA>/shards/replay);
 #   ATTESTATION        --replay-attestation: decontam 2's attestation for that set;
 #   ATTESTATION_SHA256 its sha256 (campaign/j6a-preregistered.json amendments_pending).
-J6A_DATA=UNSET
+J6A_DATA=phase4-v4-replay-2026-10-02
 REPLAY_DIR=UNSET
 ATTESTATION=UNSET
 ATTESTATION_SHA256=UNSET
--- post-f/box_q_j6a.sh.orig	2026-10-02 03:26:13.244778993 +0000
+++ post-f/box_q_j6a.sh	2026-10-02 03:26:13.247574253 +0000
@@ -33,7 +33,7 @@
 #   ATTESTATION        --replay-attestation: decontam 2's attestation for that set;
 #   ATTESTATION_SHA256 its sha256 (campaign/j6a-preregistered.json amendments_pending).
 J6A_DATA=phase4-v4-replay-2026-10-02
-REPLAY_DIR=UNSET
+REPLAY_DIR=phase4-v4-replay-2026-10-02/shards/replay
 ATTESTATION=UNSET
 ATTESTATION_SHA256=UNSET
 #
--- post-f/box_q_j6a.sh.orig	2026-10-02 03:26:13.374779460 +0000
+++ post-f/box_q_j6a.sh	2026-10-02 03:26:13.378615224 +0000
@@ -34,7 +34,7 @@
 #   ATTESTATION_SHA256 its sha256 (campaign/j6a-preregistered.json amendments_pending).
 J6A_DATA=phase4-v4-replay-2026-10-02
 REPLAY_DIR=phase4-v4-replay-2026-10-02/shards/replay
-ATTESTATION=UNSET
+ATTESTATION=phase4-v4-replay-2026-10-02/replay-attestation.json
 ATTESTATION_SHA256=UNSET
 #
 # Fixed by the pre-registration (campaign/j6a-preregistered.json arm.replay_flags; Fable's J6(a)
--- post-f/box_q_j6a.sh.orig	2026-10-02 03:26:13.399779550 +0000
+++ post-f/box_q_j6a.sh	2026-10-02 03:26:13.402002308 +0000
@@ -35,7 +35,7 @@
 J6A_DATA=phase4-v4-replay-2026-10-02
 REPLAY_DIR=phase4-v4-replay-2026-10-02/shards/replay
 ATTESTATION=phase4-v4-replay-2026-10-02/replay-attestation.json
-ATTESTATION_SHA256=UNSET
+ATTESTATION_SHA256=944b6c7c6f5e760f1e78e6b42672c226e581c858d09be985e2a654b6478b29c5
 #
 # Fixed by the pre-registration (campaign/j6a-preregistered.json arm.replay_flags; Fable's J6(a)
 # ruling, Q2):
-- killer
killed -9 pid 6258: tools/real_ft_run.py --out /home/ubuntu/phase4-v4-replay-2026-10-02 --no-repo-history --rev 881ab304f15ea13529002391dda8520c2ea47af4 --defect-class data/pool/commitpackft-composed-v1 --defect-download
-- fsucc.word: quiet
-- q-fcontrols.log ('===' lines and the fsucc reason lines)
=== F seed 2 option control done (exit 0), 12:00
-- q-j6a.log ('===' lines and the fsucc reason lines)
attestation clean=True hits={'val': 0, 'heldout': 0} replay_rows_checked=3383 replay_rows_total=3383 replay_rows_too_short=0
=== j6a prelude (CPU, nice 10, cap 1800s): real_ft_run.main on J6(a)'s argv, stopping at Ledger(args.ledger) after _replay_plan (03:26:13)
replay: 7 batches from /home/ubuntu/phase4-v4-replay-2026-10-02/shards/replay (attestation 944b6c7c6f5e760f), weight 1.0, every 6
PRELUDE OK in 1 s: prelude complete; stopped at Ledger(x) after _replay_plan
=== j6a prelude OK (03:26:14)
=== j6a (J6(a) +replay, seed 0) at a502670: data /home/ubuntu/phase4-v4-replay-2026-10-02, replay /home/ubuntu/phase4-v4-replay-2026-10-02/shards/replay, weight 1.0 every 6, ledger /home/ubuntu/ledger/gh200-j6a-v4-2026-10-02.jsonl (03:26:14)
=== J6(a) train+score done (exit 137) (03:26:14)
=== J6(a) replay report (report-only): NOT MET by this run -- a502670 does not emit per-step replay_log, so the first/last 20 replay KLs are not available (GAP-J6A-REPLAY-LOG-NOT-EMITTED-AT-A502670-2026-10-02). What it emits: (03:26:14)
=== J6(a) replay report: no replay keys in /home/ubuntu/j6a-v4/train.log (03:26:14)
=== J6(a) replay report: the checkpoint's loss_log could not be read (03:26:14)
=== J6(a): no ft row or checkpoint from this run; its needle control NOT RUN (03:26:14)
-- queue markers: f.ckpt-skip fsucc.word gpu.lock j5pp.done j6a.done j6a.queued j6a.started 

################ scenario j6a_one_unset
-- substitutions in the test copies (the only differences from the committed scripts)
--- post-f/box_q_rung0.sh.orig	2026-10-02 03:26:12.563776542 +0000
+++ post-f/box_q_rung0.sh	2026-10-02 03:26:12.565776549 +0000
@@ -20,7 +20,7 @@
 BIN=bin/ojas-qwen35-cuda-rung0
 # sha256 of the file copied from the Mac at
 # /Users/bharath/qd-campaign/target-aarch64-linux-ojas-qwen35-cuda/aarch64-unknown-linux-gnu/release/rung0
-BIN_SHA256=04ab105afcbf315d97f439f18c0baf73c659fd8d880ad34547419aa5ac9224f7
+BIN_SHA256=52e522edc690da764a42db59d95d90f1ffe80dd8a748bbbdca1f5058eb7a3c4c
 NV=qd-venv/lib/python3.12/site-packages/nvidia
 say() { echo "=== $* ($(date -u +%Y-%m-%dT%H:%M:%SZ))"; }
 trap 'touch queue/rung0.done' EXIT
--- post-f/box_q_j6a.sh.orig	2026-10-02 03:26:12.574776582 +0000
+++ post-f/box_q_j6a.sh	2026-10-02 03:26:12.577776593 +0000
@@ -32,7 +32,7 @@
 #   REPLAY_DIR         --replay-shards: build 2's replay shard set (<J6A_DATA>/shards/replay);
 #   ATTESTATION        --replay-attestation: decontam 2's attestation for that set;
 #   ATTESTATION_SHA256 its sha256 (campaign/j6a-preregistered.json amendments_pending).
-J6A_DATA=UNSET
+J6A_DATA=phase4-v4-replay-2026-10-02
 REPLAY_DIR=UNSET
 ATTESTATION=UNSET
 ATTESTATION_SHA256=UNSET
--- post-f/box_q_j6a.sh.orig	2026-10-02 03:26:12.580776603 +0000
+++ post-f/box_q_j6a.sh	2026-10-02 03:26:12.584072074 +0000
@@ -33,7 +33,7 @@
 #   ATTESTATION        --replay-attestation: decontam 2's attestation for that set;
 #   ATTESTATION_SHA256 its sha256 (campaign/j6a-preregistered.json amendments_pending).
 J6A_DATA=phase4-v4-replay-2026-10-02
-REPLAY_DIR=UNSET
+REPLAY_DIR=phase4-v4-replay-2026-10-02/shards/replay
 ATTESTATION=UNSET
 ATTESTATION_SHA256=UNSET
 #
--- post-f/box_q_j6a.sh.orig	2026-10-02 03:26:12.586776625 +0000
+++ post-f/box_q_j6a.sh	2026-10-02 03:26:12.589207717 +0000
@@ -34,7 +34,7 @@
 #   ATTESTATION_SHA256 its sha256 (campaign/j6a-preregistered.json amendments_pending).
 J6A_DATA=phase4-v4-replay-2026-10-02
 REPLAY_DIR=phase4-v4-replay-2026-10-02/shards/replay
-ATTESTATION=UNSET
+ATTESTATION=phase4-v4-replay-2026-10-02/replay-attestation.json
 ATTESTATION_SHA256=UNSET
 #
 # Fixed by the pre-registration (campaign/j6a-preregistered.json arm.replay_flags; Fable's J6(a)
--- post-f/box_q_j6a.sh.orig	2026-10-02 03:26:12.594776654 +0000
+++ post-f/box_q_j6a.sh	2026-10-02 03:26:12.597145871 +0000
@@ -35,7 +35,7 @@
 J6A_DATA=phase4-v4-replay-2026-10-02
 REPLAY_DIR=phase4-v4-replay-2026-10-02/shards/replay
 ATTESTATION=phase4-v4-replay-2026-10-02/replay-attestation.json
-ATTESTATION_SHA256=UNSET
+ATTESTATION_SHA256=944b6c7c6f5e760f1e78e6b42672c226e581c858d09be985e2a654b6478b29c5
 #
 # Fixed by the pre-registration (campaign/j6a-preregistered.json arm.replay_flags; Fable's J6(a)
 # ruling, Q2):
--- post-f/box_q_j6a.sh.orig	2026-10-02 03:26:12.614776726 +0000
+++ post-f/box_q_j6a.sh	2026-10-02 03:26:12.617025525 +0000
@@ -35,7 +35,7 @@
 J6A_DATA=phase4-v4-replay-2026-10-02
 REPLAY_DIR=phase4-v4-replay-2026-10-02/shards/replay
 ATTESTATION=phase4-v4-replay-2026-10-02/replay-attestation.json
-ATTESTATION_SHA256=944b6c7c6f5e760f1e78e6b42672c226e581c858d09be985e2a654b6478b29c5
+ATTESTATION_SHA256=UNSET
 #
 # Fixed by the pre-registration (campaign/j6a-preregistered.json arm.replay_flags; Fable's J6(a)
 # ruling, Q2):
-- fsucc.word: quiet
-- q-fcontrols.log ('===' lines and the fsucc reason lines)
=== F seed 2 option control done (exit 0), 12:00
-- q-j6a.log ('===' lines and the fsucc reason lines)
=== j6a deferred: pins UNSET: ATTESTATION_SHA256 (fsucc was quiet; fail-closed until the lead fills them from L-replay's HANDOFF); J6(a) NOT RUN (03:26:12)
-- queue markers: f.ckpt-skip fsucc.word j5pp.done j6a.done j6a.queued 

################ scenario j6a_partial_check
-- substitutions in the test copies (the only differences from the committed scripts)
--- post-f/box_q_rung0.sh.orig	2026-10-02 03:26:10.330768605 +0000
+++ post-f/box_q_rung0.sh	2026-10-02 03:26:10.332727862 +0000
@@ -20,7 +20,7 @@
 BIN=bin/ojas-qwen35-cuda-rung0
 # sha256 of the file copied from the Mac at
 # /Users/bharath/qd-campaign/target-aarch64-linux-ojas-qwen35-cuda/aarch64-unknown-linux-gnu/release/rung0
-BIN_SHA256=04ab105afcbf315d97f439f18c0baf73c659fd8d880ad34547419aa5ac9224f7
+BIN_SHA256=52e522edc690da764a42db59d95d90f1ffe80dd8a748bbbdca1f5058eb7a3c4c
 NV=qd-venv/lib/python3.12/site-packages/nvidia
 say() { echo "=== $* ($(date -u +%Y-%m-%dT%H:%M:%SZ))"; }
 trap 'touch queue/rung0.done' EXIT
--- post-f/box_q_j6a.sh.orig	2026-10-02 03:26:10.340768640 +0000
+++ post-f/box_q_j6a.sh	2026-10-02 03:26:10.344050485 +0000
@@ -32,7 +32,7 @@
 #   REPLAY_DIR         --replay-shards: build 2's replay shard set (<J6A_DATA>/shards/replay);
 #   ATTESTATION        --replay-attestation: decontam 2's attestation for that set;
 #   ATTESTATION_SHA256 its sha256 (campaign/j6a-preregistered.json amendments_pending).
-J6A_DATA=UNSET
+J6A_DATA=phase4-v4-replay-2026-10-02
 REPLAY_DIR=UNSET
 ATTESTATION=UNSET
 ATTESTATION_SHA256=UNSET
--- post-f/box_q_j6a.sh.orig	2026-10-02 03:26:10.348768669 +0000
+++ post-f/box_q_j6a.sh	2026-10-02 03:26:10.352175222 +0000
@@ -33,7 +33,7 @@
 #   ATTESTATION        --replay-attestation: decontam 2's attestation for that set;
 #   ATTESTATION_SHA256 its sha256 (campaign/j6a-preregistered.json amendments_pending).
 J6A_DATA=phase4-v4-replay-2026-10-02
-REPLAY_DIR=UNSET
+REPLAY_DIR=phase4-v4-replay-2026-10-02/shards/replay
 ATTESTATION=UNSET
 ATTESTATION_SHA256=UNSET
 #
--- post-f/box_q_j6a.sh.orig	2026-10-02 03:26:10.357768701 +0000
+++ post-f/box_q_j6a.sh	2026-10-02 03:26:10.361448839 +0000
@@ -34,7 +34,7 @@
 #   ATTESTATION_SHA256 its sha256 (campaign/j6a-preregistered.json amendments_pending).
 J6A_DATA=phase4-v4-replay-2026-10-02
 REPLAY_DIR=phase4-v4-replay-2026-10-02/shards/replay
-ATTESTATION=UNSET
+ATTESTATION=phase4-v4-replay-2026-10-02/replay-attestation.json
 ATTESTATION_SHA256=UNSET
 #
 # Fixed by the pre-registration (campaign/j6a-preregistered.json arm.replay_flags; Fable's J6(a)
--- post-f/box_q_j6a.sh.orig	2026-10-02 03:26:10.366768733 +0000
+++ post-f/box_q_j6a.sh	2026-10-02 03:26:10.369907077 +0000
@@ -35,7 +35,7 @@
 J6A_DATA=phase4-v4-replay-2026-10-02
 REPLAY_DIR=phase4-v4-replay-2026-10-02/shards/replay
 ATTESTATION=phase4-v4-replay-2026-10-02/replay-attestation.json
-ATTESTATION_SHA256=UNSET
+ATTESTATION_SHA256=eac21b087251e7f9d831d5772337f7a23db7d0291af07abf19d64a34da71e0d3
 #
 # Fixed by the pre-registration (campaign/j6a-preregistered.json arm.replay_flags; Fable's J6(a)
 # ruling, Q2):
-- fsucc.word: quiet
-- q-fcontrols.log ('===' lines and the fsucc reason lines)
=== F seed 2 option control done (exit 0), 12:00
-- q-j6a.log ('===' lines and the fsucc reason lines)
attestation clean=True hits={'val': 0, 'heldout': 0} replay_rows_checked=3200 replay_rows_total=3383 replay_rows_too_short=0
=== j6a deferred: the attestation is not CLEAN (it needs clean: true, hits 0 on val and heldout, replay_rows_checked == replay_rows_total >= 1) or is unreadable; J6(a) NOT RUN (03:26:10)
-- queue markers: f.ckpt-skip fsucc.word j5pp.done j6a.done j6a.queued 

################ scenario j6a_pin_mismatch
-- substitutions in the test copies (the only differences from the committed scripts)
--- post-f/box_q_rung0.sh.orig	2026-10-02 03:26:10.674769827 +0000
+++ post-f/box_q_rung0.sh	2026-10-02 03:26:10.677883463 +0000
@@ -20,7 +20,7 @@
 BIN=bin/ojas-qwen35-cuda-rung0
 # sha256 of the file copied from the Mac at
 # /Users/bharath/qd-campaign/target-aarch64-linux-ojas-qwen35-cuda/aarch64-unknown-linux-gnu/release/rung0
-BIN_SHA256=04ab105afcbf315d97f439f18c0baf73c659fd8d880ad34547419aa5ac9224f7
+BIN_SHA256=52e522edc690da764a42db59d95d90f1ffe80dd8a748bbbdca1f5058eb7a3c4c
 NV=qd-venv/lib/python3.12/site-packages/nvidia
 say() { echo "=== $* ($(date -u +%Y-%m-%dT%H:%M:%SZ))"; }
 trap 'touch queue/rung0.done' EXIT
--- post-f/box_q_j6a.sh.orig	2026-10-02 03:26:10.683769859 +0000
+++ post-f/box_q_j6a.sh	2026-10-02 03:26:10.685913283 +0000
@@ -32,7 +32,7 @@
 #   REPLAY_DIR         --replay-shards: build 2's replay shard set (<J6A_DATA>/shards/replay);
 #   ATTESTATION        --replay-attestation: decontam 2's attestation for that set;
 #   ATTESTATION_SHA256 its sha256 (campaign/j6a-preregistered.json amendments_pending).
-J6A_DATA=UNSET
+J6A_DATA=phase4-v4-replay-2026-10-02
 REPLAY_DIR=UNSET
 ATTESTATION=UNSET
 ATTESTATION_SHA256=UNSET
--- post-f/box_q_j6a.sh.orig	2026-10-02 03:26:10.688769877 +0000
+++ post-f/box_q_j6a.sh	2026-10-02 03:26:10.691225344 +0000
@@ -33,7 +33,7 @@
 #   ATTESTATION        --replay-attestation: decontam 2's attestation for that set;
 #   ATTESTATION_SHA256 its sha256 (campaign/j6a-preregistered.json amendments_pending).
 J6A_DATA=phase4-v4-replay-2026-10-02
-REPLAY_DIR=UNSET
+REPLAY_DIR=phase4-v4-replay-2026-10-02/shards/replay
 ATTESTATION=UNSET
 ATTESTATION_SHA256=UNSET
 #
--- post-f/box_q_j6a.sh.orig	2026-10-02 03:26:10.694769898 +0000
+++ post-f/box_q_j6a.sh	2026-10-02 03:26:10.696769905 +0000
@@ -34,7 +34,7 @@
 #   ATTESTATION_SHA256 its sha256 (campaign/j6a-preregistered.json amendments_pending).
 J6A_DATA=phase4-v4-replay-2026-10-02
 REPLAY_DIR=phase4-v4-replay-2026-10-02/shards/replay
-ATTESTATION=UNSET
+ATTESTATION=phase4-v4-replay-2026-10-02/replay-attestation.json
 ATTESTATION_SHA256=UNSET
 #
 # Fixed by the pre-registration (campaign/j6a-preregistered.json arm.replay_flags; Fable's J6(a)
--- post-f/box_q_j6a.sh.orig	2026-10-02 03:26:10.702769926 +0000
+++ post-f/box_q_j6a.sh	2026-10-02 03:26:10.705086851 +0000
@@ -35,7 +35,7 @@
 J6A_DATA=phase4-v4-replay-2026-10-02
 REPLAY_DIR=phase4-v4-replay-2026-10-02/shards/replay
 ATTESTATION=phase4-v4-replay-2026-10-02/replay-attestation.json
-ATTESTATION_SHA256=UNSET
+ATTESTATION_SHA256=944b6c7c6f5e760f1e78e6b42672c226e581c858d09be985e2a654b6478b29c5
 #
 # Fixed by the pre-registration (campaign/j6a-preregistered.json arm.replay_flags; Fable's J6(a)
 # ruling, Q2):
-- fsucc.word: quiet
-- q-fcontrols.log ('===' lines and the fsucc reason lines)
=== F seed 2 option control done (exit 0), 12:00
-- q-j6a.log ('===' lines and the fsucc reason lines)
=== /home/ubuntu/phase4-v4-replay-2026-10-02/replay-attestation.json is sha256 9c021a0c9ba64adce9ac6723fc8c8b8ee3b93260df2fa3f4cba431fa21a9ca38, not 944b6c7c6f5e760f1e78e6b42672c226e581c858d09be985e2a654b6478b29c5; refusing (03:26:10)
=== j6a deferred: the attestation is not the pinned one; J6(a) NOT RUN (03:26:10)
-- queue markers: f.ckpt-skip fsucc.word j5pp.done j6a.done j6a.queued 

################ scenario j6a_prelude_fail
-- substitutions in the test copies (the only differences from the committed scripts)
--- post-f/box_q_rung0.sh.orig	2026-10-02 03:26:05.522751522 +0000
+++ post-f/box_q_rung0.sh	2026-10-02 03:26:05.524799404 +0000
@@ -20,7 +20,7 @@
 BIN=bin/ojas-qwen35-cuda-rung0
 # sha256 of the file copied from the Mac at
 # /Users/bharath/qd-campaign/target-aarch64-linux-ojas-qwen35-cuda/aarch64-unknown-linux-gnu/release/rung0
-BIN_SHA256=04ab105afcbf315d97f439f18c0baf73c659fd8d880ad34547419aa5ac9224f7
+BIN_SHA256=52e522edc690da764a42db59d95d90f1ffe80dd8a748bbbdca1f5058eb7a3c4c
 NV=qd-venv/lib/python3.12/site-packages/nvidia
 say() { echo "=== $* ($(date -u +%Y-%m-%dT%H:%M:%SZ))"; }
 trap 'touch queue/rung0.done' EXIT
--- post-f/box_q_j6a.sh.orig	2026-10-02 03:26:05.528751543 +0000
+++ post-f/box_q_j6a.sh	2026-10-02 03:26:05.530470800 +0000
@@ -32,7 +32,7 @@
 #   REPLAY_DIR         --replay-shards: build 2's replay shard set (<J6A_DATA>/shards/replay);
 #   ATTESTATION        --replay-attestation: decontam 2's attestation for that set;
 #   ATTESTATION_SHA256 its sha256 (campaign/j6a-preregistered.json amendments_pending).
-J6A_DATA=UNSET
+J6A_DATA=phase4-v4-replay-2026-10-02
 REPLAY_DIR=UNSET
 ATTESTATION=UNSET
 ATTESTATION_SHA256=UNSET
--- post-f/box_q_j6a.sh.orig	2026-10-02 03:26:05.532751558 +0000
+++ post-f/box_q_j6a.sh	2026-10-02 03:26:05.534617523 +0000
@@ -33,7 +33,7 @@
 #   ATTESTATION        --replay-attestation: decontam 2's attestation for that set;
 #   ATTESTATION_SHA256 its sha256 (campaign/j6a-preregistered.json amendments_pending).
 J6A_DATA=phase4-v4-replay-2026-10-02
-REPLAY_DIR=UNSET
+REPLAY_DIR=phase4-v4-replay-2026-10-02/shards/replay
 ATTESTATION=UNSET
 ATTESTATION_SHA256=UNSET
 #
--- post-f/box_q_j6a.sh.orig	2026-10-02 03:26:05.537751575 +0000
+++ post-f/box_q_j6a.sh	2026-10-02 03:26:05.539518957 +0000
@@ -34,7 +34,7 @@
 #   ATTESTATION_SHA256 its sha256 (campaign/j6a-preregistered.json amendments_pending).
 J6A_DATA=phase4-v4-replay-2026-10-02
 REPLAY_DIR=phase4-v4-replay-2026-10-02/shards/replay
-ATTESTATION=UNSET
+ATTESTATION=phase4-v4-replay-2026-10-02/replay-attestation.json
 ATTESTATION_SHA256=UNSET
 #
 # Fixed by the pre-registration (campaign/j6a-preregistered.json arm.replay_flags; Fable's J6(a)
--- post-f/box_q_j6a.sh.orig	2026-10-02 03:26:05.544751600 +0000
+++ post-f/box_q_j6a.sh	2026-10-02 03:26:05.546582440 +0000
@@ -35,7 +35,7 @@
 J6A_DATA=phase4-v4-replay-2026-10-02
 REPLAY_DIR=phase4-v4-replay-2026-10-02/shards/replay
 ATTESTATION=phase4-v4-replay-2026-10-02/replay-attestation.json
-ATTESTATION_SHA256=UNSET
+ATTESTATION_SHA256=944b6c7c6f5e760f1e78e6b42672c226e581c858d09be985e2a654b6478b29c5
 #
 # Fixed by the pre-registration (campaign/j6a-preregistered.json arm.replay_flags; Fable's J6(a)
 # ruling, Q2):
-- fsucc.word: quiet
-- q-fcontrols.log ('===' lines and the fsucc reason lines)
=== F seed 2 option control done (exit 0), 12:00
-- q-j6a.log ('===' lines and the fsucc reason lines)
attestation clean=True hits={'val': 0, 'heldout': 0} replay_rows_checked=3383 replay_rows_total=3383 replay_rows_too_short=0
=== j6a prelude (CPU, nice 10, cap 1800s): real_ft_run.main on J6(a)'s argv, stopping at Ledger(args.ledger) after _replay_plan (03:26:05)
=== j6a STOPPED: the prelude failed (exit 1; it must exit 0, print PRELUDE OK and main's 'replay: N batches from /home/ubuntu/phase4-v4-replay-2026-10-02/shards/replay (attestation 944b6c7c6f5e760f), weight 1.0, every 6' line); J6(a) NOT RUN; log /home/ubuntu/j6a-v4/prelude.log (03:26:06)
-- queue markers: f.ckpt-skip fsucc.word gpu.lock j5pp.done j6a.done j6a.queued j6a.started 

################ scenario j6a_prelude_noline
-- substitutions in the test copies (the only differences from the committed scripts)
--- post-f/box_q_rung0.sh.orig	2026-10-02 03:26:06.668755594 +0000
+++ post-f/box_q_rung0.sh	2026-10-02 03:26:06.671212436 +0000
@@ -20,7 +20,7 @@
 BIN=bin/ojas-qwen35-cuda-rung0
 # sha256 of the file copied from the Mac at
 # /Users/bharath/qd-campaign/target-aarch64-linux-ojas-qwen35-cuda/aarch64-unknown-linux-gnu/release/rung0
-BIN_SHA256=04ab105afcbf315d97f439f18c0baf73c659fd8d880ad34547419aa5ac9224f7
+BIN_SHA256=52e522edc690da764a42db59d95d90f1ffe80dd8a748bbbdca1f5058eb7a3c4c
 NV=qd-venv/lib/python3.12/site-packages/nvidia
 say() { echo "=== $* ($(date -u +%Y-%m-%dT%H:%M:%SZ))"; }
 trap 'touch queue/rung0.done' EXIT
--- post-f/box_q_j6a.sh.orig	2026-10-02 03:26:06.674755615 +0000
+++ post-f/box_q_j6a.sh	2026-10-02 03:26:06.676431621 +0000
@@ -32,7 +32,7 @@
 #   REPLAY_DIR         --replay-shards: build 2's replay shard set (<J6A_DATA>/shards/replay);
 #   ATTESTATION        --replay-attestation: decontam 2's attestation for that set;
 #   ATTESTATION_SHA256 its sha256 (campaign/j6a-preregistered.json amendments_pending).
-J6A_DATA=UNSET
+J6A_DATA=phase4-v4-replay-2026-10-02
 REPLAY_DIR=UNSET
 ATTESTATION=UNSET
 ATTESTATION_SHA256=UNSET
--- post-f/box_q_j6a.sh.orig	2026-10-02 03:26:06.679755633 +0000
+++ post-f/box_q_j6a.sh	2026-10-02 03:26:06.681407514 +0000
@@ -33,7 +33,7 @@
 #   ATTESTATION        --replay-attestation: decontam 2's attestation for that set;
 #   ATTESTATION_SHA256 its sha256 (campaign/j6a-preregistered.json amendments_pending).
 J6A_DATA=phase4-v4-replay-2026-10-02
-REPLAY_DIR=UNSET
+REPLAY_DIR=phase4-v4-replay-2026-10-02/shards/replay
 ATTESTATION=UNSET
 ATTESTATION_SHA256=UNSET
 #
--- post-f/box_q_j6a.sh.orig	2026-10-02 03:26:06.683755647 +0000
+++ post-f/box_q_j6a.sh	2026-10-02 03:26:06.686127739 +0000
@@ -34,7 +34,7 @@
 #   ATTESTATION_SHA256 its sha256 (campaign/j6a-preregistered.json amendments_pending).
 J6A_DATA=phase4-v4-replay-2026-10-02
 REPLAY_DIR=phase4-v4-replay-2026-10-02/shards/replay
-ATTESTATION=UNSET
+ATTESTATION=phase4-v4-replay-2026-10-02/replay-attestation.json
 ATTESTATION_SHA256=UNSET
 #
 # Fixed by the pre-registration (campaign/j6a-preregistered.json arm.replay_flags; Fable's J6(a)
--- post-f/box_q_j6a.sh.orig	2026-10-02 03:26:06.690755672 +0000
+++ post-f/box_q_j6a.sh	2026-10-02 03:26:06.693269264 +0000
@@ -35,7 +35,7 @@
 J6A_DATA=phase4-v4-replay-2026-10-02
 REPLAY_DIR=phase4-v4-replay-2026-10-02/shards/replay
 ATTESTATION=phase4-v4-replay-2026-10-02/replay-attestation.json
-ATTESTATION_SHA256=UNSET
+ATTESTATION_SHA256=944b6c7c6f5e760f1e78e6b42672c226e581c858d09be985e2a654b6478b29c5
 #
 # Fixed by the pre-registration (campaign/j6a-preregistered.json arm.replay_flags; Fable's J6(a)
 # ruling, Q2):
-- fsucc.word: quiet
-- q-fcontrols.log ('===' lines and the fsucc reason lines)
=== F seed 2 option control done (exit 0), 12:00
-- q-j6a.log ('===' lines and the fsucc reason lines)
attestation clean=True hits={'val': 0, 'heldout': 0} replay_rows_checked=3383 replay_rows_total=3383 replay_rows_too_short=0
=== j6a prelude (CPU, nice 10, cap 1800s): real_ft_run.main on J6(a)'s argv, stopping at Ledger(args.ledger) after _replay_plan (03:26:07)
PRELUDE OK in 1 s: prelude complete; stopped at Ledger(x) after _replay_plan
=== j6a STOPPED: the prelude failed (exit 0; it must exit 0, print PRELUDE OK and main's 'replay: N batches from /home/ubuntu/phase4-v4-replay-2026-10-02/shards/replay (attestation 944b6c7c6f5e760f), weight 1.0, every 6' line); J6(a) NOT RUN; log /home/ubuntu/j6a-v4/prelude.log (03:26:07)
-- queue markers: f.ckpt-skip fsucc.word gpu.lock j5pp.done j6a.done j6a.queued j6a.started 

################ scenario j6a_prelude_pin
-- substitutions in the test copies (the only differences from the committed scripts)
--- post-f/box_q_rung0.sh.orig	2026-10-02 03:26:11.028771085 +0000
+++ post-f/box_q_rung0.sh	2026-10-02 03:26:11.030775425 +0000
@@ -20,7 +20,7 @@
 BIN=bin/ojas-qwen35-cuda-rung0
 # sha256 of the file copied from the Mac at
 # /Users/bharath/qd-campaign/target-aarch64-linux-ojas-qwen35-cuda/aarch64-unknown-linux-gnu/release/rung0
-BIN_SHA256=04ab105afcbf315d97f439f18c0baf73c659fd8d880ad34547419aa5ac9224f7
+BIN_SHA256=52e522edc690da764a42db59d95d90f1ffe80dd8a748bbbdca1f5058eb7a3c4c
 NV=qd-venv/lib/python3.12/site-packages/nvidia
 say() { echo "=== $* ($(date -u +%Y-%m-%dT%H:%M:%SZ))"; }
 trap 'touch queue/rung0.done' EXIT
--- post-f/box_q_j6a.sh.orig	2026-10-02 03:26:11.035771110 +0000
+++ post-f/box_q_j6a.sh	2026-10-02 03:26:11.038240285 +0000
@@ -32,7 +32,7 @@
 #   REPLAY_DIR         --replay-shards: build 2's replay shard set (<J6A_DATA>/shards/replay);
 #   ATTESTATION        --replay-attestation: decontam 2's attestation for that set;
 #   ATTESTATION_SHA256 its sha256 (campaign/j6a-preregistered.json amendments_pending).
-J6A_DATA=UNSET
+J6A_DATA=phase4-v4-replay-2026-10-02
 REPLAY_DIR=UNSET
 ATTESTATION=UNSET
 ATTESTATION_SHA256=UNSET
--- post-f/box_q_j6a.sh.orig	2026-10-02 03:26:11.041771131 +0000
+++ post-f/box_q_j6a.sh	2026-10-02 03:26:11.044014806 +0000
@@ -33,7 +33,7 @@
 #   ATTESTATION        --replay-attestation: decontam 2's attestation for that set;
 #   ATTESTATION_SHA256 its sha256 (campaign/j6a-preregistered.json amendments_pending).
 J6A_DATA=phase4-v4-replay-2026-10-02
-REPLAY_DIR=UNSET
+REPLAY_DIR=phase4-v4-replay-2026-10-02/shards/replay
 ATTESTATION=UNSET
 ATTESTATION_SHA256=UNSET
 #
--- post-f/box_q_j6a.sh.orig	2026-10-02 03:26:11.046771149 +0000
+++ post-f/box_q_j6a.sh	2026-10-02 03:26:11.048920365 +0000
@@ -34,7 +34,7 @@
 #   ATTESTATION_SHA256 its sha256 (campaign/j6a-preregistered.json amendments_pending).
 J6A_DATA=phase4-v4-replay-2026-10-02
 REPLAY_DIR=phase4-v4-replay-2026-10-02/shards/replay
-ATTESTATION=UNSET
+ATTESTATION=phase4-v4-replay-2026-10-02/replay-attestation.json
 ATTESTATION_SHA256=UNSET
 #
 # Fixed by the pre-registration (campaign/j6a-preregistered.json arm.replay_flags; Fable's J6(a)
--- post-f/box_q_j6a.sh.orig	2026-10-02 03:26:11.053771174 +0000
+++ post-f/box_q_j6a.sh	2026-10-02 03:26:11.056153265 +0000
@@ -35,7 +35,7 @@
 J6A_DATA=phase4-v4-replay-2026-10-02
 REPLAY_DIR=phase4-v4-replay-2026-10-02/shards/replay
 ATTESTATION=phase4-v4-replay-2026-10-02/replay-attestation.json
-ATTESTATION_SHA256=UNSET
+ATTESTATION_SHA256=944b6c7c6f5e760f1e78e6b42672c226e581c858d09be985e2a654b6478b29c5
 #
 # Fixed by the pre-registration (campaign/j6a-preregistered.json arm.replay_flags; Fable's J6(a)
 # ruling, Q2):
-- fsucc.word: quiet
-- q-fcontrols.log ('===' lines and the fsucc reason lines)
=== F seed 2 option control done (exit 0), 12:00
-- q-j6a.log ('===' lines and the fsucc reason lines)
=== /home/ubuntu/post-f/j6a_prelude_box.py is sha256 285128d76e498e80b33e5db7f7e7d88cc6856e1bf54adc1d7d604b754f2e7df1, not 415d09eb799b50e9d756ec1527dcf193b01c93c510634b97ff6673848ec96e70; refusing (03:26:11)
=== j6a deferred: the prelude is not the pinned one; J6(a) NOT RUN (03:26:11)
-- queue markers: f.ckpt-skip fsucc.word j5pp.done j6a.done j6a.queued 

################ scenario j6a_prelude_wrongatt
-- substitutions in the test copies (the only differences from the committed scripts)
--- post-f/box_q_rung0.sh.orig	2026-10-02 03:26:07.975760238 +0000
+++ post-f/box_q_rung0.sh	2026-10-02 03:26:07.980290045 +0000
@@ -20,7 +20,7 @@
 BIN=bin/ojas-qwen35-cuda-rung0
 # sha256 of the file copied from the Mac at
 # /Users/bharath/qd-campaign/target-aarch64-linux-ojas-qwen35-cuda/aarch64-unknown-linux-gnu/release/rung0
-BIN_SHA256=04ab105afcbf315d97f439f18c0baf73c659fd8d880ad34547419aa5ac9224f7
+BIN_SHA256=52e522edc690da764a42db59d95d90f1ffe80dd8a748bbbdca1f5058eb7a3c4c
 NV=qd-venv/lib/python3.12/site-packages/nvidia
 say() { echo "=== $* ($(date -u +%Y-%m-%dT%H:%M:%SZ))"; }
 trap 'touch queue/rung0.done' EXIT
--- post-f/box_q_j6a.sh.orig	2026-10-02 03:26:07.997760316 +0000
+++ post-f/box_q_j6a.sh	2026-10-02 03:26:08.000301825 +0000
@@ -32,7 +32,7 @@
 #   REPLAY_DIR         --replay-shards: build 2's replay shard set (<J6A_DATA>/shards/replay);
 #   ATTESTATION        --replay-attestation: decontam 2's attestation for that set;
 #   ATTESTATION_SHA256 its sha256 (campaign/j6a-preregistered.json amendments_pending).
-J6A_DATA=UNSET
+J6A_DATA=phase4-v4-replay-2026-10-02
 REPLAY_DIR=UNSET
 ATTESTATION=UNSET
 ATTESTATION_SHA256=UNSET
--- post-f/box_q_j6a.sh.orig	2026-10-02 03:26:08.019760394 +0000
+++ post-f/box_q_j6a.sh	2026-10-02 03:26:08.024760412 +0000
@@ -33,7 +33,7 @@
 #   ATTESTATION        --replay-attestation: decontam 2's attestation for that set;
 #   ATTESTATION_SHA256 its sha256 (campaign/j6a-preregistered.json amendments_pending).
 J6A_DATA=phase4-v4-replay-2026-10-02
-REPLAY_DIR=UNSET
+REPLAY_DIR=phase4-v4-replay-2026-10-02/shards/replay
 ATTESTATION=UNSET
 ATTESTATION_SHA256=UNSET
 #
--- post-f/box_q_j6a.sh.orig	2026-10-02 03:26:08.029760429 +0000
+++ post-f/box_q_j6a.sh	2026-10-02 03:26:08.032356939 +0000
@@ -34,7 +34,7 @@
 #   ATTESTATION_SHA256 its sha256 (campaign/j6a-preregistered.json amendments_pending).
 J6A_DATA=phase4-v4-replay-2026-10-02
 REPLAY_DIR=phase4-v4-replay-2026-10-02/shards/replay
-ATTESTATION=UNSET
+ATTESTATION=phase4-v4-replay-2026-10-02/replay-attestation.json
 ATTESTATION_SHA256=UNSET
 #
 # Fixed by the pre-registration (campaign/j6a-preregistered.json arm.replay_flags; Fable's J6(a)
--- post-f/box_q_j6a.sh.orig	2026-10-02 03:26:08.038760461 +0000
+++ post-f/box_q_j6a.sh	2026-10-02 03:26:08.042841643 +0000
@@ -35,7 +35,7 @@
 J6A_DATA=phase4-v4-replay-2026-10-02
 REPLAY_DIR=phase4-v4-replay-2026-10-02/shards/replay
 ATTESTATION=phase4-v4-replay-2026-10-02/replay-attestation.json
-ATTESTATION_SHA256=UNSET
+ATTESTATION_SHA256=944b6c7c6f5e760f1e78e6b42672c226e581c858d09be985e2a654b6478b29c5
 #
 # Fixed by the pre-registration (campaign/j6a-preregistered.json arm.replay_flags; Fable's J6(a)
 # ruling, Q2):
-- fsucc.word: quiet
-- q-fcontrols.log ('===' lines and the fsucc reason lines)
=== F seed 2 option control done (exit 0), 12:00
-- q-j6a.log ('===' lines and the fsucc reason lines)
attestation clean=True hits={'val': 0, 'heldout': 0} replay_rows_checked=3383 replay_rows_total=3383 replay_rows_too_short=0
=== j6a prelude (CPU, nice 10, cap 1800s): real_ft_run.main on J6(a)'s argv, stopping at Ledger(args.ledger) after _replay_plan (03:26:08)
replay: 7 batches from /home/ubuntu/phase4-v4-replay-2026-10-02/shards/replay (attestation 0000000000000000), weight 1.0, every 6
PRELUDE OK in 1 s: prelude complete; stopped at Ledger(x) after _replay_plan
=== j6a STOPPED: the prelude failed (exit 0; it must exit 0, print PRELUDE OK and main's 'replay: N batches from /home/ubuntu/phase4-v4-replay-2026-10-02/shards/replay (attestation 944b6c7c6f5e760f), weight 1.0, every 6' line); J6(a) NOT RUN; log /home/ubuntu/j6a-v4/prelude.log (03:26:08)
-- queue markers: f.ckpt-skip fsucc.word gpu.lock j5pp.done j6a.done j6a.queued j6a.started 

################ scenario j6a_run
-- substitutions in the test copies (the only differences from the committed scripts)
--- post-f/box_q_rung0.sh.orig	2026-10-02 03:26:03.267743510 +0000
+++ post-f/box_q_rung0.sh	2026-10-02 03:26:03.269784934 +0000
@@ -20,7 +20,7 @@
 BIN=bin/ojas-qwen35-cuda-rung0
 # sha256 of the file copied from the Mac at
 # /Users/bharath/qd-campaign/target-aarch64-linux-ojas-qwen35-cuda/aarch64-unknown-linux-gnu/release/rung0
-BIN_SHA256=04ab105afcbf315d97f439f18c0baf73c659fd8d880ad34547419aa5ac9224f7
+BIN_SHA256=52e522edc690da764a42db59d95d90f1ffe80dd8a748bbbdca1f5058eb7a3c4c
 NV=qd-venv/lib/python3.12/site-packages/nvidia
 say() { echo "=== $* ($(date -u +%Y-%m-%dT%H:%M:%SZ))"; }
 trap 'touch queue/rung0.done' EXIT
--- post-f/box_q_j6a.sh.orig	2026-10-02 03:26:03.272743528 +0000
+++ post-f/box_q_j6a.sh	2026-10-02 03:26:03.273743532 +0000
@@ -32,7 +32,7 @@
 #   REPLAY_DIR         --replay-shards: build 2's replay shard set (<J6A_DATA>/shards/replay);
 #   ATTESTATION        --replay-attestation: decontam 2's attestation for that set;
 #   ATTESTATION_SHA256 its sha256 (campaign/j6a-preregistered.json amendments_pending).
-J6A_DATA=UNSET
+J6A_DATA=phase4-v4-replay-2026-10-02
 REPLAY_DIR=UNSET
 ATTESTATION=UNSET
 ATTESTATION_SHA256=UNSET
--- post-f/box_q_j6a.sh.orig	2026-10-02 03:26:03.276743542 +0000
+++ post-f/box_q_j6a.sh	2026-10-02 03:26:03.278588632 +0000
@@ -33,7 +33,7 @@
 #   ATTESTATION        --replay-attestation: decontam 2's attestation for that set;
 #   ATTESTATION_SHA256 its sha256 (campaign/j6a-preregistered.json amendments_pending).
 J6A_DATA=phase4-v4-replay-2026-10-02
-REPLAY_DIR=UNSET
+REPLAY_DIR=phase4-v4-replay-2026-10-02/shards/replay
 ATTESTATION=UNSET
 ATTESTATION_SHA256=UNSET
 #
--- post-f/box_q_j6a.sh.orig	2026-10-02 03:26:03.279743553 +0000
+++ post-f/box_q_j6a.sh	2026-10-02 03:26:03.282244312 +0000
@@ -34,7 +34,7 @@
 #   ATTESTATION_SHA256 its sha256 (campaign/j6a-preregistered.json amendments_pending).
 J6A_DATA=phase4-v4-replay-2026-10-02
 REPLAY_DIR=phase4-v4-replay-2026-10-02/shards/replay
-ATTESTATION=UNSET
+ATTESTATION=phase4-v4-replay-2026-10-02/replay-attestation.json
 ATTESTATION_SHA256=UNSET
 #
 # Fixed by the pre-registration (campaign/j6a-preregistered.json arm.replay_flags; Fable's J6(a)
--- post-f/box_q_j6a.sh.orig	2026-10-02 03:26:03.285743574 +0000
+++ post-f/box_q_j6a.sh	2026-10-02 03:26:03.288233125 +0000
@@ -35,7 +35,7 @@
 J6A_DATA=phase4-v4-replay-2026-10-02
 REPLAY_DIR=phase4-v4-replay-2026-10-02/shards/replay
 ATTESTATION=phase4-v4-replay-2026-10-02/replay-attestation.json
-ATTESTATION_SHA256=UNSET
+ATTESTATION_SHA256=944b6c7c6f5e760f1e78e6b42672c226e581c858d09be985e2a654b6478b29c5
 #
 # Fixed by the pre-registration (campaign/j6a-preregistered.json arm.replay_flags; Fable's J6(a)
 # ruling, Q2):
-- fsucc.word: quiet
-- q-fcontrols.log ('===' lines and the fsucc reason lines)
=== F seed 2 option control done (exit 0), 12:00
-- q-j6a.log ('===' lines and the fsucc reason lines)
attestation clean=True hits={'val': 0, 'heldout': 0} replay_rows_checked=3383 replay_rows_total=3383 replay_rows_too_short=0
=== j6a prelude (CPU, nice 10, cap 1800s): real_ft_run.main on J6(a)'s argv, stopping at Ledger(args.ledger) after _replay_plan (03:26:03)
replay: 7 batches from /home/ubuntu/phase4-v4-replay-2026-10-02/shards/replay (attestation 944b6c7c6f5e760f), weight 1.0, every 6
PRELUDE OK in 1 s: prelude complete; stopped at Ledger(x) after _replay_plan
=== j6a prelude OK (03:26:04)
=== j6a (J6(a) +replay, seed 0) at a502670: data /home/ubuntu/phase4-v4-replay-2026-10-02, replay /home/ubuntu/phase4-v4-replay-2026-10-02/shards/replay, weight 1.0 every 6, ledger /home/ubuntu/ledger/gh200-j6a-v4-2026-10-02.jsonl (03:26:04)
    "replay_kl_first": 0.4123,
    "replay_kl_last": 0.0871,
    "replayed": 1613,
=== J6(a) train+score done (exit 0) (03:26:04)
=== J6(a) replay report (report-only): NOT MET by this run -- a502670 does not emit per-step replay_log, so the first/last 20 replay KLs are not available (GAP-J6A-REPLAY-LOG-NOT-EMITTED-AT-A502670-2026-10-02). What it emits: (03:26:04)
    "replay_kl_first": 0.4123,
    "replay_kl_last": 0.0871,
    "replayed": 1613,
  checkpoint replay state: {"micro_batches": 9683, "replayed": 1613}
  loss_log (per optimizer step, no replay term): 25 steps; first 20:
=== J6(a) needle control done (exit 0) (03:26:05)
=== j6a all done; the idle queue STOPS here (Fable Q2) (03:26:05)
-- queue markers: f.ckpt-skip fsucc.word gpu.lock j5pp.done j6a.done j6a.queued j6a.started 

################ scenario j6a_unclean
-- substitutions in the test copies (the only differences from the committed scripts)
--- post-f/box_q_rung0.sh.orig	2026-10-02 03:26:09.260764803 +0000
+++ post-f/box_q_rung0.sh	2026-10-02 03:26:09.262910602 +0000
@@ -20,7 +20,7 @@
 BIN=bin/ojas-qwen35-cuda-rung0
 # sha256 of the file copied from the Mac at
 # /Users/bharath/qd-campaign/target-aarch64-linux-ojas-qwen35-cuda/aarch64-unknown-linux-gnu/release/rung0
-BIN_SHA256=04ab105afcbf315d97f439f18c0baf73c659fd8d880ad34547419aa5ac9224f7
+BIN_SHA256=52e522edc690da764a42db59d95d90f1ffe80dd8a748bbbdca1f5058eb7a3c4c
 NV=qd-venv/lib/python3.12/site-packages/nvidia
 say() { echo "=== $* ($(date -u +%Y-%m-%dT%H:%M:%SZ))"; }
 trap 'touch queue/rung0.done' EXIT
--- post-f/box_q_j6a.sh.orig	2026-10-02 03:26:09.266764824 +0000
+++ post-f/box_q_j6a.sh	2026-10-02 03:26:09.270066628 +0000
@@ -32,7 +32,7 @@
 #   REPLAY_DIR         --replay-shards: build 2's replay shard set (<J6A_DATA>/shards/replay);
 #   ATTESTATION        --replay-attestation: decontam 2's attestation for that set;
 #   ATTESTATION_SHA256 its sha256 (campaign/j6a-preregistered.json amendments_pending).
-J6A_DATA=UNSET
+J6A_DATA=phase4-v4-replay-2026-10-02
 REPLAY_DIR=UNSET
 ATTESTATION=UNSET
 ATTESTATION_SHA256=UNSET
--- post-f/box_q_j6a.sh.orig	2026-10-02 03:26:09.276764860 +0000
+++ post-f/box_q_j6a.sh	2026-10-02 03:26:09.277764864 +0000
@@ -33,7 +33,7 @@
 #   ATTESTATION        --replay-attestation: decontam 2's attestation for that set;
 #   ATTESTATION_SHA256 its sha256 (campaign/j6a-preregistered.json amendments_pending).
 J6A_DATA=phase4-v4-replay-2026-10-02
-REPLAY_DIR=UNSET
+REPLAY_DIR=phase4-v4-replay-2026-10-02/shards/replay
 ATTESTATION=UNSET
 ATTESTATION_SHA256=UNSET
 #
--- post-f/box_q_j6a.sh.orig	2026-10-02 03:26:09.283764885 +0000
+++ post-f/box_q_j6a.sh	2026-10-02 03:26:09.287621149 +0000
@@ -34,7 +34,7 @@
 #   ATTESTATION_SHA256 its sha256 (campaign/j6a-preregistered.json amendments_pending).
 J6A_DATA=phase4-v4-replay-2026-10-02
 REPLAY_DIR=phase4-v4-replay-2026-10-02/shards/replay
-ATTESTATION=UNSET
+ATTESTATION=phase4-v4-replay-2026-10-02/replay-attestation.json
 ATTESTATION_SHA256=UNSET
 #
 # Fixed by the pre-registration (campaign/j6a-preregistered.json arm.replay_flags; Fable's J6(a)
--- post-f/box_q_j6a.sh.orig	2026-10-02 03:26:09.303764956 +0000
+++ post-f/box_q_j6a.sh	2026-10-02 03:26:09.316167333 +0000
@@ -35,7 +35,7 @@
 J6A_DATA=phase4-v4-replay-2026-10-02
 REPLAY_DIR=phase4-v4-replay-2026-10-02/shards/replay
 ATTESTATION=phase4-v4-replay-2026-10-02/replay-attestation.json
-ATTESTATION_SHA256=UNSET
+ATTESTATION_SHA256=5c138ffc1c0d5a1020f5901e21bd09824a932ea0096ea61d8fe27c4ec24d3807
 #
 # Fixed by the pre-registration (campaign/j6a-preregistered.json arm.replay_flags; Fable's J6(a)
 # ruling, Q2):
-- fsucc.word: quiet
-- q-fcontrols.log ('===' lines and the fsucc reason lines)
=== F seed 2 option control done (exit 0), 12:00
-- q-j6a.log ('===' lines and the fsucc reason lines)
attestation clean=False hits={'val': 0, 'heldout': 0} replay_rows_checked=3383 replay_rows_total=3383 replay_rows_too_short=0
=== j6a deferred: the attestation is not CLEAN (it needs clean: true, hits 0 on val and heldout, replay_rows_checked == replay_rows_total >= 1) or is unreadable; J6(a) NOT RUN (03:26:09)
-- queue markers: f.ckpt-skip fsucc.word j5pp.done j6a.done j6a.queued 

################ scenario j6ctl_guard
-- substitutions in the test copies (the only differences from the committed scripts)
--- post-f/box_q_rung0.sh.orig	2026-10-02 03:26:37.248865366 +0000
+++ post-f/box_q_rung0.sh	2026-10-02 03:26:37.250845582 +0000
@@ -20,7 +20,7 @@
 BIN=bin/ojas-qwen35-cuda-rung0
 # sha256 of the file copied from the Mac at
 # /Users/bharath/qd-campaign/target-aarch64-linux-ojas-qwen35-cuda/aarch64-unknown-linux-gnu/release/rung0
-BIN_SHA256=04ab105afcbf315d97f439f18c0baf73c659fd8d880ad34547419aa5ac9224f7
+BIN_SHA256=52e522edc690da764a42db59d95d90f1ffe80dd8a748bbbdca1f5058eb7a3c4c
 NV=qd-venv/lib/python3.12/site-packages/nvidia
 say() { echo "=== $* ($(date -u +%Y-%m-%dT%H:%M:%SZ))"; }
 trap 'touch queue/rung0.done' EXIT
-- q-fcontrols.log ('===' lines and the fsucc reason lines)
=== F seed 2 option control done (exit 0), 12:00
-- q-j6ctl.first.log ('===' lines and the fsucc reason lines)
=== j6ctl at 3460afc: J6(d)-v4 first (successor reads it), then J6(f)-v4 (03:26:37)
=== J6(d)-v4 letter control at 3460afc -> /home/ubuntu/ledger/gh200-j6-v4-ablations-2026-10-01.jsonl (03:26:37)
=== J6(d)-v4 letter control done (exit 3; 3 with a row written is F seed 0's c89b89a1 case) (03:26:37)
=== J6(d)-v4 option control done (exit 0) (03:26:38)
=== J6(f)-v4: no verdicts at /home/ubuntu/j6f-v4/verdicts.jsonl; controls NOT RUN (03:26:38)
=== j6ctl all done (03:26:38)
-- q-j6ctl.log ('===' lines and the fsucc reason lines)
=== j6ctl at 3460afc: J6(d)-v4 first (successor reads it), then J6(f)-v4 (03:26:38)
=== J6(d)-v4: /home/ubuntu/queue/j6ctl-j6dv4.letter.started exists, so a letter control was already started for these verdicts; a second row would make successor refuse; controls NOT RUN again (03:26:38)
=== J6(f)-v4: no verdicts at /home/ubuntu/j6f-v4/verdicts.jsonl; controls NOT RUN (03:26:38)
=== j6ctl all done (03:26:38)
-- queue markers: f.ckpt-skip j6ctl-j6dv4.letter.started j6ctl.done j6ctl.queued j6ctl.started j6dv4.done j6f.done 

################ scenario mut_fsucc_no_j6ctl_wait
-- substitutions in the test copies (the only differences from the committed scripts)
--- post-f/box_q_rung0.sh.orig	2026-10-02 03:26:43.106886445 +0000
+++ post-f/box_q_rung0.sh	2026-10-02 03:26:43.109463413 +0000
@@ -20,7 +20,7 @@
 BIN=bin/ojas-qwen35-cuda-rung0
 # sha256 of the file copied from the Mac at
 # /Users/bharath/qd-campaign/target-aarch64-linux-ojas-qwen35-cuda/aarch64-unknown-linux-gnu/release/rung0
-BIN_SHA256=04ab105afcbf315d97f439f18c0baf73c659fd8d880ad34547419aa5ac9224f7
+BIN_SHA256=52e522edc690da764a42db59d95d90f1ffe80dd8a748bbbdca1f5058eb7a3c4c
 NV=qd-venv/lib/python3.12/site-packages/nvidia
 say() { echo "=== $* ($(date -u +%Y-%m-%dT%H:%M:%SZ))"; }
 trap 'touch queue/rung0.done' EXIT
--- post-f/idle_common.sh.orig	2026-10-02 03:26:43.116886481 +0000
+++ post-f/idle_common.sh	2026-10-02 03:26:43.119399740 +0000
@@ -18,7 +18,7 @@
 # as is to a NEW path. bin/qd-post-f-rules and RULES_SHA256 (cadbdc74...) are not
 # touched; $RULES stays the binary for ft-rows / eval-row.
 RULES_SUCC=bin/qd-post-f-rules-succ
-RULES_SUCC_SHA256=be02029779eca1510c75f24e22c23cf7d762f1d87bbbca08b238ff9aede5eb62
+RULES_SUCC_SHA256=366a68e8730629112503fd668556d8b13db553b77fd2af670aa6e60cc53632fd
 
 # Decisions of this queue (new directory; post-F's $DEC is not written).
 IDLE_DEC=ledger/idle-decisions-2026-10-02
--- /sim/scripts/box_q_fsucc.sh	2026-10-02 03:09:10.327171362 +0000
+++ /home/ubuntu/post-f/box_q_fsucc.sh	2026-10-02 03:26:43.123245379 +0000
@@ -38,9 +38,9 @@
   say "fsucc: $SUCC_WORD_FILE already exists ('$(head -c 64 "$SUCC_WORD_FILE" | tr -d '\n')'): the successor was decided once; not deciding again"
   exit 3
 fi
-until [ -f $Q/rungd.done ] && [ -f $Q/j6ctl.done ]; do sleep 60; done
+until [ -f $Q/rungd.done ]; do sleep 60; done
 FCTL_T0=$(date +%s)
-until grep -qxF "$FCTL_DONE" "$FCTL_LOG" 2>/dev/null; do
+until true; do
   if [ $(( $(date +%s) - FCTL_T0 )) -ge "$FCTL_WAIT_MAX_S" ]; then
     say "fsucc: refused: '$FCTL_DONE' is not in $FCTL_LOG ${FCTL_WAIT_MAX_S}s after rungd and j6ctl finished (F's letter-control rows are rows successor reads); successor NOT RUN"
     write_atomic "$SUCC_WORD_FILE" refused
-- order check
ok    gpu calls rungd(8140) and rungd do not overlap
ok    cudadev starts after rung0.done
ok    rungd's first call after cudadev.done
ok    j6ctl's first call after j6f.done
ok    j6ctl's first call after j6dv4.done
ok    successor call after rungd.done
ok    successor call after j6ctl.done
n/a   fsucc's first call after rungd.done (not exercised in this scenario)
n/a   fsucc's first call after j6ctl.done (not exercised in this scenario)
n/a   j6a's first call after j5pp.done (not exercised in this scenario)
n/a   j5pp's first call after F''s last GPU call ended (not exercised in this scenario)
n/a   fsucc-ctl's first call after F''s last GPU call ended (not exercised in this scenario)
n/a   F' training after the successor call (not exercised in this scenario)
n/a   rungd's last call ends before F' starts (not exercised in this scenario)
BAD   successor call after the F controls line
ORDER BROKEN (7 held, 1 broken, 7 not exercised)
-- fsucc.word: quiet
-- cudadev summary.tsv
name	file	sha256_pinned	status	exit	seconds	timeout_s	log
runga	/home/ubuntu/bin/ojas-qwen35-cuda-runga	bb3276e7a42ae3d0e20171ed78e0df537f2581d8f144d22b8b6c054a0814c805	fail	2	0	300	/home/ubuntu/ojas-cuda/cudadev-20261002T032644Z/runga.log
k0	/home/ubuntu/bin/ojas-cuda-device-k0	b10542091a32f9bf293d1cefd36d754221115f5ed88386c1b2e3f970fa9820a6	fail	101	0	150	/home/ubuntu/ojas-cuda/cudadev-20261002T032644Z/k0.log
k1	/home/ubuntu/bin/ojas-cuda-device-k1	9546b2df0da4334ab735673885b9812a9f02ca4021172b60fb4c1f6b9eaa93bd	fail	101	0	150	/home/ubuntu/ojas-cuda/cudadev-20261002T032644Z/k1.log
k8	/home/ubuntu/bin/ojas-cuda-device-k8	75f05d3a42c7964fc0143dc5149a02d37b2af04aaca3f7ea271cefcdb8074ff1	fail	101	0	150	/home/ubuntu/ojas-cuda/cudadev-20261002T032644Z/k8.log
k11	/home/ubuntu/bin/ojas-cuda-device-k11	bc65b3bca3c48f1814185fc74859e6c623cffceda5bf3f9736d9b8b82c72ad90	fail	101	0	150	/home/ubuntu/ojas-cuda/cudadev-20261002T032644Z/k11.log
k3_gates_published	/home/ubuntu/bin/ojas-cuda-device-k3-gates-published	fd4e1e2410b2b8ae11176aa0b3d3f75a469b48fb0c8a4387c7f17fe27819bfbb	fail	101	0	150	/home/ubuntu/ojas-cuda/cudadev-20261002T032644Z/k3_gates_published.log
k4_conv1d	/home/ubuntu/bin/ojas-cuda-device-k4-conv1d	eb12cb197f5d259a4b3bf79396f247f431c222461afbdb8191a763bf70e4b666	fail	101	0	150	/home/ubuntu/ojas-cuda/cudadev-20261002T032644Z/k4_conv1d.log
k6_qk_norm_rope	/home/ubuntu/bin/ojas-cuda-device-k6-qk-norm-rope	03a641f055494f8c68bb1f8eb320906fe892010e59fe3ac2375037f5498611fe	fail	101	0	150	/home/ubuntu/ojas-cuda/cudadev-20261002T032644Z/k6_qk_norm_rope.log
k7_rmsnorm	/home/ubuntu/bin/ojas-cuda-device-k7-rmsnorm	c56c71146f7af183c3af1a3252e51818705d1a61e24d0eef7cdfc3440bd095e2	fail	101	0	150	/home/ubuntu/ojas-cuda/cudadev-20261002T032644Z/k7_rmsnorm.log
k9_embed	/home/ubuntu/bin/ojas-cuda-device-k9-embed	363a21f68eefd664cf72bb8af6ce78be8a43b4fa99ff0ad4d9b0f4d1053f6d8b	fail	101	1	150	/home/ubuntu/ojas-cuda/cudadev-20261002T032644Z/k9_embed.log
k10_ce_rows	/home/ubuntu/bin/ojas-cuda-device-k10-ce-rows	54c8755464b913adb407c74c52ebfb6d421da0e39e844af34cba61950a5c707e	fail	101	0	150	/home/ubuntu/ojas-cuda/cudadev-20261002T032644Z/k10_ce_rows.log
gdn_published	/home/ubuntu/bin/ojas-cuda-device-gdn-published	97034105198442010a12661228442197a9d20a3eb7685480e239daebdb8f4f28	fail	101	0	600	/home/ubuntu/ojas-cuda/cudadev-20261002T032644Z/gdn_published.log
-- q-cudadev.log ('===' lines and the fsucc reason lines)
=== cudadev start, out /home/ubuntu/ojas-cuda/cudadev-20261002T032644Z, total cap 1500s (deadline 03:51:44Z) (2026-10-02T03:26:44Z)
=== runga (timeout 300s) -> /home/ubuntu/ojas-cuda/cudadev-20261002T032644Z/runga/runga-report.json (2026-10-02T03:26:44Z)
=== runga exit 2 (fail) in 0s; tail of /home/ubuntu/ojas-cuda/cudadev-20261002T032644Z/runga.log: (2026-10-02T03:26:44Z)
=== k0 (timeout 150s) (2026-10-02T03:26:44Z)
=== k0 exit 101 (fail) in 0s; tail of /home/ubuntu/ojas-cuda/cudadev-20261002T032644Z/k0.log: (2026-10-02T03:26:44Z)
=== k1 (timeout 150s) (2026-10-02T03:26:44Z)
=== k1 exit 101 (fail) in 0s; tail of /home/ubuntu/ojas-cuda/cudadev-20261002T032644Z/k1.log: (2026-10-02T03:26:44Z)
=== k8 (timeout 150s) (2026-10-02T03:26:44Z)
=== k8 exit 101 (fail) in 0s; tail of /home/ubuntu/ojas-cuda/cudadev-20261002T032644Z/k8.log: (2026-10-02T03:26:44Z)
=== k11 (timeout 150s) (2026-10-02T03:26:44Z)
=== k11 exit 101 (fail) in 0s; tail of /home/ubuntu/ojas-cuda/cudadev-20261002T032644Z/k11.log: (2026-10-02T03:26:44Z)
=== k3_gates_published (timeout 150s) (2026-10-02T03:26:44Z)
=== k3_gates_published exit 101 (fail) in 0s; tail of /home/ubuntu/ojas-cuda/cudadev-20261002T032644Z/k3_gates_published.log: (2026-10-02T03:26:44Z)
=== k4_conv1d (timeout 150s) (2026-10-02T03:26:44Z)
=== k4_conv1d exit 101 (fail) in 0s; tail of /home/ubuntu/ojas-cuda/cudadev-20261002T032644Z/k4_conv1d.log: (2026-10-02T03:26:44Z)
=== k6_qk_norm_rope (timeout 150s) (2026-10-02T03:26:44Z)
=== k6_qk_norm_rope exit 101 (fail) in 0s; tail of /home/ubuntu/ojas-cuda/cudadev-20261002T032644Z/k6_qk_norm_rope.log: (2026-10-02T03:26:44Z)
=== k7_rmsnorm (timeout 150s) (2026-10-02T03:26:44Z)
=== k7_rmsnorm exit 101 (fail) in 0s; tail of /home/ubuntu/ojas-cuda/cudadev-20261002T032644Z/k7_rmsnorm.log: (2026-10-02T03:26:44Z)
=== k9_embed (timeout 150s) (2026-10-02T03:26:45Z)
=== k9_embed exit 101 (fail) in 1s; tail of /home/ubuntu/ojas-cuda/cudadev-20261002T032644Z/k9_embed.log: (2026-10-02T03:26:45Z)
=== k10_ce_rows (timeout 150s) (2026-10-02T03:26:45Z)
=== k10_ce_rows exit 101 (fail) in 0s; tail of /home/ubuntu/ojas-cuda/cudadev-20261002T032644Z/k10_ce_rows.log: (2026-10-02T03:26:45Z)
=== gdn_published (timeout 600s) (2026-10-02T03:26:45Z)
=== gdn_published exit 101 (fail) in 0s; tail of /home/ubuntu/ojas-cuda/cudadev-20261002T032644Z/gdn_published.log: (2026-10-02T03:26:45Z)
=== cudadev done in 1s; summary /home/ubuntu/ojas-cuda/cudadev-20261002T032644Z/summary.tsv (runga exit: 0 pass, 1 a check failed, 2 refused, 3 binary cap; tests: 0 pass, 101 a test failed; 124 timeout; 137 killed, by timeout's --kill-after or from outside) (2026-10-02T03:26:45Z)
-- q-fcontrols.log ('===' lines and the fsucc reason lines)
=== F seed 2 option control done (exit 0), 12:00
=== F controls all done
-- q-fsucc.log ('===' lines and the fsucc reason lines)
=== fsucc: successor on F ft rows 973cd4e3-e0d2-4ff8-8588-b761cb842b75 11111111-1111-4111-8111-111111111111 22222222-2222-4222-8222-222222222222, J6(f)-v4 aaaaaaaa-aaaa-4aaa-8aaa-aaaaaaaaaaaa, J6(d)-v4 dddddddd-dddd-4ddd-8ddd-dddddddddddd (03:26:46)
fsucc cannot_clear: []
=== fsucc: successor word 'quiet' (JSON /home/ubuntu/ledger/idle-decisions-2026-10-02/fsucc-successor-20261002T032646633383968.json; word in /home/ubuntu/queue/fsucc.word) (03:26:46)
=== fsucc: quiet: no F' (Fable Q2: re-plan from J7' avg / ens3 / avg-np) (03:26:46)
-- q-j5pp.log ('===' lines and the fsucc reason lines)
=== j5pp SKIPPED: fsucc's word is 'quiet', not fires:<arm>; follow_on_j5pp runs only on three completed F' ft rows (03:26:47)
-- q-j6a.log ('===' lines and the fsucc reason lines)
=== j6a deferred: pins UNSET: J6A_DATA REPLAY_DIR ATTESTATION ATTESTATION_SHA256 (fsucc was quiet; fail-closed until the lead fills them from L-replay's HANDOFF); J6(a) NOT RUN (03:26:47)
-- q-j6ctl.log ('===' lines and the fsucc reason lines)
=== j6ctl at 3460afc: J6(d)-v4 first (successor reads it), then J6(f)-v4 (03:26:44)
=== J6(d)-v4 letter control at 3460afc -> /home/ubuntu/ledger/gh200-j6-v4-ablations-2026-10-01.jsonl (03:26:44)
=== J6(d)-v4 letter control done (exit 3; 3 with a row written is F seed 0's c89b89a1 case) (03:26:44)
=== J6(d)-v4 option control done (exit 0) (03:26:45)
=== J6(f)-v4 letter control at 3460afc -> /home/ubuntu/ledger/gh200-j6-v4-ablations-2026-10-01.jsonl (03:26:45)
=== J6(f)-v4 letter control done (exit 3; 3 with a row written is F seed 0's c89b89a1 case) (03:26:45)
=== J6(f)-v4 option control done (exit 0) (03:26:46)
=== j6ctl all done (03:26:46)
-- q-rung0.log ('===' lines and the fsucc reason lines)
=== rung0 start, out /home/ubuntu/ojas-cuda/rung0-20261002T032644Z (2026-10-02T03:26:44Z)
=== rung0 done (exit 2; 0 all passed, 1 a check failed, 2 refused, 3 binary cap, 124 outer timeout) (2026-10-02T03:26:44Z)
-- q-rungd.log ('===' lines and the fsucc reason lines)
=== rungd at 01b6db2fbaba1d149bb585940e6436308acfa4a5: T-bf16 (cap 3600s), then T-fp32 (cap 10800s) -> /home/ubuntu/ledger/gh200-rungd-torch-2026-10-02.jsonl (03:26:45)
=== T-bf16 done (exit 0; 1 with the ft row written is the epoch arm's letter-loss claim, 124 the outer backstop); ft row: 606c8aff-2f07-4cb1-9653-7810c69afbfa (03:26:46)
=== T-fp32 done (exit 0); ft row: 7cdb1b95-6d2e-49b7-b9e0-5b137b242b41 (03:26:46)
=== rungd all done (03:26:46)
-- queue markers: cudadev.done cudadev.queued cudadev.started f.ckpt-skip fsucc.done fsucc.queued fsucc.started fsucc.word fsuccgpu.done gpu.lock j5pp.done j5pp.queued j6a.done j6a.queued j6ctl-j6dv4.letter.started j6ctl-j6f.letter.started j6ctl.done j6ctl.queued j6ctl.started j6dv4.done j6f.done rung0.done rung0.queued rung0.started rungd.done rungd.queued rungd.started 

################ scenario mut_j5pp_no_wait
-- substitutions in the test copies (the only differences from the committed scripts)
--- post-f/box_q_rung0.sh.orig	2026-10-02 03:27:11.354988090 +0000
+++ post-f/box_q_rung0.sh	2026-10-02 03:27:11.358085684 +0000
@@ -20,7 +20,7 @@
 BIN=bin/ojas-qwen35-cuda-rung0
 # sha256 of the file copied from the Mac at
 # /Users/bharath/qd-campaign/target-aarch64-linux-ojas-qwen35-cuda/aarch64-unknown-linux-gnu/release/rung0
-BIN_SHA256=04ab105afcbf315d97f439f18c0baf73c659fd8d880ad34547419aa5ac9224f7
+BIN_SHA256=52e522edc690da764a42db59d95d90f1ffe80dd8a748bbbdca1f5058eb7a3c4c
 NV=qd-venv/lib/python3.12/site-packages/nvidia
 say() { echo "=== $* ($(date -u +%Y-%m-%dT%H:%M:%SZ))"; }
 trap 'touch queue/rung0.done' EXIT
--- post-f/idle_common.sh.orig	2026-10-02 03:27:11.369988144 +0000
+++ post-f/idle_common.sh	2026-10-02 03:27:11.372398361 +0000
@@ -18,7 +18,7 @@
 # as is to a NEW path. bin/qd-post-f-rules and RULES_SHA256 (cadbdc74...) are not
 # touched; $RULES stays the binary for ft-rows / eval-row.
 RULES_SUCC=bin/qd-post-f-rules-succ
-RULES_SUCC_SHA256=be02029779eca1510c75f24e22c23cf7d762f1d87bbbca08b238ff9aede5eb62
+RULES_SUCC_SHA256=366a68e8730629112503fd668556d8b13db553b77fd2af670aa6e60cc53632fd
 
 # Decisions of this queue (new directory; post-F's $DEC is not written).
 IDLE_DEC=ledger/idle-decisions-2026-10-02
--- /sim/scripts/box_q_j5pp.sh	2026-10-02 03:09:10.327875113 +0000
+++ /home/ubuntu/post-f/box_q_j5pp.sh	2026-10-02 03:27:11.380211764 +0000
@@ -22,7 +22,7 @@
 source /home/ubuntu/post-f/idle_common.sh || exit 3
 trap 'touch /home/ubuntu/queue/j5pp.done' EXIT
 touch $Q/j5pp.queued
-until [ -f $Q/fsuccgpu.done ]; do sleep 60; done
+: wait deleted
 WORD=$(read_succ_word)
 if ! fp_arm "$WORD"; then
   say "j5pp SKIPPED: fsucc's word is '${WORD:-absent or not one of: $SUCC_WORDS}', not fires:<arm>; follow_on_j5pp runs only on three completed F' ft rows"
-- fsucc.word: fires:j6dv4
-- cudadev summary.tsv
name	file	sha256_pinned	status	exit	seconds	timeout_s	log
runga	/home/ubuntu/bin/ojas-qwen35-cuda-runga	bb3276e7a42ae3d0e20171ed78e0df537f2581d8f144d22b8b6c054a0814c805	fail	2	0	300	/home/ubuntu/ojas-cuda/cudadev-20261002T032713Z/runga.log
k0	/home/ubuntu/bin/ojas-cuda-device-k0	b10542091a32f9bf293d1cefd36d754221115f5ed88386c1b2e3f970fa9820a6	fail	101	0	150	/home/ubuntu/ojas-cuda/cudadev-20261002T032713Z/k0.log
k1	/home/ubuntu/bin/ojas-cuda-device-k1	9546b2df0da4334ab735673885b9812a9f02ca4021172b60fb4c1f6b9eaa93bd	fail	101	0	150	/home/ubuntu/ojas-cuda/cudadev-20261002T032713Z/k1.log
k8	/home/ubuntu/bin/ojas-cuda-device-k8	75f05d3a42c7964fc0143dc5149a02d37b2af04aaca3f7ea271cefcdb8074ff1	fail	101	0	150	/home/ubuntu/ojas-cuda/cudadev-20261002T032713Z/k8.log
k11	/home/ubuntu/bin/ojas-cuda-device-k11	bc65b3bca3c48f1814185fc74859e6c623cffceda5bf3f9736d9b8b82c72ad90	fail	101	0	150	/home/ubuntu/ojas-cuda/cudadev-20261002T032713Z/k11.log
k3_gates_published	/home/ubuntu/bin/ojas-cuda-device-k3-gates-published	fd4e1e2410b2b8ae11176aa0b3d3f75a469b48fb0c8a4387c7f17fe27819bfbb	fail	101	0	150	/home/ubuntu/ojas-cuda/cudadev-20261002T032713Z/k3_gates_published.log
k4_conv1d	/home/ubuntu/bin/ojas-cuda-device-k4-conv1d	eb12cb197f5d259a4b3bf79396f247f431c222461afbdb8191a763bf70e4b666	fail	101	0	150	/home/ubuntu/ojas-cuda/cudadev-20261002T032713Z/k4_conv1d.log
k6_qk_norm_rope	/home/ubuntu/bin/ojas-cuda-device-k6-qk-norm-rope	03a641f055494f8c68bb1f8eb320906fe892010e59fe3ac2375037f5498611fe	fail	101	0	150	/home/ubuntu/ojas-cuda/cudadev-20261002T032713Z/k6_qk_norm_rope.log
k7_rmsnorm	/home/ubuntu/bin/ojas-cuda-device-k7-rmsnorm	c56c71146f7af183c3af1a3252e51818705d1a61e24d0eef7cdfc3440bd095e2	fail	101	0	150	/home/ubuntu/ojas-cuda/cudadev-20261002T032713Z/k7_rmsnorm.log
k9_embed	/home/ubuntu/bin/ojas-cuda-device-k9-embed	363a21f68eefd664cf72bb8af6ce78be8a43b4fa99ff0ad4d9b0f4d1053f6d8b	fail	101	0	150	/home/ubuntu/ojas-cuda/cudadev-20261002T032713Z/k9_embed.log
k10_ce_rows	/home/ubuntu/bin/ojas-cuda-device-k10-ce-rows	54c8755464b913adb407c74c52ebfb6d421da0e39e844af34cba61950a5c707e	fail	101	0	150	/home/ubuntu/ojas-cuda/cudadev-20261002T032713Z/k10_ce_rows.log
gdn_published	/home/ubuntu/bin/ojas-cuda-device-gdn-published	97034105198442010a12661228442197a9d20a3eb7685480e239daebdb8f4f28	fail	101	0	600	/home/ubuntu/ojas-cuda/cudadev-20261002T032713Z/gdn_published.log
-- q-cudadev.log ('===' lines and the fsucc reason lines)
=== cudadev start, out /home/ubuntu/ojas-cuda/cudadev-20261002T032713Z, total cap 1500s (deadline 03:52:13Z) (2026-10-02T03:27:13Z)
=== runga (timeout 300s) -> /home/ubuntu/ojas-cuda/cudadev-20261002T032713Z/runga/runga-report.json (2026-10-02T03:27:13Z)
=== runga exit 2 (fail) in 0s; tail of /home/ubuntu/ojas-cuda/cudadev-20261002T032713Z/runga.log: (2026-10-02T03:27:13Z)
=== k0 (timeout 150s) (2026-10-02T03:27:13Z)
=== k0 exit 101 (fail) in 0s; tail of /home/ubuntu/ojas-cuda/cudadev-20261002T032713Z/k0.log: (2026-10-02T03:27:13Z)
=== k1 (timeout 150s) (2026-10-02T03:27:13Z)
=== k1 exit 101 (fail) in 0s; tail of /home/ubuntu/ojas-cuda/cudadev-20261002T032713Z/k1.log: (2026-10-02T03:27:13Z)
=== k8 (timeout 150s) (2026-10-02T03:27:13Z)
=== k8 exit 101 (fail) in 0s; tail of /home/ubuntu/ojas-cuda/cudadev-20261002T032713Z/k8.log: (2026-10-02T03:27:13Z)
=== k11 (timeout 150s) (2026-10-02T03:27:13Z)
=== k11 exit 101 (fail) in 0s; tail of /home/ubuntu/ojas-cuda/cudadev-20261002T032713Z/k11.log: (2026-10-02T03:27:13Z)
=== k3_gates_published (timeout 150s) (2026-10-02T03:27:13Z)
=== k3_gates_published exit 101 (fail) in 0s; tail of /home/ubuntu/ojas-cuda/cudadev-20261002T032713Z/k3_gates_published.log: (2026-10-02T03:27:13Z)
=== k4_conv1d (timeout 150s) (2026-10-02T03:27:13Z)
=== k4_conv1d exit 101 (fail) in 0s; tail of /home/ubuntu/ojas-cuda/cudadev-20261002T032713Z/k4_conv1d.log: (2026-10-02T03:27:13Z)
=== k6_qk_norm_rope (timeout 150s) (2026-10-02T03:27:13Z)
=== k6_qk_norm_rope exit 101 (fail) in 0s; tail of /home/ubuntu/ojas-cuda/cudadev-20261002T032713Z/k6_qk_norm_rope.log: (2026-10-02T03:27:13Z)
=== k7_rmsnorm (timeout 150s) (2026-10-02T03:27:13Z)
=== k7_rmsnorm exit 101 (fail) in 0s; tail of /home/ubuntu/ojas-cuda/cudadev-20261002T032713Z/k7_rmsnorm.log: (2026-10-02T03:27:13Z)
=== k9_embed (timeout 150s) (2026-10-02T03:27:13Z)
=== k9_embed exit 101 (fail) in 0s; tail of /home/ubuntu/ojas-cuda/cudadev-20261002T032713Z/k9_embed.log: (2026-10-02T03:27:13Z)
=== k10_ce_rows (timeout 150s) (2026-10-02T03:27:13Z)
=== k10_ce_rows exit 101 (fail) in 0s; tail of /home/ubuntu/ojas-cuda/cudadev-20261002T032713Z/k10_ce_rows.log: (2026-10-02T03:27:13Z)
=== gdn_published (timeout 600s) (2026-10-02T03:27:13Z)
=== gdn_published exit 101 (fail) in 0s; tail of /home/ubuntu/ojas-cuda/cudadev-20261002T032713Z/gdn_published.log: (2026-10-02T03:27:13Z)
=== cudadev done in 0s; summary /home/ubuntu/ojas-cuda/cudadev-20261002T032713Z/summary.tsv (runga exit: 0 pass, 1 a check failed, 2 refused, 3 binary cap; tests: 0 pass, 101 a test failed; 124 timeout; 137 killed, by timeout's --kill-after or from outside) (2026-10-02T03:27:13Z)
-- q-fcontrols.log ('===' lines and the fsucc reason lines)
=== F seed 2 option control done (exit 0), 12:00
=== F controls all done
-- q-fsucc.log ('===' lines and the fsucc reason lines)
=== fsucc: successor on F ft rows 973cd4e3-e0d2-4ff8-8588-b761cb842b75 11111111-1111-4111-8111-111111111111 22222222-2222-4222-8222-222222222222, J6(f)-v4 aaaaaaaa-aaaa-4aaa-8aaa-aaaaaaaaaaaa, J6(d)-v4 dddddddd-dddd-4ddd-8ddd-dddddddddddd (03:27:14)
fsucc cannot_clear: []
=== fsucc: successor word 'fires:j6dv4' (JSON /home/ubuntu/ledger/idle-decisions-2026-10-02/fsucc-successor-20261002T032714953757331.json; word in /home/ubuntu/queue/fsucc.word) (03:27:15)
=== fsucc: F' on j6dv4 at a502670: --optimizer master --lr 3e-5 --beta2 0.95 --epoch --no-memorise --batch-tokens 35403 --lower-layers-n 8 --lower-layers-lr-scale 0.1 --checkpoint-skip-layers 6 -> /home/ubuntu/ledger/gh200-fsucc-j6dv4-2026-10-02.jsonl (03:27:15)
=== F' seed 0 train+score done (exit 0) (03:27:16)
=== F' seed 0 needle control done (exit 0) (03:27:16)
=== F' seed 1 train+score done (exit 0) (03:27:17)
=== F' seed 1 needle control done (exit 0) (03:27:17)
=== F' seed 2 train+score done (exit 0) (03:27:18)
=== F' seed 2 needle control done (exit 0) (03:27:18)
=== fsucc: F' GPU part done; gpu.lock released; fsuccgpu.done touched (j5pp may start) (03:27:18)
=== F' (j6dv4) seed 0 letter control at 3460afc -> /home/ubuntu/ledger/gh200-fsucc-j6dv4-2026-10-02.jsonl (03:27:18)
=== F' (j6dv4) seed 0 letter control done (exit 3; 3 with a row written is F seed 0's c89b89a1 case) (03:27:19)
=== F' (j6dv4) seed 0 option control done (exit 0) (03:27:19)
=== F' (j6dv4) seed 1 letter control at 3460afc -> /home/ubuntu/ledger/gh200-fsucc-j6dv4-2026-10-02.jsonl (03:27:19)
=== F' (j6dv4) seed 1 letter control done (exit 3; 3 with a row written is F seed 0's c89b89a1 case) (03:27:20)
=== F' (j6dv4) seed 1 option control done (exit 0) (03:27:21)
=== F' (j6dv4) seed 2 letter control at 3460afc -> /home/ubuntu/ledger/gh200-fsucc-j6dv4-2026-10-02.jsonl (03:27:21)
=== F' (j6dv4) seed 2 letter control done (exit 3; 3 with a row written is F seed 0's c89b89a1 case) (03:27:21)
=== F' (j6dv4) seed 2 option control done (exit 0) (03:27:22)
=== fsucc all done (03:27:22)
-- q-j5pp.log ('===' lines and the fsucc reason lines)
=== j5pp SKIPPED: fsucc's word is 'absent or not one of: fires:j6f fires:j6dv4 quiet refused', not fires:<arm>; follow_on_j5pp runs only on three completed F' ft rows (03:27:11)
-- q-j6a.log ('===' lines and the fsucc reason lines)
=== j6a DEFERRED to the re-plan: fsucc's word is 'absent or not one of: fires:j6f fires:j6dv4 quiet refused', not quiet (Fable Q2: j6a runs only if fsucc was quiet) (03:27:11)
=== j6a: also deferred: pins UNSET: J6A_DATA REPLAY_DIR ATTESTATION ATTESTATION_SHA256 (03:27:11)
-- q-j6ctl.log ('===' lines and the fsucc reason lines)
=== j6ctl at 3460afc: J6(d)-v4 first (successor reads it), then J6(f)-v4 (03:27:12)
=== J6(d)-v4 letter control at 3460afc -> /home/ubuntu/ledger/gh200-j6-v4-ablations-2026-10-01.jsonl (03:27:12)
=== J6(d)-v4 letter control done (exit 3; 3 with a row written is F seed 0's c89b89a1 case) (03:27:12)
=== J6(d)-v4 option control done (exit 0) (03:27:13)
=== J6(f)-v4 letter control at 3460afc -> /home/ubuntu/ledger/gh200-j6-v4-ablations-2026-10-01.jsonl (03:27:13)
=== J6(f)-v4 letter control done (exit 3; 3 with a row written is F seed 0's c89b89a1 case) (03:27:14)
=== J6(f)-v4 option control done (exit 0) (03:27:14)
=== j6ctl all done (03:27:14)
-- q-rung0.log ('===' lines and the fsucc reason lines)
=== rung0 start, out /home/ubuntu/ojas-cuda/rung0-20261002T032712Z (2026-10-02T03:27:12Z)
=== rung0 done (exit 2; 0 all passed, 1 a check failed, 2 refused, 3 binary cap, 124 outer timeout) (2026-10-02T03:27:12Z)
-- q-rungd.log ('===' lines and the fsucc reason lines)
=== rungd at 01b6db2fbaba1d149bb585940e6436308acfa4a5: T-bf16 (cap 3600s), then T-fp32 (cap 10800s) -> /home/ubuntu/ledger/gh200-rungd-torch-2026-10-02.jsonl (03:27:13)
=== T-bf16 done (exit 0; 1 with the ft row written is the epoch arm's letter-loss claim, 124 the outer backstop); ft row: 26d65c76-f14d-44e3-9d9c-7bf9aa5115a3 (03:27:14)
=== T-fp32 done (exit 0); ft row: 5e3dc17f-495b-4c76-9c3a-34cab63b2499 (03:27:14)
=== rungd all done (03:27:14)
-- queue markers: cudadev.done cudadev.queued cudadev.started f.ckpt-skip fsucc-s0.letter.started fsucc-s1.letter.started fsucc-s2.letter.started fsucc.done fsucc.queued fsucc.started fsucc.word fsuccgpu.done gpu.lock j5pp.done j5pp.queued j6a.done j6a.queued j6ctl-j6dv4.letter.started j6ctl-j6f.letter.started j6ctl.done j6ctl.queued j6ctl.started j6dv4.done j6f.done rung0.done rung0.queued rung0.started rungd.done rungd.queued rungd.started 

################ scenario mut_rungd_no_wait
-- substitutions in the test copies (the only differences from the committed scripts)
--- post-f/box_q_rung0.sh.orig	2026-10-02 03:26:38.860871167 +0000
+++ post-f/box_q_rung0.sh	2026-10-02 03:26:38.863133217 +0000
@@ -20,7 +20,7 @@
 BIN=bin/ojas-qwen35-cuda-rung0
 # sha256 of the file copied from the Mac at
 # /Users/bharath/qd-campaign/target-aarch64-linux-ojas-qwen35-cuda/aarch64-unknown-linux-gnu/release/rung0
-BIN_SHA256=04ab105afcbf315d97f439f18c0baf73c659fd8d880ad34547419aa5ac9224f7
+BIN_SHA256=52e522edc690da764a42db59d95d90f1ffe80dd8a748bbbdca1f5058eb7a3c4c
 NV=qd-venv/lib/python3.12/site-packages/nvidia
 say() { echo "=== $* ($(date -u +%Y-%m-%dT%H:%M:%SZ))"; }
 trap 'touch queue/rung0.done' EXIT
--- post-f/idle_common.sh.orig	2026-10-02 03:26:38.874871217 +0000
+++ post-f/idle_common.sh	2026-10-02 03:26:38.877394310 +0000
@@ -18,7 +18,7 @@
 # as is to a NEW path. bin/qd-post-f-rules and RULES_SHA256 (cadbdc74...) are not
 # touched; $RULES stays the binary for ft-rows / eval-row.
 RULES_SUCC=bin/qd-post-f-rules-succ
-RULES_SUCC_SHA256=be02029779eca1510c75f24e22c23cf7d762f1d87bbbca08b238ff9aede5eb62
+RULES_SUCC_SHA256=366a68e8730629112503fd668556d8b13db553b77fd2af670aa6e60cc53632fd
 
 # Decisions of this queue (new directory; post-F's $DEC is not written).
 IDLE_DEC=ledger/idle-decisions-2026-10-02
--- /sim/scripts/box_q_rungd.sh	2026-10-02 03:09:10.330512329 +0000
+++ /home/ubuntu/post-f/box_q_rungd.sh	2026-10-02 03:26:38.884001708 +0000
@@ -36,7 +36,7 @@
 TFP32_OUTER_S=12600
 trap 'touch /home/ubuntu/queue/rungd.done' EXIT
 touch $Q/rungd.queued
-until [ -f $Q/cudadev.done ]; do sleep 60; done
+: wait deleted
 exec 9>$Q/gpu.lock
 flock 9
 touch $Q/rungd.started
-- order check
ok    gpu calls rungd(7357) and rungd do not overlap
ok    cudadev starts after rung0.done
ok    j6ctl's first call after j6f.done
ok    j6ctl's first call after j6dv4.done
ok    successor call after rungd.done
ok    successor call after j6ctl.done
ok    successor call after the F controls line
n/a   fsucc's first call after rungd.done (not exercised in this scenario)
n/a   fsucc's first call after j6ctl.done (not exercised in this scenario)
n/a   j6a's first call after j5pp.done (not exercised in this scenario)
n/a   j5pp's first call after F''s last GPU call ended (not exercised in this scenario)
n/a   fsucc-ctl's first call after F''s last GPU call ended (not exercised in this scenario)
n/a   F' training after the successor call (not exercised in this scenario)
n/a   rungd's last call ends before F' starts (not exercised in this scenario)
BAD   rungd's first call after cudadev.done
ORDER BROKEN (7 held, 1 broken, 7 not exercised)
-- fsucc.word: quiet
-- cudadev summary.tsv
name	file	sha256_pinned	status	exit	seconds	timeout_s	log
runga	/home/ubuntu/bin/ojas-qwen35-cuda-runga	bb3276e7a42ae3d0e20171ed78e0df537f2581d8f144d22b8b6c054a0814c805	fail	2	0	300	/home/ubuntu/ojas-cuda/cudadev-20261002T032640Z/runga.log
k0	/home/ubuntu/bin/ojas-cuda-device-k0	b10542091a32f9bf293d1cefd36d754221115f5ed88386c1b2e3f970fa9820a6	fail	101	0	150	/home/ubuntu/ojas-cuda/cudadev-20261002T032640Z/k0.log
k1	/home/ubuntu/bin/ojas-cuda-device-k1	9546b2df0da4334ab735673885b9812a9f02ca4021172b60fb4c1f6b9eaa93bd	fail	101	0	150	/home/ubuntu/ojas-cuda/cudadev-20261002T032640Z/k1.log
k8	/home/ubuntu/bin/ojas-cuda-device-k8	75f05d3a42c7964fc0143dc5149a02d37b2af04aaca3f7ea271cefcdb8074ff1	fail	101	0	150	/home/ubuntu/ojas-cuda/cudadev-20261002T032640Z/k8.log
k11	/home/ubuntu/bin/ojas-cuda-device-k11	bc65b3bca3c48f1814185fc74859e6c623cffceda5bf3f9736d9b8b82c72ad90	fail	101	0	150	/home/ubuntu/ojas-cuda/cudadev-20261002T032640Z/k11.log
k3_gates_published	/home/ubuntu/bin/ojas-cuda-device-k3-gates-published	fd4e1e2410b2b8ae11176aa0b3d3f75a469b48fb0c8a4387c7f17fe27819bfbb	fail	101	0	150	/home/ubuntu/ojas-cuda/cudadev-20261002T032640Z/k3_gates_published.log
k4_conv1d	/home/ubuntu/bin/ojas-cuda-device-k4-conv1d	eb12cb197f5d259a4b3bf79396f247f431c222461afbdb8191a763bf70e4b666	fail	101	0	150	/home/ubuntu/ojas-cuda/cudadev-20261002T032640Z/k4_conv1d.log
k6_qk_norm_rope	/home/ubuntu/bin/ojas-cuda-device-k6-qk-norm-rope	03a641f055494f8c68bb1f8eb320906fe892010e59fe3ac2375037f5498611fe	fail	101	0	150	/home/ubuntu/ojas-cuda/cudadev-20261002T032640Z/k6_qk_norm_rope.log
k7_rmsnorm	/home/ubuntu/bin/ojas-cuda-device-k7-rmsnorm	c56c71146f7af183c3af1a3252e51818705d1a61e24d0eef7cdfc3440bd095e2	fail	101	0	150	/home/ubuntu/ojas-cuda/cudadev-20261002T032640Z/k7_rmsnorm.log
k9_embed	/home/ubuntu/bin/ojas-cuda-device-k9-embed	363a21f68eefd664cf72bb8af6ce78be8a43b4fa99ff0ad4d9b0f4d1053f6d8b	fail	101	0	150	/home/ubuntu/ojas-cuda/cudadev-20261002T032640Z/k9_embed.log
k10_ce_rows	/home/ubuntu/bin/ojas-cuda-device-k10-ce-rows	54c8755464b913adb407c74c52ebfb6d421da0e39e844af34cba61950a5c707e	fail	101	0	150	/home/ubuntu/ojas-cuda/cudadev-20261002T032640Z/k10_ce_rows.log
gdn_published	/home/ubuntu/bin/ojas-cuda-device-gdn-published	97034105198442010a12661228442197a9d20a3eb7685480e239daebdb8f4f28	fail	101	0	600	/home/ubuntu/ojas-cuda/cudadev-20261002T032640Z/gdn_published.log
-- q-cudadev.log ('===' lines and the fsucc reason lines)
=== cudadev start, out /home/ubuntu/ojas-cuda/cudadev-20261002T032640Z, total cap 1500s (deadline 03:51:40Z) (2026-10-02T03:26:40Z)
=== runga (timeout 300s) -> /home/ubuntu/ojas-cuda/cudadev-20261002T032640Z/runga/runga-report.json (2026-10-02T03:26:40Z)
=== runga exit 2 (fail) in 0s; tail of /home/ubuntu/ojas-cuda/cudadev-20261002T032640Z/runga.log: (2026-10-02T03:26:40Z)
=== k0 (timeout 150s) (2026-10-02T03:26:40Z)
=== k0 exit 101 (fail) in 0s; tail of /home/ubuntu/ojas-cuda/cudadev-20261002T032640Z/k0.log: (2026-10-02T03:26:40Z)
=== k1 (timeout 150s) (2026-10-02T03:26:40Z)
=== k1 exit 101 (fail) in 0s; tail of /home/ubuntu/ojas-cuda/cudadev-20261002T032640Z/k1.log: (2026-10-02T03:26:40Z)
=== k8 (timeout 150s) (2026-10-02T03:26:40Z)
=== k8 exit 101 (fail) in 0s; tail of /home/ubuntu/ojas-cuda/cudadev-20261002T032640Z/k8.log: (2026-10-02T03:26:40Z)
=== k11 (timeout 150s) (2026-10-02T03:26:40Z)
=== k11 exit 101 (fail) in 0s; tail of /home/ubuntu/ojas-cuda/cudadev-20261002T032640Z/k11.log: (2026-10-02T03:26:40Z)
=== k3_gates_published (timeout 150s) (2026-10-02T03:26:40Z)
=== k3_gates_published exit 101 (fail) in 0s; tail of /home/ubuntu/ojas-cuda/cudadev-20261002T032640Z/k3_gates_published.log: (2026-10-02T03:26:40Z)
=== k4_conv1d (timeout 150s) (2026-10-02T03:26:40Z)
=== k4_conv1d exit 101 (fail) in 0s; tail of /home/ubuntu/ojas-cuda/cudadev-20261002T032640Z/k4_conv1d.log: (2026-10-02T03:26:40Z)
=== k6_qk_norm_rope (timeout 150s) (2026-10-02T03:26:40Z)
=== k6_qk_norm_rope exit 101 (fail) in 0s; tail of /home/ubuntu/ojas-cuda/cudadev-20261002T032640Z/k6_qk_norm_rope.log: (2026-10-02T03:26:40Z)
=== k7_rmsnorm (timeout 150s) (2026-10-02T03:26:40Z)
=== k7_rmsnorm exit 101 (fail) in 0s; tail of /home/ubuntu/ojas-cuda/cudadev-20261002T032640Z/k7_rmsnorm.log: (2026-10-02T03:26:40Z)
=== k9_embed (timeout 150s) (2026-10-02T03:26:40Z)
=== k9_embed exit 101 (fail) in 0s; tail of /home/ubuntu/ojas-cuda/cudadev-20261002T032640Z/k9_embed.log: (2026-10-02T03:26:40Z)
=== k10_ce_rows (timeout 150s) (2026-10-02T03:26:40Z)
=== k10_ce_rows exit 101 (fail) in 0s; tail of /home/ubuntu/ojas-cuda/cudadev-20261002T032640Z/k10_ce_rows.log: (2026-10-02T03:26:40Z)
=== gdn_published (timeout 600s) (2026-10-02T03:26:40Z)
=== gdn_published exit 101 (fail) in 0s; tail of /home/ubuntu/ojas-cuda/cudadev-20261002T032640Z/gdn_published.log: (2026-10-02T03:26:40Z)
=== cudadev done in 0s; summary /home/ubuntu/ojas-cuda/cudadev-20261002T032640Z/summary.tsv (runga exit: 0 pass, 1 a check failed, 2 refused, 3 binary cap; tests: 0 pass, 101 a test failed; 124 timeout; 137 killed, by timeout's --kill-after or from outside) (2026-10-02T03:26:40Z)
-- q-fcontrols.log ('===' lines and the fsucc reason lines)
=== F seed 2 option control done (exit 0), 12:00
=== F controls all done
-- q-fsucc.log ('===' lines and the fsucc reason lines)
=== fsucc: successor on F ft rows 973cd4e3-e0d2-4ff8-8588-b761cb842b75 11111111-1111-4111-8111-111111111111 22222222-2222-4222-8222-222222222222, J6(f)-v4 aaaaaaaa-aaaa-4aaa-8aaa-aaaaaaaaaaaa, J6(d)-v4 dddddddd-dddd-4ddd-8ddd-dddddddddddd (03:26:42)
fsucc cannot_clear: []
=== fsucc: successor word 'quiet' (JSON /home/ubuntu/ledger/idle-decisions-2026-10-02/fsucc-successor-20261002T032642204610740.json; word in /home/ubuntu/queue/fsucc.word) (03:26:42)
=== fsucc: quiet: no F' (Fable Q2: re-plan from J7' avg / ens3 / avg-np) (03:26:42)
-- q-j5pp.log ('===' lines and the fsucc reason lines)
=== j5pp SKIPPED: fsucc's word is 'quiet', not fires:<arm>; follow_on_j5pp runs only on three completed F' ft rows (03:26:42)
-- q-j6a.log ('===' lines and the fsucc reason lines)
=== j6a deferred: pins UNSET: J6A_DATA REPLAY_DIR ATTESTATION ATTESTATION_SHA256 (fsucc was quiet; fail-closed until the lead fills them from L-replay's HANDOFF); J6(a) NOT RUN (03:26:42)
-- q-j6ctl.log ('===' lines and the fsucc reason lines)
=== j6ctl at 3460afc: J6(d)-v4 first (successor reads it), then J6(f)-v4 (03:26:39)
=== J6(d)-v4 letter control at 3460afc -> /home/ubuntu/ledger/gh200-j6-v4-ablations-2026-10-01.jsonl (03:26:39)
=== J6(d)-v4 letter control done (exit 3; 3 with a row written is F seed 0's c89b89a1 case) (03:26:40)
=== J6(d)-v4 option control done (exit 0) (03:26:41)
=== J6(f)-v4 letter control at 3460afc -> /home/ubuntu/ledger/gh200-j6-v4-ablations-2026-10-01.jsonl (03:26:41)
=== J6(f)-v4 letter control done (exit 3; 3 with a row written is F seed 0's c89b89a1 case) (03:26:41)
=== J6(f)-v4 option control done (exit 0) (03:26:42)
=== j6ctl all done (03:26:42)
-- q-rung0.log ('===' lines and the fsucc reason lines)
=== rung0 start, out /home/ubuntu/ojas-cuda/rung0-20261002T032640Z (2026-10-02T03:26:40Z)
=== rung0 done (exit 2; 0 all passed, 1 a check failed, 2 refused, 3 binary cap, 124 outer timeout) (2026-10-02T03:26:40Z)
-- q-rungd.log ('===' lines and the fsucc reason lines)
=== rungd at 01b6db2fbaba1d149bb585940e6436308acfa4a5: T-bf16 (cap 3600s), then T-fp32 (cap 10800s) -> /home/ubuntu/ledger/gh200-rungd-torch-2026-10-02.jsonl (03:26:39)
=== T-bf16 done (exit 0; 1 with the ft row written is the epoch arm's letter-loss claim, 124 the outer backstop); ft row: 3a436692-73f3-4b16-966c-5a80bf290e9d (03:26:39)
=== T-fp32 done (exit 0); ft row: 7b9056b8-1d02-43c2-88e7-b79122326515 (03:26:40)
=== rungd all done (03:26:40)
-- queue markers: cudadev.done cudadev.queued cudadev.started f.ckpt-skip fsucc.done fsucc.queued fsucc.started fsucc.word fsuccgpu.done gpu.lock j5pp.done j5pp.queued j6a.done j6a.queued j6ctl-j6dv4.letter.started j6ctl-j6f.letter.started j6ctl.done j6ctl.queued j6ctl.started j6dv4.done j6f.done rung0.done rung0.queued rung0.started rungd.done rungd.queued rungd.started 

################ scenario overlay_real_git
-- no substitution beyond setup()'s rung0 pin (none)

################ scenario rungd_cap_kill
-- substitutions in the test copies (the only differences from the committed scripts)
--- post-f/box_q_rung0.sh.orig	2026-10-02 03:26:32.080846770 +0000
+++ post-f/box_q_rung0.sh	2026-10-02 03:26:32.082834736 +0000
@@ -20,7 +20,7 @@
 BIN=bin/ojas-qwen35-cuda-rung0
 # sha256 of the file copied from the Mac at
 # /Users/bharath/qd-campaign/target-aarch64-linux-ojas-qwen35-cuda/aarch64-unknown-linux-gnu/release/rung0
-BIN_SHA256=04ab105afcbf315d97f439f18c0baf73c659fd8d880ad34547419aa5ac9224f7
+BIN_SHA256=52e522edc690da764a42db59d95d90f1ffe80dd8a748bbbdca1f5058eb7a3c4c
 NV=qd-venv/lib/python3.12/site-packages/nvidia
 say() { echo "=== $* ($(date -u +%Y-%m-%dT%H:%M:%SZ))"; }
 trap 'touch queue/rung0.done' EXIT
--- post-f/box_q_rungd.sh.orig	2026-10-02 03:26:32.086846792 +0000
+++ post-f/box_q_rungd.sh	2026-10-02 03:26:32.088644632 +0000
@@ -32,7 +32,7 @@
 TBF16_CAP_S=3600
 TFP32_CAP_S=10800
 # Outer backstops: the tool's own cap plus 1,800 s, the post-F form (32,400 -> 34,200).
-TBF16_OUTER_S=5400
+TBF16_OUTER_S=3
 TFP32_OUTER_S=12600
 trap 'touch queue/rungd.done' EXIT
 touch $Q/rungd.queued
-- killer
killed -9 pid 6814: tools/real_ft_run.py --out /home/ubuntu/phase4-v4-2026-10-01 --no-repo-history --rev 881ab304f15ea13529002391dda8520c2ea47af4 --defect-class data/pool/commitpackft-composed-v1 --defect-download data/p
-- q-fcontrols.log ('===' lines and the fsucc reason lines)
=== F seed 2 option control done (exit 0), 12:00
-- q-rungd.log ('===' lines and the fsucc reason lines)
=== rungd at 01b6db2fbaba1d149bb585940e6436308acfa4a5: T-bf16 (cap 3600s), then T-fp32 (cap 10800s) -> /home/ubuntu/ledger/gh200-rungd-torch-2026-10-02.jsonl (03:26:32)
=== T-bf16 done (exit 124; 1 with the ft row written is the epoch arm's letter-loss claim, 124 the outer backstop); ft row:  (03:26:35)
=== T-fp32 done (exit 137); ft row:  (03:26:35)
=== rungd all done (03:26:35)
-- queue markers: cudadev.done f.ckpt-skip gpu.lock rungd.done rungd.queued rungd.started 

################ scenario rungd_dirty
-- substitutions in the test copies (the only differences from the committed scripts)
--- post-f/box_q_rung0.sh.orig	2026-10-02 03:26:35.705859814 +0000
+++ post-f/box_q_rung0.sh	2026-10-02 03:26:35.708131447 +0000
@@ -20,7 +20,7 @@
 BIN=bin/ojas-qwen35-cuda-rung0
 # sha256 of the file copied from the Mac at
 # /Users/bharath/qd-campaign/target-aarch64-linux-ojas-qwen35-cuda/aarch64-unknown-linux-gnu/release/rung0
-BIN_SHA256=04ab105afcbf315d97f439f18c0baf73c659fd8d880ad34547419aa5ac9224f7
+BIN_SHA256=52e522edc690da764a42db59d95d90f1ffe80dd8a748bbbdca1f5058eb7a3c4c
 NV=qd-venv/lib/python3.12/site-packages/nvidia
 say() { echo "=== $* ($(date -u +%Y-%m-%dT%H:%M:%SZ))"; }
 trap 'touch queue/rung0.done' EXIT
-- q-fcontrols.log ('===' lines and the fsucc reason lines)
=== F seed 2 option control done (exit 0), 12:00
-- q-rungd.log ('===' lines and the fsucc reason lines)
=== /home/ubuntu/perf/overlay-rungd is dirty; refusing (03:26:36)
-- queue markers: cudadev.done f.ckpt-skip gpu.lock rungd.done rungd.queued rungd.started 

################ scenario rungd_rec_pin
-- substitutions in the test copies (the only differences from the committed scripts)
--- post-f/box_q_rung0.sh.orig	2026-10-02 03:26:36.727863492 +0000
+++ post-f/box_q_rung0.sh	2026-10-02 03:26:36.730281334 +0000
@@ -20,7 +20,7 @@
 BIN=bin/ojas-qwen35-cuda-rung0
 # sha256 of the file copied from the Mac at
 # /Users/bharath/qd-campaign/target-aarch64-linux-ojas-qwen35-cuda/aarch64-unknown-linux-gnu/release/rung0
-BIN_SHA256=04ab105afcbf315d97f439f18c0baf73c659fd8d880ad34547419aa5ac9224f7
+BIN_SHA256=52e522edc690da764a42db59d95d90f1ffe80dd8a748bbbdca1f5058eb7a3c4c
 NV=qd-venv/lib/python3.12/site-packages/nvidia
 say() { echo "=== $* ($(date -u +%Y-%m-%dT%H:%M:%SZ))"; }
 trap 'touch queue/rung0.done' EXIT
-- q-fcontrols.log ('===' lines and the fsucc reason lines)
=== F seed 2 option control done (exit 0), 12:00
-- q-rungd.log ('===' lines and the fsucc reason lines)
=== /Users/bharath/.cache/qd-decision/general/fetch-record-2026-09-29.json is sha256 952b7b197640fdc2a9aceff2b1e8367168b582823fde0e7d58a1883b8b923137, not a0841f0d9990bbc0fa8c46ad559e0c33d2f1bedbd2b5e9e30454d4c1d6ba5555; refusing (03:26:37)
-- queue markers: cudadev.done f.ckpt-skip gpu.lock rungd.done rungd.queued rungd.started 

################ scenario rungd_symlink
-- substitutions in the test copies (the only differences from the committed scripts)
--- post-f/box_q_rung0.sh.orig	2026-10-02 03:26:36.212861638 +0000
+++ post-f/box_q_rung0.sh	2026-10-02 03:26:36.215009021 +0000
@@ -20,7 +20,7 @@
 BIN=bin/ojas-qwen35-cuda-rung0
 # sha256 of the file copied from the Mac at
 # /Users/bharath/qd-campaign/target-aarch64-linux-ojas-qwen35-cuda/aarch64-unknown-linux-gnu/release/rung0
-BIN_SHA256=04ab105afcbf315d97f439f18c0baf73c659fd8d880ad34547419aa5ac9224f7
+BIN_SHA256=52e522edc690da764a42db59d95d90f1ffe80dd8a748bbbdca1f5058eb7a3c4c
 NV=qd-venv/lib/python3.12/site-packages/nvidia
 say() { echo "=== $* ($(date -u +%Y-%m-%dT%H:%M:%SZ))"; }
 trap 'touch queue/rung0.done' EXIT
-- q-fcontrols.log ('===' lines and the fsucc reason lines)
=== F seed 2 option control done (exit 0), 12:00
-- q-rungd.log ('===' lines and the fsucc reason lines)
=== rungd: /home/ubuntu/perf/overlay-rungd/data/pool/commitpackft/go.jsonl is not qd-lane8's /home/ubuntu/qwen-decision/data/pool/commitpackft/go.jsonl; NOT RUN (03:26:36)
-- queue markers: cudadev.done f.ckpt-skip gpu.lock rungd.done rungd.queued rungd.started 

################ scenario succ_fctl_line_never_comes
-- substitutions in the test copies (the only differences from the committed scripts)
--- post-f/box_q_rung0.sh.orig	2026-10-02 03:27:09.288980656 +0000
+++ post-f/box_q_rung0.sh	2026-10-02 03:27:09.291819291 +0000
@@ -20,7 +20,7 @@
 BIN=bin/ojas-qwen35-cuda-rung0
 # sha256 of the file copied from the Mac at
 # /Users/bharath/qd-campaign/target-aarch64-linux-ojas-qwen35-cuda/aarch64-unknown-linux-gnu/release/rung0
-BIN_SHA256=04ab105afcbf315d97f439f18c0baf73c659fd8d880ad34547419aa5ac9224f7
+BIN_SHA256=52e522edc690da764a42db59d95d90f1ffe80dd8a748bbbdca1f5058eb7a3c4c
 NV=qd-venv/lib/python3.12/site-packages/nvidia
 say() { echo "=== $* ($(date -u +%Y-%m-%dT%H:%M:%SZ))"; }
 trap 'touch queue/rung0.done' EXIT
--- post-f/idle_common.sh.orig	2026-10-02 03:27:09.298980692 +0000
+++ post-f/idle_common.sh	2026-10-02 03:27:09.301933536 +0000
@@ -18,7 +18,7 @@
 # as is to a NEW path. bin/qd-post-f-rules and RULES_SHA256 (cadbdc74...) are not
 # touched; $RULES stays the binary for ft-rows / eval-row.
 RULES_SUCC=bin/qd-post-f-rules-succ
-RULES_SUCC_SHA256=be02029779eca1510c75f24e22c23cf7d762f1d87bbbca08b238ff9aede5eb62
+RULES_SUCC_SHA256=366a68e8730629112503fd668556d8b13db553b77fd2af670aa6e60cc53632fd
 
 # Decisions of this queue (new directory; post-F's $DEC is not written).
 IDLE_DEC=ledger/idle-decisions-2026-10-02
--- post-f/box_q_fsucc.sh.orig	2026-10-02 03:27:09.305980717 +0000
+++ post-f/box_q_fsucc.sh	2026-10-02 03:27:09.309140687 +0000
@@ -31,7 +31,7 @@
 # lands minutes after F's last seed (~18 min per seed on the box, q-fcontrols.log), hours before
 # rungd ends; if the line is still absent this long after, box_f_controls.sh has died, its rows
 # will not come, and waiting on would only idle the GPU. Then: refused, never quiet.
-FCTL_WAIT_MAX_S=7200
+FCTL_WAIT_MAX_S=2
 trap 'touch queue/fsuccgpu.done /home/ubuntu/queue/fsucc.done' EXIT
 touch $Q/fsucc.queued
 if [ -e "$SUCC_WORD_FILE" ]; then
-- fsucc.word: refused
-- q-fcontrols.log ('===' lines and the fsucc reason lines)
=== F seed 2 option control done (exit 0), 12:00
-- q-fsucc.log ('===' lines and the fsucc reason lines)
=== fsucc: refused: '=== F controls all done' is not in /home/ubuntu/logs/q-fcontrols.log 2s after rungd and j6ctl finished (F's letter-control rows are rows successor reads); successor NOT RUN (03:27:11)
-- queue markers: f.ckpt-skip fsucc.done fsucc.queued fsucc.word fsuccgpu.done j6ctl.done rungd.done 

################ scenario succ_inconsistent_fires-j6f_3_json
-- substitutions in the test copies (the only differences from the committed scripts)
--- post-f/box_q_rung0.sh.orig	2026-10-02 03:26:00.850734923 +0000
+++ post-f/box_q_rung0.sh	2026-10-02 03:26:00.852841889 +0000
@@ -20,7 +20,7 @@
 BIN=bin/ojas-qwen35-cuda-rung0
 # sha256 of the file copied from the Mac at
 # /Users/bharath/qd-campaign/target-aarch64-linux-ojas-qwen35-cuda/aarch64-unknown-linux-gnu/release/rung0
-BIN_SHA256=04ab105afcbf315d97f439f18c0baf73c659fd8d880ad34547419aa5ac9224f7
+BIN_SHA256=52e522edc690da764a42db59d95d90f1ffe80dd8a748bbbdca1f5058eb7a3c4c
 NV=qd-venv/lib/python3.12/site-packages/nvidia
 say() { echo "=== $* ($(date -u +%Y-%m-%dT%H:%M:%SZ))"; }
 trap 'touch queue/rung0.done' EXIT
--- post-f/idle_common.sh.orig	2026-10-02 03:26:00.860734958 +0000
+++ post-f/idle_common.sh	2026-10-02 03:26:00.862427673 +0000
@@ -18,7 +18,7 @@
 # as is to a NEW path. bin/qd-post-f-rules and RULES_SHA256 (cadbdc74...) are not
 # touched; $RULES stays the binary for ft-rows / eval-row.
 RULES_SUCC=bin/qd-post-f-rules-succ
-RULES_SUCC_SHA256=be02029779eca1510c75f24e22c23cf7d762f1d87bbbca08b238ff9aede5eb62
+RULES_SUCC_SHA256=366a68e8730629112503fd668556d8b13db553b77fd2af670aa6e60cc53632fd
 
 # Decisions of this queue (new directory; post-F's $DEC is not written).
 IDLE_DEC=ledger/idle-decisions-2026-10-02
-- fsucc.word: refused
-- q-fcontrols.log ('===' lines and the fsucc reason lines)
=== F seed 2 option control done (exit 0), 12:00
=== F controls all done
-- q-fsucc.log ('===' lines and the fsucc reason lines)
=== fsucc: successor on F ft rows 973cd4e3-e0d2-4ff8-8588-b761cb842b75 11111111-1111-4111-8111-111111111111 22222222-2222-4222-8222-222222222222, J6(f)-v4 aaaaaaaa-aaaa-4aaa-8aaa-aaaaaaaaaaaa, J6(d)-v4 dddddddd-dddd-4ddd-8ddd-dddddddddddd (03:26:00)
=== fsucc: refused: inconsistent checker output (exit 3, stdout 'fires:j6f'); never read as quiet (03:26:01)
fsucc cannot_clear: []
=== fsucc: successor word 'refused' (JSON /home/ubuntu/ledger/idle-decisions-2026-10-02/fsucc-successor-20261002T032600871269704.json; word in /home/ubuntu/queue/fsucc.word) (03:26:01)
=== fsucc: REFUSED: no F'; the human decides (a refusal is never quiet) (03:26:01)
-- queue markers: f.ckpt-skip fsucc.done fsucc.queued fsucc.started fsucc.word fsuccgpu.done j6ctl.done rungd.done 

################ scenario succ_inconsistent_fires_0_json
-- substitutions in the test copies (the only differences from the committed scripts)
--- post-f/box_q_rung0.sh.orig	2026-10-02 03:25:58.810727675 +0000
+++ post-f/box_q_rung0.sh	2026-10-02 03:25:58.813505143 +0000
@@ -20,7 +20,7 @@
 BIN=bin/ojas-qwen35-cuda-rung0
 # sha256 of the file copied from the Mac at
 # /Users/bharath/qd-campaign/target-aarch64-linux-ojas-qwen35-cuda/aarch64-unknown-linux-gnu/release/rung0
-BIN_SHA256=04ab105afcbf315d97f439f18c0baf73c659fd8d880ad34547419aa5ac9224f7
+BIN_SHA256=52e522edc690da764a42db59d95d90f1ffe80dd8a748bbbdca1f5058eb7a3c4c
 NV=qd-venv/lib/python3.12/site-packages/nvidia
 say() { echo "=== $* ($(date -u +%Y-%m-%dT%H:%M:%SZ))"; }
 trap 'touch queue/rung0.done' EXIT
--- post-f/idle_common.sh.orig	2026-10-02 03:25:58.823727721 +0000
+++ post-f/idle_common.sh	2026-10-02 03:25:58.825718936 +0000
@@ -18,7 +18,7 @@
 # as is to a NEW path. bin/qd-post-f-rules and RULES_SHA256 (cadbdc74...) are not
 # touched; $RULES stays the binary for ft-rows / eval-row.
 RULES_SUCC=bin/qd-post-f-rules-succ
-RULES_SUCC_SHA256=be02029779eca1510c75f24e22c23cf7d762f1d87bbbca08b238ff9aede5eb62
+RULES_SUCC_SHA256=366a68e8730629112503fd668556d8b13db553b77fd2af670aa6e60cc53632fd
 
 # Decisions of this queue (new directory; post-F's $DEC is not written).
 IDLE_DEC=ledger/idle-decisions-2026-10-02
-- fsucc.word: refused
-- q-fcontrols.log ('===' lines and the fsucc reason lines)
=== F seed 2 option control done (exit 0), 12:00
=== F controls all done
-- q-fsucc.log ('===' lines and the fsucc reason lines)
=== fsucc: successor on F ft rows 973cd4e3-e0d2-4ff8-8588-b761cb842b75 11111111-1111-4111-8111-111111111111 22222222-2222-4222-8222-222222222222, J6(f)-v4 aaaaaaaa-aaaa-4aaa-8aaa-aaaaaaaaaaaa, J6(d)-v4 dddddddd-dddd-4ddd-8ddd-dddddddddddd (03:25:58)
=== fsucc: refused: inconsistent checker output (exit 0, stdout 'fires'); never read as quiet (03:25:59)
fsucc cannot_clear: []
=== fsucc: successor word 'refused' (JSON /home/ubuntu/ledger/idle-decisions-2026-10-02/fsucc-successor-20261002T032558837615437.json; word in /home/ubuntu/queue/fsucc.word) (03:25:59)
=== fsucc: REFUSED: no F'; the human decides (a refusal is never quiet) (03:25:59)
-- queue markers: f.ckpt-skip fsucc.done fsucc.queued fsucc.started fsucc.word fsuccgpu.done j6ctl.done rungd.done 

################ scenario succ_inconsistent_garbage_0_json
-- substitutions in the test copies (the only differences from the committed scripts)
--- post-f/box_q_rung0.sh.orig	2026-10-02 03:26:01.364736749 +0000
+++ post-f/box_q_rung0.sh	2026-10-02 03:26:01.367036257 +0000
@@ -20,7 +20,7 @@
 BIN=bin/ojas-qwen35-cuda-rung0
 # sha256 of the file copied from the Mac at
 # /Users/bharath/qd-campaign/target-aarch64-linux-ojas-qwen35-cuda/aarch64-unknown-linux-gnu/release/rung0
-BIN_SHA256=04ab105afcbf315d97f439f18c0baf73c659fd8d880ad34547419aa5ac9224f7
+BIN_SHA256=52e522edc690da764a42db59d95d90f1ffe80dd8a748bbbdca1f5058eb7a3c4c
 NV=qd-venv/lib/python3.12/site-packages/nvidia
 say() { echo "=== $* ($(date -u +%Y-%m-%dT%H:%M:%SZ))"; }
 trap 'touch queue/rung0.done' EXIT
--- post-f/idle_common.sh.orig	2026-10-02 03:26:01.373736781 +0000
+++ post-f/idle_common.sh	2026-10-02 03:26:01.376074289 +0000
@@ -18,7 +18,7 @@
 # as is to a NEW path. bin/qd-post-f-rules and RULES_SHA256 (cadbdc74...) are not
 # touched; $RULES stays the binary for ft-rows / eval-row.
 RULES_SUCC=bin/qd-post-f-rules-succ
-RULES_SUCC_SHA256=be02029779eca1510c75f24e22c23cf7d762f1d87bbbca08b238ff9aede5eb62
+RULES_SUCC_SHA256=366a68e8730629112503fd668556d8b13db553b77fd2af670aa6e60cc53632fd
 
 # Decisions of this queue (new directory; post-F's $DEC is not written).
 IDLE_DEC=ledger/idle-decisions-2026-10-02
-- fsucc.word: refused
-- q-fcontrols.log ('===' lines and the fsucc reason lines)
=== F seed 2 option control done (exit 0), 12:00
=== F controls all done
-- q-fsucc.log ('===' lines and the fsucc reason lines)
=== fsucc: successor on F ft rows 973cd4e3-e0d2-4ff8-8588-b761cb842b75 11111111-1111-4111-8111-111111111111 22222222-2222-4222-8222-222222222222, J6(f)-v4 aaaaaaaa-aaaa-4aaa-8aaa-aaaaaaaaaaaa, J6(d)-v4 dddddddd-dddd-4ddd-8ddd-dddddddddddd (03:26:01)
=== fsucc: refused: inconsistent checker output (exit 0, stdout 'garbage'); never read as quiet (03:26:01)
fsucc cannot_clear: []
=== fsucc: successor word 'refused' (JSON /home/ubuntu/ledger/idle-decisions-2026-10-02/fsucc-successor-20261002T032601386392243.json; word in /home/ubuntu/queue/fsucc.word) (03:26:01)
=== fsucc: REFUSED: no F'; the human decides (a refusal is never quiet) (03:26:01)
-- queue markers: f.ckpt-skip fsucc.done fsucc.queued fsucc.started fsucc.word fsuccgpu.done j6ctl.done rungd.done 

################ scenario succ_inconsistent_quiet_0_nojson
-- substitutions in the test copies (the only differences from the committed scripts)
--- post-f/box_q_rung0.sh.orig	2026-10-02 03:25:59.839731331 +0000
+++ post-f/box_q_rung0.sh	2026-10-02 03:25:59.841822630 +0000
@@ -20,7 +20,7 @@
 BIN=bin/ojas-qwen35-cuda-rung0
 # sha256 of the file copied from the Mac at
 # /Users/bharath/qd-campaign/target-aarch64-linux-ojas-qwen35-cuda/aarch64-unknown-linux-gnu/release/rung0
-BIN_SHA256=04ab105afcbf315d97f439f18c0baf73c659fd8d880ad34547419aa5ac9224f7
+BIN_SHA256=52e522edc690da764a42db59d95d90f1ffe80dd8a748bbbdca1f5058eb7a3c4c
 NV=qd-venv/lib/python3.12/site-packages/nvidia
 say() { echo "=== $* ($(date -u +%Y-%m-%dT%H:%M:%SZ))"; }
 trap 'touch queue/rung0.done' EXIT
--- post-f/idle_common.sh.orig	2026-10-02 03:25:59.847731359 +0000
+++ post-f/idle_common.sh	2026-10-02 03:25:59.849855575 +0000
@@ -18,7 +18,7 @@
 # as is to a NEW path. bin/qd-post-f-rules and RULES_SHA256 (cadbdc74...) are not
 # touched; $RULES stays the binary for ft-rows / eval-row.
 RULES_SUCC=bin/qd-post-f-rules-succ
-RULES_SUCC_SHA256=be02029779eca1510c75f24e22c23cf7d762f1d87bbbca08b238ff9aede5eb62
+RULES_SUCC_SHA256=366a68e8730629112503fd668556d8b13db553b77fd2af670aa6e60cc53632fd
 
 # Decisions of this queue (new directory; post-F's $DEC is not written).
 IDLE_DEC=ledger/idle-decisions-2026-10-02
-- fsucc.word: refused
-- q-fcontrols.log ('===' lines and the fsucc reason lines)
=== F seed 2 option control done (exit 0), 12:00
=== F controls all done
-- q-fsucc.log ('===' lines and the fsucc reason lines)
=== fsucc: successor on F ft rows 973cd4e3-e0d2-4ff8-8588-b761cb842b75 11111111-1111-4111-8111-111111111111 22222222-2222-4222-8222-222222222222, J6(f)-v4 aaaaaaaa-aaaa-4aaa-8aaa-aaaaaaaaaaaa, J6(d)-v4 dddddddd-dddd-4ddd-8ddd-dddddddddddd (03:25:59)
=== fsucc: refused: the checker said 'quiet' but wrote no JSON to /home/ubuntu/ledger/idle-decisions-2026-10-02/fsucc-successor-20261002T032559858083188.json (03:26:00)
=== fsucc: successor word 'refused' (no JSON: successor not run; word in /home/ubuntu/queue/fsucc.word) (03:26:00)
=== fsucc: REFUSED: no F'; the human decides (a refusal is never quiet) (03:26:00)
-- queue markers: f.ckpt-skip fsucc.done fsucc.queued fsucc.started fsucc.word fsuccgpu.done j6ctl.done rungd.done 

################ scenario succ_inconsistent_quiet_2_json
-- substitutions in the test copies (the only differences from the committed scripts)
--- post-f/box_q_rung0.sh.orig	2026-10-02 03:25:59.333729533 +0000
+++ post-f/box_q_rung0.sh	2026-10-02 03:25:59.336598418 +0000
@@ -20,7 +20,7 @@
 BIN=bin/ojas-qwen35-cuda-rung0
 # sha256 of the file copied from the Mac at
 # /Users/bharath/qd-campaign/target-aarch64-linux-ojas-qwen35-cuda/aarch64-unknown-linux-gnu/release/rung0
-BIN_SHA256=04ab105afcbf315d97f439f18c0baf73c659fd8d880ad34547419aa5ac9224f7
+BIN_SHA256=52e522edc690da764a42db59d95d90f1ffe80dd8a748bbbdca1f5058eb7a3c4c
 NV=qd-venv/lib/python3.12/site-packages/nvidia
 say() { echo "=== $* ($(date -u +%Y-%m-%dT%H:%M:%SZ))"; }
 trap 'touch queue/rung0.done' EXIT
--- post-f/idle_common.sh.orig	2026-10-02 03:25:59.343729568 +0000
+++ post-f/idle_common.sh	2026-10-02 03:25:59.345729576 +0000
@@ -18,7 +18,7 @@
 # as is to a NEW path. bin/qd-post-f-rules and RULES_SHA256 (cadbdc74...) are not
 # touched; $RULES stays the binary for ft-rows / eval-row.
 RULES_SUCC=bin/qd-post-f-rules-succ
-RULES_SUCC_SHA256=be02029779eca1510c75f24e22c23cf7d762f1d87bbbca08b238ff9aede5eb62
+RULES_SUCC_SHA256=366a68e8730629112503fd668556d8b13db553b77fd2af670aa6e60cc53632fd
 
 # Decisions of this queue (new directory; post-F's $DEC is not written).
 IDLE_DEC=ledger/idle-decisions-2026-10-02
-- fsucc.word: refused
-- q-fcontrols.log ('===' lines and the fsucc reason lines)
=== F seed 2 option control done (exit 0), 12:00
=== F controls all done
-- q-fsucc.log ('===' lines and the fsucc reason lines)
=== fsucc: successor on F ft rows 973cd4e3-e0d2-4ff8-8588-b761cb842b75 11111111-1111-4111-8111-111111111111 22222222-2222-4222-8222-222222222222, J6(f)-v4 aaaaaaaa-aaaa-4aaa-8aaa-aaaaaaaaaaaa, J6(d)-v4 dddddddd-dddd-4ddd-8ddd-dddddddddddd (03:25:59)
=== fsucc: refused: inconsistent checker output (exit 2, stdout 'quiet'); never read as quiet (03:25:59)
fsucc cannot_clear: []
=== fsucc: successor word 'refused' (JSON /home/ubuntu/ledger/idle-decisions-2026-10-02/fsucc-successor-20261002T032559359161457.json; word in /home/ubuntu/queue/fsucc.word) (03:25:59)
=== fsucc: REFUSED: no F'; the human decides (a refusal is never quiet) (03:25:59)
-- queue markers: f.ckpt-skip fsucc.done fsucc.queued fsucc.started fsucc.word fsuccgpu.done j6ctl.done rungd.done 

################ scenario succ_inconsistent_quiet_3_json
-- substitutions in the test copies (the only differences from the committed scripts)
--- post-f/box_q_rung0.sh.orig	2026-10-02 03:25:58.294725841 +0000
+++ post-f/box_q_rung0.sh	2026-10-02 03:25:58.296570598 +0000
@@ -20,7 +20,7 @@
 BIN=bin/ojas-qwen35-cuda-rung0
 # sha256 of the file copied from the Mac at
 # /Users/bharath/qd-campaign/target-aarch64-linux-ojas-qwen35-cuda/aarch64-unknown-linux-gnu/release/rung0
-BIN_SHA256=04ab105afcbf315d97f439f18c0baf73c659fd8d880ad34547419aa5ac9224f7
+BIN_SHA256=52e522edc690da764a42db59d95d90f1ffe80dd8a748bbbdca1f5058eb7a3c4c
 NV=qd-venv/lib/python3.12/site-packages/nvidia
 say() { echo "=== $* ($(date -u +%Y-%m-%dT%H:%M:%SZ))"; }
 trap 'touch queue/rung0.done' EXIT
--- post-f/idle_common.sh.orig	2026-10-02 03:25:58.302725870 +0000
+++ post-f/idle_common.sh	2026-10-02 03:25:58.305077128 +0000
@@ -18,7 +18,7 @@
 # as is to a NEW path. bin/qd-post-f-rules and RULES_SHA256 (cadbdc74...) are not
 # touched; $RULES stays the binary for ft-rows / eval-row.
 RULES_SUCC=bin/qd-post-f-rules-succ
-RULES_SUCC_SHA256=be02029779eca1510c75f24e22c23cf7d762f1d87bbbca08b238ff9aede5eb62
+RULES_SUCC_SHA256=366a68e8730629112503fd668556d8b13db553b77fd2af670aa6e60cc53632fd
 
 # Decisions of this queue (new directory; post-F's $DEC is not written).
 IDLE_DEC=ledger/idle-decisions-2026-10-02
-- fsucc.word: refused
-- q-fcontrols.log ('===' lines and the fsucc reason lines)
=== F seed 2 option control done (exit 0), 12:00
=== F controls all done
-- q-fsucc.log ('===' lines and the fsucc reason lines)
=== fsucc: successor on F ft rows 973cd4e3-e0d2-4ff8-8588-b761cb842b75 11111111-1111-4111-8111-111111111111 22222222-2222-4222-8222-222222222222, J6(f)-v4 aaaaaaaa-aaaa-4aaa-8aaa-aaaaaaaaaaaa, J6(d)-v4 dddddddd-dddd-4ddd-8ddd-dddddddddddd (03:25:58)
=== fsucc: refused: inconsistent checker output (exit 3, stdout 'quiet'); never read as quiet (03:25:58)
fsucc cannot_clear: []
=== fsucc: successor word 'refused' (JSON /home/ubuntu/ledger/idle-decisions-2026-10-02/fsucc-successor-20261002T032558314026910.json; word in /home/ubuntu/queue/fsucc.word) (03:25:58)
=== fsucc: REFUSED: no F'; the human decides (a refusal is never quiet) (03:25:58)
-- queue markers: f.ckpt-skip fsucc.done fsucc.queued fsucc.started fsucc.word fsuccgpu.done j6ctl.done rungd.done 

################ scenario succ_inconsistent_refused_0_json
-- substitutions in the test copies (the only differences from the committed scripts)
--- post-f/box_q_rung0.sh.orig	2026-10-02 03:25:57.781724019 +0000
+++ post-f/box_q_rung0.sh	2026-10-02 03:25:57.784075860 +0000
@@ -20,7 +20,7 @@
 BIN=bin/ojas-qwen35-cuda-rung0
 # sha256 of the file copied from the Mac at
 # /Users/bharath/qd-campaign/target-aarch64-linux-ojas-qwen35-cuda/aarch64-unknown-linux-gnu/release/rung0
-BIN_SHA256=04ab105afcbf315d97f439f18c0baf73c659fd8d880ad34547419aa5ac9224f7
+BIN_SHA256=52e522edc690da764a42db59d95d90f1ffe80dd8a748bbbdca1f5058eb7a3c4c
 NV=qd-venv/lib/python3.12/site-packages/nvidia
 say() { echo "=== $* ($(date -u +%Y-%m-%dT%H:%M:%SZ))"; }
 trap 'touch queue/rung0.done' EXIT
--- post-f/idle_common.sh.orig	2026-10-02 03:25:57.790724051 +0000
+++ post-f/idle_common.sh	2026-10-02 03:25:57.792523182 +0000
@@ -18,7 +18,7 @@
 # as is to a NEW path. bin/qd-post-f-rules and RULES_SHA256 (cadbdc74...) are not
 # touched; $RULES stays the binary for ft-rows / eval-row.
 RULES_SUCC=bin/qd-post-f-rules-succ
-RULES_SUCC_SHA256=be02029779eca1510c75f24e22c23cf7d762f1d87bbbca08b238ff9aede5eb62
+RULES_SUCC_SHA256=366a68e8730629112503fd668556d8b13db553b77fd2af670aa6e60cc53632fd
 
 # Decisions of this queue (new directory; post-F's $DEC is not written).
 IDLE_DEC=ledger/idle-decisions-2026-10-02
-- fsucc.word: refused
-- q-fcontrols.log ('===' lines and the fsucc reason lines)
=== F seed 2 option control done (exit 0), 12:00
=== F controls all done
-- q-fsucc.log ('===' lines and the fsucc reason lines)
=== fsucc: successor on F ft rows 973cd4e3-e0d2-4ff8-8588-b761cb842b75 11111111-1111-4111-8111-111111111111 22222222-2222-4222-8222-222222222222, J6(f)-v4 aaaaaaaa-aaaa-4aaa-8aaa-aaaaaaaaaaaa, J6(d)-v4 dddddddd-dddd-4ddd-8ddd-dddddddddddd (03:25:57)
=== fsucc: refused: inconsistent checker output (exit 0, stdout 'refused'); never read as quiet (03:25:58)
fsucc reason: (c) j6f needle_8k_worst_bucket cannot clear
fsucc reason: (b) fake reason
fsucc cannot_clear: [{"arm": "j6f", "target": "needle_8k_worst_bucket", "max": "61/61", "min": "40/61", "bound": {"name": "U", "n": 1, "n_total": 1, "value": 1.0}}]
=== fsucc: successor word 'refused' (JSON /home/ubuntu/ledger/idle-decisions-2026-10-02/fsucc-successor-20261002T032557801785048.json; word in /home/ubuntu/queue/fsucc.word) (03:25:58)
=== fsucc: REFUSED: no F'; the human decides (a refusal is never quiet) (03:25:58)
-- queue markers: f.ckpt-skip fsucc.done fsucc.queued fsucc.started fsucc.word fsuccgpu.done j6ctl.done rungd.done 

################ scenario succ_inconsistent_refused_3_stringrb
-- substitutions in the test copies (the only differences from the committed scripts)
--- post-f/box_q_rung0.sh.orig	2026-10-02 03:26:00.342733118 +0000
+++ post-f/box_q_rung0.sh	2026-10-02 03:26:00.345014334 +0000
@@ -20,7 +20,7 @@
 BIN=bin/ojas-qwen35-cuda-rung0
 # sha256 of the file copied from the Mac at
 # /Users/bharath/qd-campaign/target-aarch64-linux-ojas-qwen35-cuda/aarch64-unknown-linux-gnu/release/rung0
-BIN_SHA256=04ab105afcbf315d97f439f18c0baf73c659fd8d880ad34547419aa5ac9224f7
+BIN_SHA256=52e522edc690da764a42db59d95d90f1ffe80dd8a748bbbdca1f5058eb7a3c4c
 NV=qd-venv/lib/python3.12/site-packages/nvidia
 say() { echo "=== $* ($(date -u +%Y-%m-%dT%H:%M:%SZ))"; }
 trap 'touch queue/rung0.done' EXIT
--- post-f/idle_common.sh.orig	2026-10-02 03:26:00.350733146 +0000
+++ post-f/idle_common.sh	2026-10-02 03:26:00.353396614 +0000
@@ -18,7 +18,7 @@
 # as is to a NEW path. bin/qd-post-f-rules and RULES_SHA256 (cadbdc74...) are not
 # touched; $RULES stays the binary for ft-rows / eval-row.
 RULES_SUCC=bin/qd-post-f-rules-succ
-RULES_SUCC_SHA256=be02029779eca1510c75f24e22c23cf7d762f1d87bbbca08b238ff9aede5eb62
+RULES_SUCC_SHA256=366a68e8730629112503fd668556d8b13db553b77fd2af670aa6e60cc53632fd
 
 # Decisions of this queue (new directory; post-F's $DEC is not written).
 IDLE_DEC=ledger/idle-decisions-2026-10-02
-- fsucc.word: refused
-- q-fcontrols.log ('===' lines and the fsucc reason lines)
=== F seed 2 option control done (exit 0), 12:00
=== F controls all done
-- q-fsucc.log ('===' lines and the fsucc reason lines)
=== fsucc: successor on F ft rows 973cd4e3-e0d2-4ff8-8588-b761cb842b75 11111111-1111-4111-8111-111111111111 22222222-2222-4222-8222-222222222222, J6(f)-v4 aaaaaaaa-aaaa-4aaa-8aaa-aaaaaaaaaaaa, J6(d)-v4 dddddddd-dddd-4ddd-8ddd-dddddddddddd (03:26:00)
fsucc cannot_clear: []
=== fsucc: successor word 'refused' (JSON /home/ubuntu/ledger/idle-decisions-2026-10-02/fsucc-successor-20261002T032600361880936.json; word in /home/ubuntu/queue/fsucc.word) (03:26:00)
=== fsucc: REFUSED: no F'; the human decides (a refusal is never quiet) (03:26:00)
-- queue markers: f.ckpt-skip fsucc.done fsucc.queued fsucc.started fsucc.word fsuccgpu.done j6ctl.done rungd.done 

################ scenario succ_missing_arm_id
-- substitutions in the test copies (the only differences from the committed scripts)
--- post-f/box_q_rung0.sh.orig	2026-10-02 03:26:02.381740362 +0000
+++ post-f/box_q_rung0.sh	2026-10-02 03:26:02.383125784 +0000
@@ -20,7 +20,7 @@
 BIN=bin/ojas-qwen35-cuda-rung0
 # sha256 of the file copied from the Mac at
 # /Users/bharath/qd-campaign/target-aarch64-linux-ojas-qwen35-cuda/aarch64-unknown-linux-gnu/release/rung0
-BIN_SHA256=04ab105afcbf315d97f439f18c0baf73c659fd8d880ad34547419aa5ac9224f7
+BIN_SHA256=52e522edc690da764a42db59d95d90f1ffe80dd8a748bbbdca1f5058eb7a3c4c
 NV=qd-venv/lib/python3.12/site-packages/nvidia
 say() { echo "=== $* ($(date -u +%Y-%m-%dT%H:%M:%SZ))"; }
 trap 'touch queue/rung0.done' EXIT
--- post-f/idle_common.sh.orig	2026-10-02 03:26:02.389740391 +0000
+++ post-f/idle_common.sh	2026-10-02 03:26:02.391486980 +0000
@@ -18,7 +18,7 @@
 # as is to a NEW path. bin/qd-post-f-rules and RULES_SHA256 (cadbdc74...) are not
 # touched; $RULES stays the binary for ft-rows / eval-row.
 RULES_SUCC=bin/qd-post-f-rules-succ
-RULES_SUCC_SHA256=be02029779eca1510c75f24e22c23cf7d762f1d87bbbca08b238ff9aede5eb62
+RULES_SUCC_SHA256=366a68e8730629112503fd668556d8b13db553b77fd2af670aa6e60cc53632fd
 
 # Decisions of this queue (new directory; post-F's $DEC is not written).
 IDLE_DEC=ledger/idle-decisions-2026-10-02
-- fsucc.word: refused
-- q-fcontrols.log ('===' lines and the fsucc reason lines)
=== F seed 2 option control done (exit 0), 12:00
=== F controls all done
-- q-fsucc.log ('===' lines and the fsucc reason lines)
=== fsucc: refused: no 'ft row' id in the log of: J6(d)-v4 (/home/ubuntu/j6d-v4/train.log); successor NOT RUN (03:26:02)
=== fsucc: successor word 'refused' (no JSON: successor not run; word in /home/ubuntu/queue/fsucc.word) (03:26:02)
=== fsucc: REFUSED: no F'; the human decides (a refusal is never quiet) (03:26:02)
-- queue markers: f.ckpt-skip fsucc.done fsucc.queued fsucc.started fsucc.word fsuccgpu.done j6ctl.done rungd.done 

################ scenario succ_reasons_list
-- substitutions in the test copies (the only differences from the committed scripts)
--- post-f/box_q_rung0.sh.orig	2026-10-02 03:26:01.867738536 +0000
+++ post-f/box_q_rung0.sh	2026-10-02 03:26:01.869413500 +0000
@@ -20,7 +20,7 @@
 BIN=bin/ojas-qwen35-cuda-rung0
 # sha256 of the file copied from the Mac at
 # /Users/bharath/qd-campaign/target-aarch64-linux-ojas-qwen35-cuda/aarch64-unknown-linux-gnu/release/rung0
-BIN_SHA256=04ab105afcbf315d97f439f18c0baf73c659fd8d880ad34547419aa5ac9224f7
+BIN_SHA256=52e522edc690da764a42db59d95d90f1ffe80dd8a748bbbdca1f5058eb7a3c4c
 NV=qd-venv/lib/python3.12/site-packages/nvidia
 say() { echo "=== $* ($(date -u +%Y-%m-%dT%H:%M:%SZ))"; }
 trap 'touch queue/rung0.done' EXIT
--- post-f/idle_common.sh.orig	2026-10-02 03:26:01.874738561 +0000
+++ post-f/idle_common.sh	2026-10-02 03:26:01.877457779 +0000
@@ -18,7 +18,7 @@
 # as is to a NEW path. bin/qd-post-f-rules and RULES_SHA256 (cadbdc74...) are not
 # touched; $RULES stays the binary for ft-rows / eval-row.
 RULES_SUCC=bin/qd-post-f-rules-succ
-RULES_SUCC_SHA256=be02029779eca1510c75f24e22c23cf7d762f1d87bbbca08b238ff9aede5eb62
+RULES_SUCC_SHA256=366a68e8730629112503fd668556d8b13db553b77fd2af670aa6e60cc53632fd
 
 # Decisions of this queue (new directory; post-F's $DEC is not written).
 IDLE_DEC=ledger/idle-decisions-2026-10-02
-- fsucc.word: refused
-- q-fcontrols.log ('===' lines and the fsucc reason lines)
=== F seed 2 option control done (exit 0), 12:00
=== F controls all done
-- q-fsucc.log ('===' lines and the fsucc reason lines)
=== fsucc: successor on F ft rows 973cd4e3-e0d2-4ff8-8588-b761cb842b75 11111111-1111-4111-8111-111111111111 22222222-2222-4222-8222-222222222222, J6(f)-v4 aaaaaaaa-aaaa-4aaa-8aaa-aaaaaaaaaaaa, J6(d)-v4 dddddddd-dddd-4ddd-8ddd-dddddddddddd (03:26:01)
fsucc reason: (c) j6f needle_8k_worst_bucket cannot clear
fsucc reason: (b) fake reason
fsucc cannot_clear: [{"arm": "j6f", "target": "needle_8k_worst_bucket", "max": "61/61", "min": "40/61", "bound": {"name": "U", "n": 1, "n_total": 1, "value": 1.0}}]
=== fsucc: successor word 'refused' (JSON /home/ubuntu/ledger/idle-decisions-2026-10-02/fsucc-successor-20261002T032601885588933.json; word in /home/ubuntu/queue/fsucc.word) (03:26:02)
=== fsucc: REFUSED: no F'; the human decides (a refusal is never quiet) (03:26:02)
-- queue markers: f.ckpt-skip fsucc.done fsucc.queued fsucc.started fsucc.word fsuccgpu.done j6ctl.done rungd.done 

################ scenario succ_twice
-- substitutions in the test copies (the only differences from the committed scripts)
--- post-f/box_q_rung0.sh.orig	2026-10-02 03:26:02.677741414 +0000
+++ post-f/box_q_rung0.sh	2026-10-02 03:26:02.680173048 +0000
@@ -20,7 +20,7 @@
 BIN=bin/ojas-qwen35-cuda-rung0
 # sha256 of the file copied from the Mac at
 # /Users/bharath/qd-campaign/target-aarch64-linux-ojas-qwen35-cuda/aarch64-unknown-linux-gnu/release/rung0
-BIN_SHA256=04ab105afcbf315d97f439f18c0baf73c659fd8d880ad34547419aa5ac9224f7
+BIN_SHA256=52e522edc690da764a42db59d95d90f1ffe80dd8a748bbbdca1f5058eb7a3c4c
 NV=qd-venv/lib/python3.12/site-packages/nvidia
 say() { echo "=== $* ($(date -u +%Y-%m-%dT%H:%M:%SZ))"; }
 trap 'touch queue/rung0.done' EXIT
--- post-f/idle_common.sh.orig	2026-10-02 03:26:02.686741446 +0000
+++ post-f/idle_common.sh	2026-10-02 03:26:02.688878329 +0000
@@ -18,7 +18,7 @@
 # as is to a NEW path. bin/qd-post-f-rules and RULES_SHA256 (cadbdc74...) are not
 # touched; $RULES stays the binary for ft-rows / eval-row.
 RULES_SUCC=bin/qd-post-f-rules-succ
-RULES_SUCC_SHA256=be02029779eca1510c75f24e22c23cf7d762f1d87bbbca08b238ff9aede5eb62
+RULES_SUCC_SHA256=366a68e8730629112503fd668556d8b13db553b77fd2af670aa6e60cc53632fd
 
 # Decisions of this queue (new directory; post-F's $DEC is not written).
 IDLE_DEC=ledger/idle-decisions-2026-10-02
-- fsucc.word: quiet
-- q-fcontrols.log ('===' lines and the fsucc reason lines)
=== F seed 2 option control done (exit 0), 12:00
=== F controls all done
-- q-fsucc.log ('===' lines and the fsucc reason lines)
=== fsucc: /home/ubuntu/queue/fsucc.word already exists ('quiet'): the successor was decided once; not deciding again (03:26:02)
-- queue markers: f.ckpt-skip fsucc.done fsucc.queued fsucc.word fsuccgpu.done j6ctl.done rungd.done 

################ scenario succ_wrong_pin
-- substitutions in the test copies (the only differences from the committed scripts)
--- post-f/box_q_rung0.sh.orig	2026-10-02 03:26:02.979742487 +0000
+++ post-f/box_q_rung0.sh	2026-10-02 03:26:02.981887703 +0000
@@ -20,7 +20,7 @@
 BIN=bin/ojas-qwen35-cuda-rung0
 # sha256 of the file copied from the Mac at
 # /Users/bharath/qd-campaign/target-aarch64-linux-ojas-qwen35-cuda/aarch64-unknown-linux-gnu/release/rung0
-BIN_SHA256=04ab105afcbf315d97f439f18c0baf73c659fd8d880ad34547419aa5ac9224f7
+BIN_SHA256=52e522edc690da764a42db59d95d90f1ffe80dd8a748bbbdca1f5058eb7a3c4c
 NV=qd-venv/lib/python3.12/site-packages/nvidia
 say() { echo "=== $* ($(date -u +%Y-%m-%dT%H:%M:%SZ))"; }
 trap 'touch queue/rung0.done' EXIT
-- fsucc.word: refused
-- q-fcontrols.log ('===' lines and the fsucc reason lines)
=== F seed 2 option control done (exit 0), 12:00
=== F controls all done
-- q-fsucc.log ('===' lines and the fsucc reason lines)
=== /home/ubuntu/bin/qd-post-f-rules-succ is sha256 02f3f6589fd409190411413f332ffcdcdb8193354ab05d9fa4b59388b15a00d1, not be02029779eca1510c75f24e22c23cf7d762f1d87bbbca08b238ff9aede5eb62; refusing (03:26:03)
=== fsucc: refused: the successor binary is not the pinned one; NOT RUN (03:26:03)
=== fsucc: successor word 'refused' (no JSON: successor not run; word in /home/ubuntu/queue/fsucc.word) (03:26:03)
=== fsucc: REFUSED: no F'; the human decides (a refusal is never quiet) (03:26:03)
-- queue markers: f.ckpt-skip fsucc.done fsucc.queued fsucc.started fsucc.word fsuccgpu.done j6ctl.done rungd.done 
