minhash: 1146 distinct sets signed by /Users/bharath/qd-campaign/target-replay-a502670/release/qd-prep in 0.0 s (shingling and canaries included), 2292 lookups, 8 canaries equal to the reference; 1146 distinct texts shingled once, 2292 lookups
lsh: 2 candidate-pair searches banded by /Users/bharath/qd-campaign/target-replay-a502670/release/qd-prep in 0.1 s (canaries included), 10 pairs, every canary equal to the reference; 0 handed to the reference (a negative bound or a banding wider than the signatures)
val set: 157 sequences in 157 batches, remap e7d0890c547b4381 (the train set's)
permutation second pass: 157 choice rows deranged in 157 batches (seed 20260919)
needle suite: not run -- --needle was not given
OOD suite: not run -- --ood was not given
shard set: /Users/bharath/qd-campaign/replay-v4-2026-10-02/e2e/out-plain/shards/train
  rows in -> out: 826 -> 826  (0 excluded)  tokens 137506  vocab 248320
  choice  n= 826  len 137..283 (mean 166.5)  gold is noul: 0  rendered rows [5, 6]
  letter rows whose gold is noul: 0 of 826
  prompt-identical rows: 0 of 826; of those, 0 rows in 0 groups carry DIFFERENT golds ({})
  letters -> post-remap ids: {'A': 32, 'B': 33, 'C': 34, 'D': 35, 'E': 36, 'F': 37, 'G': 38, 'H': 39, 'I': 40, 'J': 41, 'K': 42, 'L': 43, 'M': 44, 'N': 45, 'O': 46, 'P': 47, 'Z': 57}
  padding waste: 598 padding of 138104 positions (0.43%) over 826 sequences; gate is <= 15%. buckets=[142, 145, 147, 149, 151, 153, 154, 156, 157, 158, 160, 161, 163, 166, 169, 172, 174, 176, 181, 184, 187, 190, 193, 198, 201, 205, 210, 215, 223, 231, 246, 283]
  span_check: {"state": "not_run", "reason": "this shard set holds no SLOT_SPAN sequences, so there was no line-to-token mapping to verify. 0 of 0 verified is not a pass."}
  remap beside the shards: {"state": "ran", "passed": true, "value": "e7d0890c547b43811f93e50dc0e582ba35eb2e75706ee0ad27186d6a89d502ab", "n": 248320, "n_total": 248320, "detail": "/Users/bharath/qd-campaign/
  epoch at batch_tokens=283: 826 batches, 0 carry a span row, 0 have no letter row; letter-channel chunks 826 live of 1655
devices: ['cpu'] (from --devices; auto-detection skipped)

feasibility, one forward+backward per bucket width, in a subprocess:
  (a 128x4 stand-in, NOT the real tower: this establishes the device and the shape, not that the real model fits)
  cpu bucket 0 (1 x 142): ok 1.145s
  cpu bucket 1 (1 x 145): ok 1.222s
  cpu bucket 2 (1 x 147): ok 1.179s
  cpu bucket 3 (1 x 149): ok 1.149s
  cpu bucket 4 (1 x 151): ok 1.219s
  cpu bucket 5 (1 x 153): ok 1.249s
  cpu bucket 6 (1 x 154): ok 1.945s
  cpu bucket 7 (1 x 156): ok 1.312s
  cpu bucket 8 (1 x 157): ok 1.225s
  cpu bucket 9 (1 x 158): ok 1.081s
  cpu bucket 10 (1 x 160): ok 1.276s
  cpu bucket 11 (1 x 161): ok 1.036s
  cpu bucket 12 (1 x 163): ok 1.068s
  cpu bucket 13 (1 x 166): ok 1.496s
  cpu bucket 14 (1 x 169): ok 1.059s
  cpu bucket 15 (1 x 172): ok 1.03s
  cpu bucket 16 (1 x 174): ok 1.055s
  cpu bucket 17 (1 x 176): ok 1.172s
  cpu bucket 18 (1 x 181): ok 1.189s
  cpu bucket 19 (1 x 184): ok 1.753s
  cpu bucket 20 (1 x 187): ok 2.401s
  cpu bucket 21 (1 x 190): ok 1.083s
  cpu bucket 22 (1 x 193): ok 1.05s
  cpu bucket 23 (1 x 198): ok 1.043s
  cpu bucket 24 (1 x 201): ok 1.04s
  cpu bucket 25 (1 x 205): ok 1.035s
  cpu bucket 26 (1 x 210): ok 1.096s
  cpu bucket 27 (1 x 215): ok 1.125s
  cpu bucket 28 (1 x 223): ok 1.021s
  cpu bucket 29 (1 x 231): ok 1.035s
  cpu bucket 30 (1 x 246): ok 1.016s
  cpu bucket 31 (1 x 283): ok 1.037s

arm 2 plan: every real batch at most 5383 wide -> 826 of 826 batches, 826 of 826 sequences, slot kinds ['choice'] of ['choice']
replay: 163 batches from /Users/bharath/qd-campaign/replay-v4-2026-10-02/e2e/out-plain/shards/replay (attestation e88674210a00bd0e), weight 1.0, every 6

arm 2: NOT RUN -- --no-memorise
[ERROR] `loss` is part of Qwen3_5CausalLMOutputWithPast.__init__'s signature, but not documented. Make sure to add it to the docstring of the function in /Users/bharath/.venvs/ml/lib/python3.14/site-packages/transformers/models/qwen3_5/modeling_qwen3_5.py.
[ERROR] `logits` is part of Qwen3_5CausalLMOutputWithPast.__init__'s signature, but not documented. Make sure to add it to the docstring of the function in /Users/bharath/.venvs/ml/lib/python3.14/site-packages/transformers/models/qwen3_5/modeling_qwen3_5.py.
[transformers] The fast path is not available because one of the required library is not installed. Falling back to torch implementation. To install follow https://github.com/fla-org/flash-linear-attention#installation and https://github.com/Dao-AILab/causal-conv1d
  replay: cached the base's letter logits on 163 rows -> /Users/bharath/qd-campaign/replay-v4-2026-10-02/e2e/tiny-ckpt/replay-prior-cache.npz (2.8s)
[transformers] `use_cache=True` is incompatible with gradient checkpointing. Setting `use_cache=False`.
  progress epoch cpu seed=0: step 1/826 elapsed 0s 0.37s/step 424 pos/s eta 305s loss 12.3525
  progress epoch cpu seed=0: step 131/826 elapsed 61s 0.47s/step 359 pos/s eta 323s loss 12.3838
  progress epoch cpu seed=0: step 318/826 elapsed 121s 0.38s/step 438 pos/s eta 194s loss 12.1944
  progress epoch cpu seed=0: step 511/826 elapsed 182s 0.36s/step 472 pos/s eta 112s loss 11.9909
  progress epoch cpu seed=0: step 710/826 elapsed 242s 0.34s/step 490 pos/s eta 39s loss 12.0399
  checkpoint: step 826 -> /Users/bharath/qd-campaign/replay-v4-2026-10-02/e2e/tiny-ckpt/epoch-seed0-cpu.json (0.10 GiB in 0.2s)
  cpu seed=0 val_top1.choice: {"state": "ran", "passed": false, "value": 0.24203821656050956, "n": 38, "n_total": 157, "detail": "38 of 157 val choice rows (24.2%) decoded to the gold the way answer.rs decodes a Letters query, on rows this model never trained on; answering 'A' on every row, the val set's most common gold scores 
  cpu seed=0 val_top1.score: {"state": "not_run", "reason": "the val set holds no score row to score"}
  cpu seed=0 val_top1.span: {"state": "not_run", "reason": "the val set holds no span row to score"}
  cpu seed=0 ece: {"state": "not_run", "reason": "ece: 3 of 3 inputs did not run -> ece.choice.k4: ECE needs at least 100 examples to be meaningful; got 80. A binned calibration error over a small sample measures the binning.; ece.choice.k5: ECE needs at least 100 examples to be meaningful; got 77. A binned calibrati
  cpu seed=0 degenerate_head: {"state": "ran", "passed": false, "n": 2, "n_total": 2, "detail": "degenerate_head: failing inputs: degenerate_head.choice.k4, degenerate_head.choice.k5"}
  cpu seed=0 permutation_consistency: {"state": "ran", "passed": false, "value": 0.0, "n": 0, "n_total": 157, "detail": "the choice head agreed with itself across a derangement on 0 of 157 rows (0.0%) against a 95% floor; 0 row(s) had fewer than two live options and were excluded rather than counted as agreeing"}
  cpu seed=0 needle_hunk_recall: {"state": "not_run", "reason": "--needle was not given"}
  cpu seed=0 ood_abstain: {"state": "not_run", "reason": "--ood was not given"}
  score row 98fd098f-df3a-4010-b98b-783702ccd300
arm1 cpu seed=0: 826 batches, 826 supervised tokens, 0 span rows, padding 0.004330, total 12.3525 -> 12.0303, 281.711s, termination steps_exhausted, ft row 285cb0e7-2894-475e-860e-cf08747939fa
verdicts: 157 lines -> /Users/bharath/qd-campaign/replay-v4-2026-10-02/e2e/tiny-verdicts.jsonl
{
  "arm1": [
    {
      "attn_implementation": "sdpa",
      "backbone_params": 8000000,
      "backbone_snapshot": "tiny-tower",
      "backbone_vocab": 248320,
      "checkpoint_skip_layers": 2,
      "cost": "CostEstimate(usd_per_hour=0.0, cap=WallClockCap(cap_s=1800.0), n_gpus=0, instance='local-cpu', usd_per_gpu_hour=None)",
      "device": "cpu",
      "final": {
        "letter_floor_mean_per_batch": 0.0,
        "letter_floor_over_the_plan": 0.0,
        "letter_gap": 12.01077138886902,
        "letter_loss": 12.01077138886902,
        "letter_rows": 826,
        "per_batch": [
          {
            "batch": 0.0,
            "letter": 12.060675621032715,
            "letter_floor_in_batch": 0.0
          },
          {
            "batch": 1.0,
            "letter": 12.008499145507812,
            "letter_floor_in_batch": 0.0
          },
          {
            "batch": 2.0,
            "letter": 12.03185749053955,
            "letter_floor_in_batch": 0.0
          },
          {
            "batch": 3.0,
            "letter": 12.040616989135742,
            "letter_floor_in_batch": 0.0
          },
          {
            "batch": 4.0,
            "letter": 12.059564590454102,
            "letter_floor_in_batch": 0.0
          },
          {
            "batch": 5.0,
            "letter": 12.029973983764648,
            "letter_floor_in_batch": 0.0
          },
          {
            "batch": 6.0,
            "letter": 11.949230194091797,
            "letter_floor_in_batch": 0.0
          },
          {
            "batch": 7.0,
            "letter": 12.026151657104492,
            "letter_floor_in_batch": 0.0
          },
          {
            "batch": 8.0,
            "letter": 12.047552108764648,
            "letter_floor_in_batch": 0.0
          },
          {
            "batch": 9.0,
            "letter": 11.942461967468262,
            "letter_floor_in_batch": 0.0
          },
          {
            "batch": 10.0,
            "letter": 12.004792213439941,
            "letter_floor_in_batch": 0.0
          },
          {
            "batch": 11.0,
            "letter": 12.06031322479248,
            "letter_floor_in_batch": 0.0
          },
          {
            "batch": 12.0,
            "letter": 11.94248104095459,
            "letter_floor_in_batch": 0.0
          },
          {
            "batch": 13.0,
            "letter": 11.944273948669434,
            "letter_floor_in_batch": 0.0
          },
          {
            "batch": 14.0,
            "letter": 12.043815612792969,
            "letter_floor_in_batch": 0.0
          },
          {
            "batch": 15.0,
            "letter": 12.009986877441406,
            "letter_floor_in_batch": 0.0
          },
          {
            "batch": 16.0,
            "letter": 11.942663192749023,
            "letter_floor_in_batch": 0.0
          },
          {
            "batch": 17.0,
            "letter": 12.05111026763916,
            "letter_floor_in_batch": 0.0
          },
          {
            "batch": 18.0,
            "letter": 12.010332107543945,
            "letter_floor_in_batch": 0.0
          },
          {
            "batch": 19.0,
            "letter": 11.94492244720459,
            "letter_floor_in_batch": 0.0
          },
          {
            "batch": 20.0,
            "letter": 12.004815101623535,
            "letter_floor_in_batch": 0.0
          },
          {
            "batch": 21.0,
            "letter": 12.028324127197266,
            "letter_floor_in_batch": 0.0
          },
          {
            "batch": 22.0,
            "letter": 12.039809226989746,
            "letter_floor_in_batch": 0.0
          },
          {
            "batch": 23.0,
            "letter": 12.002715110778809,
            "letter_floor_in_batch": 0.0
          },
          {
            "batch": 24.0,
            "letter": 12.043899536132812,
            "letter_floor_in_batch": 0.0
          },
          {
            "batch": 25.0,
            "letter": 12.043754577636719,
            "letter_floor_in_batch": 0.0
          },
          {
            "batch": 26.0,
            "letter": 12.02851390838623,
            "letter_floor_in_batch": 0.0
          },
          {
            "batch": 27.0,
            "letter": 12.040218353271484,
            "letter_floor_in_batch": 0.0
          },
          {
            "batch": 28.0,
            "letter": 12.030043601989746,
            "letter_floor_in_batch": 0.0
          },
          {
            "batch": 29.0,
            "letter": 12.034308433532715,
            "letter_floor_in_batch": 0.0
          },
          {
            "batch": 30.0,
            "letter": 12.02464771270752,
            "letter_floor_in_batch": 0.0
          },
          {
            "batch": 31.0,
            "letter": 12.060392379760742,
            "letter_floor_in_batch": 0.0
          },
          {
            "batch": 32.0,
            "letter": 12.037671089172363,
            "letter_floor_in_batch": 0.0
          },
          {
            "batch": 33.0,
            "letter": 12.047450065612793,
            "letter_floor_in_batch": 0.0
          },
          {
            "batch": 34.0,
            "letter": 12.026459693908691,
            "letter_floor_in_batch": 0.0
          },
          {
            "batch": 35.0,
            "letter": 12.028298377990723,
            "letter_floor_in_batch": 0.0
          },
          {
            "batch": 36.0,
            "letter": 12.042048454284668,
            "letter_floor_in_batch": 0.0
          },
          {
            "batch": 37.0,
            "letter": 12.008678436279297,
            "letter_floor_in_batch": 0.0
          },
          {
            "batch": 38.0,
            "letter": 12.062315940856934,
            "letter_floor_in_batch": 0.0
          },
          {
            "batch": 39.0,
            "letter": 12.032005310058594,
            "letter_floor_in_batch": 0.0
          },
          {
            "batch": 40.0,
            "letter": 12.030123710632324,
            "letter_floor_in_batch": 0.0
          },
          {
            "batch": 41.0,
            "letter": 12.051407814025879,
            "letter_floor_in_batch": 0.0
          },
          {
            "batch": 42.0,
            "letter": 12.006757736206055,
            "letter_floor_in_batch": 0.0
          },
          {
            "batch": 43.0,
            "letter": 12.032038688659668,
            "letter_floor_in_batch": 0.0
          },
          {
            "batch": 44.0,
            "letter": 11.946290969848633,
            "letter_floor_in_batch": 0.0
          },
          {
            "batch": 45.0,
            "letter": 11.94442081451416,
            "letter_floor_in_batch": 0.0
          },
          {
            "batch": 46.0,
            "letter": 12.026379585266113,
            "letter_floor_in_batch": 0.0
          },
          {
            "batch": 47.0,
            "letter": 12.040292739868164,
            "letter_floor_in_batch": 0.0
          },
          {
            "batch": 48.0,
            "letter": 12.061427116394043,
            "letter_floor_in_batch": 0.0
          },
          {
            "batch": 49.0,
            "letter": 11.942145347595215,
            "letter_floor_in_batch": 0.0
          },
          {
            "batch": 50.0,
            "letter": 11.945944786071777,
            "letter_floor_in_batch": 0.0
          },
          {
            "batch": 51.0,
            "letter": 12.058211326599121,
            "letter_floor_in_batch": 0.0
          },
          {
            "batch": 52.0,
            "letter": 12.053018569946289,
            "letter_floor_in_batch": 0.0
          },
          {
            "batch": 53.0,
            "letter": 12.026296615600586,
            "letter_floor_in_batch": 0.0
          },
          {
            "batch": 54.0,
            "letter": 12.042059898376465,
            "letter_floor_in_batch": 0.0
          },
          {
            "batch": 55.0,
            "letter": 12.004971504211426,
            "letter_floor_in_batch": 0.0
          },
          {
            "batch": 56.0,
            "letter": 12.047036170959473,
            "letter_floor_in_batch": 0.0
          },
          {
            "batch": 57.0,
            "letter": 12.02664852142334,
            "letter_floor_in_batch": 0.0
          },
          {
            "batch": 58.0,
            "letter": 12.045694351196289,
            "letter_floor_in_batch": 0.0
          },
          {
            "batch": 59.0,
            "letter": 12.004683494567871,
            "letter_floor_in_batch": 0.0
          },
          {
            "batch": 60.0,
            "letter": 11.942476272583008,
            "letter_floor_in_batch": 0.0
          },
          {
            "batch": 61.0,
            "letter": 12.004878044128418,
            "letter_floor_in_batch": 0.0
          },
          {
            "batch": 62.0,
            "letter": 12.004937171936035,
            "letter_floor_in_batch": 0.0
          },
          {
            "batch": 63.0,
            "letter": 12.003385543823242,
            "letter_floor_in_batch": 0.0
          },
          {
            "batch": 64.0,
            "letter": 11.94794750213623,
            "letter_floor_in_batch": 0.0
          },
          {
            "batch": 65.0,
            "letter": 12.060490608215332,
            "letter_floor_in_batch": 0.0
          },
          {
            "batch": 66.0,
            "letter": 12.003152847290039,
            "letter_floor_in_batch": 0.0
          },
          {
            "batch": 67.0,
            "letter": 12.04941463470459,
            "letter_floor_in_batch": 0.0
          },
          {
            "batch": 68.0,
            "letter": 12.060460090637207,
            "letter_floor_in_batch": 0.0
          },
          {
            "batch": 69.0,
            "letter": 12.006933212280273,
            "letter_floor_in_batch": 0.0
          },
          {
            "batch": 70.0,
            "letter": 11.944148063659668,
            "letter_floor_in_batch": 0.0
          },
          {
            "batch": 71.0,
            "letter": 11.946455001831055,
            "letter_floor_in_batch": 0.0
          },
          {
            "batch": 72.0,
            "letter": 12.030438423156738,
            "letter_floor_in_batch": 0.0
          },
          {
            "batch": 73.0,
            "letter": 12.005293846130371,
            "letter_floor_in_batch": 0.0
          },
          {
            "batch": 74.0,
            "letter": 12.041998863220215,
            "letter_floor_in_batch": 0.0
          },
          {
            "batch": 75.0,
            "letter": 12.043854713439941,
            "letter_floor_in_batch": 0.0
          },
          {
            "batch": 76.0,
            "letter": 12.006890296936035,
            "letter_floor_in_batch": 0.0
          },
          {
            "batch": 77.0,
            "letter": 12.025221824645996,
            "letter_floor_in_batch": 0.0
          },
          {
            "batch": 78.0,
            "letter": 11.947970390319824,
            "letter_floor_in_batch": 0.0
          },
          {
            "batch": 79.0,
            "letter": 11.941965103149414,
            "letter_floor_in_batch": 0.0
          },
          {
            "batch": 80.0,
            "letter": 12.047539710998535,
            "letter_floor_in_batch": 0.0
          },
          {
            "batch": 81.0,
            "letter": 11.953669548034668,
            "letter_floor_in_batch": 0.0
          },
          {
            "batch": 82.0,
            "letter": 12.028545379638672,
            "letter_floor_in_batch": 0.0
          },
          {
            "batch": 83.0,
            "letter": 12.00560188293457,
            "letter_floor_in_batch": 0.0
          },
          {
            "batch": 84.0,
            "letter": 12.042013168334961,
            "letter_floor_in_batch": 0.0
          },
          {
            "batch": 85.0,
            "letter": 12.004932403564453,
            "letter_floor_in_batch": 0.0
          },
          {
            "batch": 86.0,
            "letter": 12.006741523742676,
            "letter_floor_in_batch": 0.0
          },
          {
            "batch": 87.0,
            "letter": 12.043513298034668,
            "letter_floor_in_batch": 0.0
          },
          {
            "batch": 88.0,
            "letter": 12.06155014038086,
            "letter_floor_in_batch": 0.0
          },
          {
            "batch": 89.0,
            "letter": 11.938325881958008,
            "letter_floor_in_batch": 0.0
          },
          {
            "batch": 90.0,
            "letter": 12.047133445739746,
            "letter_floor_in_batch": 0.0
          },
          {
            "batch": 91.0,
            "letter": 12.028199195861816,
            "letter_floor_in_batch": 0.0
          },
          {
            "batch": 92.0,
            "letter": 12.047959327697754,
            "letter_floor_in_batch": 0.0
          },
          {
            "batch": 93.0,
            "letter": 12.029892921447754,
            "letter_floor_in_batch": 0.0
          },
          {
            "batch": 94.0,
            "letter": 12.043890953063965,
            "letter_floor_in_batch": 0.0
          },
          {
            "batch": 95.0,
            "letter": 11.94559097290039,
            "letter_floor_in_batch": 0.0
          },
          {
            "batch": 96.0,
            "letter": 11.93875503540039,
            "letter_floor_in_batch": 0.0
          },
          {
            "batch": 97.0,
            "letter": 11.94221305847168,
            "letter_floor_in_batch": 0.0
          },
          {
            "batch": 98.0,
            "letter": 12.024356842041016,
            "letter_floor_in_batch": 0.0
          },
          {
            "batch": 99.0,
            "letter": 11.946008682250977,
            "letter_floor_in_batch": 0.0
          },
          {
            "batch": 100.0,
            "letter": 12.042093276977539,
            "letter_floor_in_batch": 0.0
          },
          {
            "batch": 101.0,
            "letter": 12.033700942993164,
            "letter_floor_in_batch": 0.0
          },
          {
            "batch": 102.0,
            "letter": 12.003259658813477,
            "letter_floor_in_batch": 0.0
          },
          {
            "batch": 103.0,
            "letter": 11.943910598754883,
            "letter_floor_in_batch": 0.0
          },
          {
            "batch": 104.0,
            "letter": 12.04008674621582,
            "letter_floor_in_batch": 0.0
          },
          {
            "batch": 105.0,
            "letter": 12.043678283691406,
            "letter_floor_in_batch": 0.0
          },
          {
            "batch": 106.0,
            "letter": 11.936924934387207,
            "letter_floor_in_batch": 0.0
          },
          {
            "batch": 107.0,
            "letter": 11.942480087280273,
            "letter_floor_in_batch": 0.0
          },
          {
            "batch": 108.0,
            "letter": 12.002936363220215,
            "letter_floor_in_batch": 0.0
          },
          {
            "batch": 109.0,
            "letter": 12.032038688659668,
            "letter_floor_in_batch": 0.0
          },
          {
            "batch": 110.0,
            "letter": 11.945474624633789,
            "letter_floor_in_batch": 0.0
          },
          {
            "batch": 111.0,
            "letter": 11.94039535522461,
            "letter_floor_in_batch": 0.0
          },
          {
            "batch": 112.0,
            "letter": 12.003082275390625,
            "letter_floor_in_batch": 0.0
          },
          {
            "batch": 113.0,
            "letter": 11.942092895507812,
            "letter_floor_in_batch": 0.0
          },
          {
            "batch": 114.0,
            "letter": 12.030023574829102,
            "letter_floor_in_batch": 0.0
          },
          {
            "batch": 115.0,
            "letter": 11.944070816040039,
            "letter_floor_in_batch": 0.0
          },
          {
            "batch": 116.0,
            "letter": 12.051025390625,
            "letter_floor_in_batch": 0.0
          },
          {
            "batch": 117.0,
            "letter": 11.941760063171387,
            "letter_floor_in_batch": 0.0
          },
          {
            "batch": 118.0,
            "letter": 12.00625991821289,
            "letter_floor_in_batch": 0.0
          },
          {
            "batch": 119.0,
            "letter": 11.942320823669434,
            "letter_floor_in_batch": 0.0
          },
          {
            "batch": 120.0,
            "letter": 12.002845764160156,
            "letter_floor_in_batch": 0.0
          },
          {
            "batch": 121.0,
            "letter": 12.028180122375488,
            "letter_floor_in_batch": 0.0
          },
          {
            "batch": 122.0,
            "letter": 12.02898120880127,
            "letter_floor_in_batch": 0.0
          },
          {
            "batch": 123.0,
            "letter": 12.045722007751465,
            "letter_floor_in_batch": 0.0
          },
          {
            "batch": 124.0,
            "letter": 12.031704902648926,
            "letter_floor_in_batch": 0.0
          },
          {
            "batch": 125.0,
            "letter": 12.029688835144043,
            "letter_floor_in_batch": 0.0
          },
          {
            "batch": 126.0,
            "letter": 11.944127082824707,
            "letter_floor_in_batch": 0.0
          },
          {
            "batch": 127.0,
            "letter": 12.030244827270508,
            "letter_floor_in_batch": 0.0
          },
          {
            "batch": 128.0,
            "letter": 12.047371864318848,
            "letter_floor_in_batch": 0.0
          },
          {
            "batch": 129.0,
            "letter": 12.051117897033691,
            "letter_floor_in_batch": 0.0
          },
          {
            "batch": 130.0,
            "letter": 12.006635665893555,
            "letter_floor_in_batch": 0.0
          },
          {
            "batch": 131.0,
            "letter": 12.006123542785645,
            "letter_floor_in_batch": 0.0
          },
          {
            "batch": 132.0,
            "letter": 12.047910690307617,
            "letter_floor_in_batch": 0.0
          },
          {
            "batch": 133.0,
            "letter": 12.028841972351074,
            "letter_floor_in_batch": 0.0
          },
          {
            "batch": 134.0,
            "letter": 11.942220687866211,
            "letter_floor_in_batch": 0.0
          },
          {
            "batch": 135.0,
            "letter": 12.029363632202148,
            "letter_floor_in_batch": 0.0
          },
          {
            "batch": 136.0,
            "letter": 11.945976257324219,
            "letter_floor_in_batch": 0.0
          },
          {
            "batch": 137.0,
            "letter": 11.944802284240723,
            "letter_floor_in_batch": 0.0
          },
          {
            "batch": 138.0,
            "letter": 12.006673812866211,
            "letter_floor_in_batch": 0.0
          },
          {
            "batch": 139.0,
            "letter": 12.03028392791748,
            "letter_floor_in_batch": 0.0
          },
          {
            "batch": 140.0,
            "letter": 12.051539421081543,
            "letter_floor_in_batch": 0.0
          },
          {
            "batch": 141.0,
            "letter": 12.059501647949219,
            "letter_floor_in_batch": 0.0
          },
          {
            "batch": 142.0,
            "letter": 12.006589889526367,
            "letter_floor_in_batch": 0.0
          },
          {
            "batch": 143.0,
            "letter": 12.004646301269531,
            "letter_floor_in_batch": 0.0
          },
          {
            "batch": 144.0,
            "letter": 12.002950668334961,
            "letter_floor_in_batch": 0.0
          },
          {
            "batch": 145.0,
            "letter": 12.04588794708252,
            "letter_floor_in_batch": 0.0
          },
          {
            "batch": 146.0,
            "letter": 12.049233436584473,
            "letter_floor_in_batch": 0.0
          },
          {
            "batch": 147.0,
            "letter": 12.039756774902344,
            "letter_floor_in_batch": 0.0
          },
          {
            "batch": 148.0,
            "letter": 11.938371658325195,
            "letter_floor_in_batch": 0.0
          },
          {
            "batch": 149.0,
            "letter": 11.940291404724121,
            "letter_floor_in_batch": 0.0
          },
          {
            "batch": 150.0,
            "letter": 12.061568260192871,
            "letter_floor_in_batch": 0.0
          },
          {
            "batch": 151.0,
            "letter": 12.029576301574707,
            "letter_floor_in_batch": 0.0
          },
          {
            "batch": 152.0,
            "letter": 12.004802703857422,
            "letter_floor_in_batch": 0.0
          },
          {
            "batch": 153.0,
            "letter": 12.03199577331543,
            "letter_floor_in_batch": 0.0
          },
          {
            "batch": 154.0,
            "letter": 12.007532119750977,
            "letter_floor_in_batch": 0.0
          },
          {
            "batch": 155.0,
            "letter": 12.004260063171387,
            "letter_floor_in_batch": 0.0
          },
          {
            "batch": 156.0,
            "letter": 12.043848991394043,
            "letter_floor_in_batch": 0.0
          },
          {
            "batch": 157.0,
            "letter": 11.936712265014648,
            "letter_floor_in_batch": 0.0
          },
          {
            "batch": 158.0,
            "letter": 12.043728828430176,
            "letter_floor_in_batch": 0.0
          },
          {
            "batch": 159.0,
            "letter": 12.064615249633789,
            "letter_floor_in_batch": 0.0
          },
          {
            "batch": 160.0,
            "letter": 11.944024085998535,
            "letter_floor_in_batch": 0.0
          },
          {
            "batch": 161.0,
            "letter": 12.028154373168945,
            "letter_floor_in_batch": 0.0
          },
          {
            "batch": 162.0,
            "letter": 12.0477876663208,
            "letter_floor_in_batch": 0.0
          },
          {
            "batch": 163.0,
            "letter": 12.031248092651367,
            "letter_floor_in_batch": 0.0
          },
          {
            "batch": 164.0,
            "letter": 12.008539199829102,
            "letter_floor_in_batch": 0.0
          },
          {
            "batch": 165.0,
            "letter": 12.02643871307373,
            "letter_floor_in_batch": 0.0
          },
          {
            "batch": 166.0,
            "letter": 12.049389839172363,
            "letter_floor_in_batch": 0.0
          },
          {
            "batch": 167.0,
            "letter": 12.002779006958008,
            "letter_floor_in_batch": 0.0
          },
          {
            "batch": 168.0,
            "letter": 12.060441017150879,
            "letter_floor_in_batch": 0.0
          },
          {
            "batch": 169.0,
            "letter": 11.942294120788574,
            "letter_floor_in_batch": 0.0
          },
          {
            "batch": 170.0,
            "letter": 12.042316436767578,
            "letter_floor_in_batch": 0.0
          },
          {
            "batch": 171.0,
            "letter": 11.941839218139648,
            "letter_floor_in_batch": 0.0
          },
          {
            "batch": 172.0,
            "letter": 11.944709777832031,
            "letter_floor_in_batch": 0.0
          },
          {
            "batch": 173.0,
            "letter": 12.029890060424805,
            "letter_floor_in_batch": 0.0
          },
          {
            "batch": 174.0,
            "letter": 12.026748657226562,
            "letter_floor_in_batch": 0.0
          },
          {
            "batch": 175.0,
            "letter": 12.03010082244873,
            "letter_floor_in_batch": 0.0
          },
          {
            "batch": 176.0,
            "letter": 12.006985664367676,
            "letter_floor_in_batch": 0.0
          },
          {
            "batch": 177.0,
            "letter": 12.02629566192627,
            "letter_floor_in_batch": 0.0
          },
          {
            "batch": 178.0,
            "letter": 11.94767951965332,
            "letter_floor_in_batch": 0.0
          },
          {
            "batch": 179.0,
            "letter": 12.034077644348145,
            "letter_floor_in_batch": 0.0
          },
          {
            "batch": 180.0,
            "letter": 12.042080879211426,
            "letter_floor_in_batch": 0.0
          },
          {
            "batch": 181.0,
            "letter": 11.942056655883789,
            "letter_floor_in_batch": 0.0
          },
          {
            "batch": 182.0,
            "letter": 12.038187026977539,
            "letter_floor_in_batch": 0.0
          },
          {
            "batch": 183.0,
            "letter": 12.029958724975586,
            "letter_floor_in_batch": 0.0
          },
          {
            "batch": 184.0,
            "letter": 12.003082275390625,
            "letter_floor_in_batch": 0.0
          },
          {
            "batch": 185.0,
            "letter": 12.012102127075195,
            "letter_floor_in_batch": 0.0
          },
          {
            "batch": 186.0,
            "letter": 12.060745239257812,
            "letter_floor_in_batch": 0.0
          },
          {
            "batch": 187.0,
            "letter": 12.033504486083984,
            "letter_floor_in_batch": 0.0
          },
          {
            "batch": 188.0,
            "letter": 12.03007984161377,
            "letter_floor_in_batch": 0.0
          },
          {
            "batch": 189.0,
            "letter": 12.045845985412598,
            "letter_floor_in_batch": 0.0
          },
          {
            "batch": 190.0,
            "letter": 12.004846572875977,
            "letter_floor_in_batch": 0.0
          },
          {
            "batch": 191.0,
            "letter": 11.940357208251953,
            "letter_floor_in_batch": 0.0
          },
          {
            "batch": 192.0,
            "letter": 12.037574768066406,
            "letter_floor_in_batch": 0.0
          },
          {
            "batch": 193.0,
            "letter": 12.047402381896973,
            "letter_floor_in_batch": 0.0
          },
          {
            "batch": 194.0,
            "letter": 11.94581413269043,
            "letter_floor_in_batch": 0.0
          },
          {
            "batch": 195.0,
            "letter": 12.057514190673828,
            "letter_floor_in_batch": 0.0
          },
          {
            "batch": 196.0,
            "letter": 12.028427124023438,
            "letter_floor_in_batch": 0.0
          },
          {
            "batch": 197.0,
            "letter": 12.03160285949707,
            "letter_floor_in_batch": 0.0
          },
          {
            "batch": 198.0,
            "letter": 12.038434028625488,
            "letter_floor_in_batch": 0.0
          },
          {
            "batch": 199.0,
            "letter": 12.000720024108887,
            "letter_floor_in_batch": 0.0
          },
          {
            "batch": 200.0,
            "letter": 12.030351638793945,
            "letter_floor_in_batch": 0.0
          },
          {
            "batch": 201.0,
            "letter": 12.030227661132812,
            "letter_floor_in_batch": 0.0
          },
          {
            "batch": 202.0,
            "letter": 12.006908416748047,
            "letter_floor_in_batch": 0.0
          },
          {
            "batch": 203.0,
            "letter": 11.941851615905762,
            "letter_floor_in_batch": 0.0
          },
          {
            "batch": 204.0,
            "letter": 11.94189453125,
            "letter_floor_in_batch": 0.0
          },
          {
            "batch": 205.0,
            "letter": 11.944317817687988,
            "letter_floor_in_batch": 0.0
          },
          {
            "batch": 206.0,
            "letter": 11.943929672241211,
            "letter_floor_in_batch": 0.0
          },
          {
            "batch": 207.0,
            "letter": 11.998781204223633,
            "letter_floor_in_batch": 0.0
          },
          {
            "batch": 208.0,
            "letter": 11.942261695861816,
            "letter_floor_in_batch": 0.0
          },
          {
            "batch": 209.0,
            "letter": 12.0322265625,
            "letter_floor_in_batch": 0.0
          },
          {
            "batch": 210.0,
            "letter": 12.003142356872559,
            "letter_floor_in_batch": 0.0
          },
          {
            "batch": 211.0,
            "letter": 12.028191566467285,
            "letter_floor_in_batch": 0.0
          },
          {
            "batch": 212.0,
            "letter": 12.006755828857422,
            "letter_floor_in_batch": 0.0
          },
          {
            "batch": 213.0,
            "letter": 12.039834022521973,
            "letter_floor_in_batch": 0.0
          },
          {
            "batch": 214.0,
            "letter": 12.030301094055176,
            "letter_floor_in_batch": 0.0
          },
          {
            "batch": 215.0,
            "letter": 12.02845573425293,
            "letter_floor_in_batch": 0.0
          },
          {
            "batch": 216.0,
            "letter": 12.026408195495605,
            "letter_floor_in_batch": 0.0
          },
          {
            "batch": 217.0,
            "letter": 12.041940689086914,
            "letter_floor_in_batch": 0.0
          },
          {
            "batch": 218.0,
            "letter": 12.008326530456543,
            "letter_floor_in_batch": 0.0
          },
          {
            "batch": 219.0,
            "letter": 12.039998054504395,
            "letter_floor_in_batch": 0.0
          },
          {
            "batch": 220.0,
            "letter": 11.940227508544922,
            "letter_floor_in_batch": 0.0
          },
          {
            "batch": 221.0,
            "letter": 12.029643058776855,
            "letter_floor_in_batch": 0.0
          },
          {
            "batch": 222.0,
            "letter": 12.005297660827637,
            "letter_floor_in_batch": 0.0
          },
          {
            "batch": 223.0,
            "letter": 12.002796173095703,
            "letter_floor_in_batch": 0.0
          },
          {
            "batch": 224.0,
            "letter": 12.040019989013672,
            "letter_floor_in_batch": 0.0
          },
          {
            "batch": 225.0,
            "letter": 12.0421724319458,
            "letter_floor_in_batch": 0.0
          },
          {
            "batch": 226.0,
            "letter": 12.060677528381348,
            "letter_floor_in_batch": 0.0
          },
          {
            "batch": 227.0,
            "letter": 11.940153121948242,
            "letter_floor_in_batch": 0.0
          },
          {
            "batch": 228.0,
            "letter": 12.02824878692627,
            "letter_floor_in_batch": 0.0
          },
          {
            "batch": 229.0,
            "letter": 12.031770706176758,
            "letter_floor_in_batch": 0.0
          },
          {
            "batch": 230.0,
            "letter": 11.942651748657227,
            "letter_floor_in_batch": 0.0
          },
          {
            "batch": 231.0,
            "letter": 12.023883819580078,
            "letter_floor_in_batch": 0.0
          },
          {
            "batch": 232.0,
            "letter": 12.059412002563477,
            "letter_floor_in_batch": 0.0
          },
          {
            "batch": 233.0,
            "letter": 12.034421920776367,
            "letter_floor_in_batch": 0.0
          },
          {
            "batch": 234.0,
            "letter": 12.028433799743652,
            "letter_floor_in_batch": 0.0
          },
          {
            "batch": 235.0,
            "letter": 12.030131340026855,
            "letter_floor_in_batch": 0.0
          },
          {
            "batch": 236.0,
            "letter": 12.030108451843262,
            "letter_floor_in_batch": 0.0
          },
          {
            "batch": 237.0,
            "letter": 12.002694129943848,
            "letter_floor_in_batch": 0.0
          },
          {
            "batch": 238.0,
            "letter": 12.061397552490234,
            "letter_floor_in_batch": 0.0
          },
          {
            "batch": 239.0,
            "letter": 12.028386116027832,
            "letter_floor_in_batch": 0.0
          },
          {
            "batch": 240.0,
            "letter": 12.040000915527344,
            "letter_floor_in_batch": 0.0
          },
          {
            "batch": 241.0,
            "letter": 12.030007362365723,
            "letter_floor_in_batch": 0.0
          },
          {
            "batch": 242.0,
            "letter": 12.028072357177734,
            "letter_floor_in_batch": 0.0
          },
          {
            "batch": 243.0,
            "letter": 11.950019836425781,
            "letter_floor_in_batch": 0.0
          },
          {
            "batch": 244.0,
            "letter": 12.00440788269043,
            "letter_floor_in_batch": 0.0
          },
          {
            "batch": 245.0,
            "letter": 12.008752822875977,
            "letter_floor_in_batch": 0.0
          },
          {
            "batch": 246.0,
            "letter": 12.006414413452148,
            "letter_floor_in_batch": 0.0
          },
          {
            "batch": 247.0,
            "letter": 12.00667667388916,
            "letter_floor_in_batch": 0.0
          },
          {
            "batch": 248.0,
            "letter": 12.006571769714355,
            "letter_floor_in_batch": 0.0
          },
          {
            "batch": 249.0,
            "letter": 11.940299987792969,
            "letter_floor_in_batch": 0.0
          },
          {
            "batch": 250.0,
            "letter": 12.039722442626953,
            "letter_floor_in_batch": 0.0
          },
          {
            "batch": 251.0,
            "letter": 12.039978981018066,
            "letter_floor_in_batch": 0.0
          },
          {
            "batch": 252.0,
            "letter": 12.062743186950684,
            "letter_floor_in_batch": 0.0
          },
          {
            "batch": 253.0,
            "letter": 11.940286636352539,
            "letter_floor_in_batch": 0.0
          },
          {
            "batch": 254.0,
            "letter": 12.024690628051758,
            "letter_floor_in_batch": 0.0
          },
          {
            "batch": 255.0,
            "letter": 12.051179885864258,
            "letter_floor_in_batch": 0.0
          },
          {
            "batch": 256.0,
            "letter": 12.041985511779785,
            "letter_floor_in_batch": 0.0
          },
          {
            "batch": 257.0,
            "letter": 11.942436218261719,
            "letter_floor_in_batch": 0.0
          },
          {
            "batch": 258.0,
            "letter": 12.006608963012695,
            "letter_floor_in_batch": 0.0
          },
          {
            "batch": 259.0,
            "letter": 12.062437057495117,
            "letter_floor_in_batch": 0.0
          },
          {
            "batch": 260.0,
            "letter": 12.040536880493164,
            "letter_floor_in_batch": 0.0
          },
          {
            "batch": 261.0,
            "letter": 12.027990341186523,
            "letter_floor_in_batch": 0.0
          },
          {
            "batch": 262.0,
            "letter": 12.002701759338379,
            "letter_floor_in_batch": 0.0
          },
          {
            "batch": 263.0,
            "letter": 12.04809284210205,
            "letter_floor_in_batch": 0.0
          },
          {
            "batch": 264.0,
            "letter": 12.050918579101562,
            "letter_floor_in_batch": 0.0
          },
          {
            "batch": 265.0,
            "letter": 11.938328742980957,
            "letter_floor_in_batch": 0.0
          },
          {
            "batch": 266.0,
            "letter": 11.94029712677002,
            "letter_floor_in_batch": 0.0
          },
          {
            "batch": 267.0,
            "letter": 12.00847339630127,
            "letter_floor_in_batch": 0.0
          },
          {
            "batch": 268.0,
            "letter": 12.042174339294434,
            "letter_floor_in_batch": 0.0
          },
          {
            "batch": 269.0,
            "letter": 12.039076805114746,
            "letter_floor_in_batch": 0.0
          },
          {
            "batch": 270.0,
            "letter": 11.952373504638672,
            "letter_floor_in_batch": 0.0
          },
          {
            "batch": 271.0,
            "letter": 11.945695877075195,
            "letter_floor_in_batch": 0.0
          },
          {
            "batch": 272.0,
            "letter": 12.033883094787598,
            "letter_floor_in_batch": 0.0
          },
          {
            "batch": 273.0,
            "letter": 12.029924392700195,
            "letter_floor_in_batch": 0.0
          },
          {
            "batch": 274.0,
            "letter": 12.024697303771973,
            "letter_floor_in_batch": 0.0
          },
          {
            "batch": 275.0,
            "letter": 12.010017395019531,
            "letter_floor_in_batch": 0.0
          },
          {
            "batch": 276.0,
            "letter": 12.04946231842041,
            "letter_floor_in_batch": 0.0
          },
          {
            "batch": 277.0,
            "letter": 12.041975975036621,
            "letter_floor_in_batch": 0.0
          },
          {
            "batch": 278.0,
            "letter": 12.002832412719727,
            "letter_floor_in_batch": 0.0
          },
          {
            "batch": 279.0,
            "letter": 11.947964668273926,
            "letter_floor_in_batch": 0.0
          },
          {
            "batch": 280.0,
            "letter": 12.042107582092285,
            "letter_floor_in_batch": 0.0
          },
          {
            "batch": 281.0,
            "letter": 12.030198097229004,
            "letter_floor_in_batch": 0.0
          },
          {
            "batch": 282.0,
            "letter": 12.043793678283691,
            "letter_floor_in_batch": 0.0
          },
          {
            "batch": 283.0,
            "letter": 12.012496948242188,
            "letter_floor_in_batch": 0.0
          },
          {
            "batch": 284.0,
            "letter": 12.041940689086914,
            "letter_floor_in_batch": 0.0
          },
          {
            "batch": 285.0,
            "letter": 11.94200325012207,
            "letter_floor_in_batch": 0.0
          },
          {
            "batch": 286.0,
            "letter": 12.060507774353027,
            "letter_floor_in_batch": 0.0
          },
          {
            "batch": 287.0,
            "letter": 12.045343399047852,
            "letter_floor_in_batch": 0.0
          },
          {
            "batch": 288.0,
            "letter": 12.060576438903809,
            "letter_floor_in_batch": 0.0
          },
          {
            "batch": 289.0,
            "letter": 12.033374786376953,
            "letter_floor_in_batch": 0.0
          },
          {
            "batch": 290.0,
            "letter": 12.010354995727539,
            "letter_floor_in_batch": 0.0
          },
          {
            "batch": 291.0,
            "letter": 12.00311279296875,
            "letter_floor_in_batch": 0.0
          },
          {
            "batch": 292.0,
            "letter": 12.03996753692627,
            "letter_floor_in_batch": 0.0
          },
          {
            "batch": 293.0,
            "letter": 12.051247596740723,
            "letter_floor_in_batch": 0.0
          },
          {
            "batch": 294.0,
            "letter": 12.033921241760254,
            "letter_floor_in_batch": 0.0
          },
          {
            "batch": 295.0,
            "letter": 12.030293464660645,
            "letter_floor_in_batch": 0.0
          },
          {
            "batch": 296.0,
            "letter": 12.045177459716797,
            "letter_floor_in_batch": 0.0
          },
          {
            "batch": 297.0,
            "letter": 12.025962829589844,
            "letter_floor_in_batch": 0.0
          },
          {
            "batch": 298.0,
            "letter": 12.04578685760498,
            "letter_floor_in_batch": 0.0
          },
          {
            "batch": 299.0,
            "letter": 12.060545921325684,
            "letter_floor_in_batch": 0.0
          },
          {
            "batch": 300.0,
            "letter": 12.000877380371094,
            "letter_floor_in_batch": 0.0
          },
          {
            "batch": 301.0,
            "letter": 12.060073852539062,
            "letter_floor_in_batch": 0.0
          },
          {
            "batch": 302.0,
            "letter": 12.004400253295898,
            "letter_floor_in_batch": 0.0
          },
          {
            "batch": 303.0,
            "letter": 11.946856498718262,
            "letter_floor_in_batch": 0.0
          },
          {
            "batch": 304.0,
            "letter": 11.9436674118042,
            "letter_floor_in_batch": 0.0
          },
          {
            "batch": 305.0,
            "letter": 12.062620162963867,
            "letter_floor_in_batch": 0.0
          },
          {
            "batch": 306.0,
            "letter": 12.014178276062012,
            "letter_floor_in_batch": 0.0
          },
          {
            "batch": 307.0,
            "letter": 12.030378341674805,
            "letter_floor_in_batch": 0.0
          },
          {
            "batch": 308.0,
            "letter": 12.028385162353516,
            "letter_floor_in_batch": 0.0
          },
          {
            "batch": 309.0,
            "letter": 12.028353691101074,
            "letter_floor_in_batch": 0.0
          },
          {
            "batch": 310.0,
            "letter": 12.041705131530762,
            "letter_floor_in_batch": 0.0
          },
          {
            "batch": 311.0,
            "letter": 12.047845840454102,
            "letter_floor_in_batch": 0.0
          },
          {
            "batch": 312.0,
            "letter": 12.002801895141602,
            "letter_floor_in_batch": 0.0
          },
          {
            "batch": 313.0,
            "letter": 12.02826976776123,
            "letter_floor_in_batch": 0.0
          },
          {
            "batch": 314.0,
            "letter": 12.004537582397461,
            "letter_floor_in_batch": 0.0
          },
          {
            "batch": 315.0,
            "letter": 11.940417289733887,
            "letter_floor_in_batch": 0.0
          },
          {
            "batch": 316.0,
            "letter": 12.00266170501709,
            "letter_floor_in_batch": 0.0
          },
          {
            "batch": 317.0,
            "letter": 12.030214309692383,
            "letter_floor_in_batch": 0.0
          },
          {
            "batch": 318.0,
            "letter": 12.007061004638672,
            "letter_floor_in_batch": 0.0
          },
          {
            "batch": 319.0,
            "letter": 12.004559516906738,
            "letter_floor_in_batch": 0.0
          },
          {
            "batch": 320.0,
            "letter": 11.941994667053223,
            "letter_floor_in_batch": 0.0
          },
          {
            "batch": 321.0,
            "letter": 12.05529499053955,
            "letter_floor_in_batch": 0.0
          },
          {
            "batch": 322.0,
            "letter": 11.944132804870605,
            "letter_floor_in_batch": 0.0
          },
          {
            "batch": 323.0,
            "letter": 12.02813720703125,
            "letter_floor_in_batch": 0.0
          },
          {
            "batch": 324.0,
            "letter": 12.028207778930664,
            "letter_floor_in_batch": 0.0
          },
          {
            "batch": 325.0,
            "letter": 11.94590950012207,
            "letter_floor_in_batch": 0.0
          },
          {
            "batch": 326.0,
            "letter": 11.940381050109863,
            "letter_floor_in_batch": 0.0
          },
          {
            "batch": 327.0,
            "letter": 12.045923233032227,
            "letter_floor_in_batch": 0.0
          },
          {
            "batch": 328.0,
            "letter": 12.005704879760742,
            "letter_floor_in_batch": 0.0
          },
          {
            "batch": 329.0,
            "letter": 12.00485610961914,
            "letter_floor_in_batch": 0.0
          },
          {
            "batch": 330.0,
            "letter": 12.031917572021484,
            "letter_floor_in_batch": 0.0
          },
          {
            "batch": 331.0,
            "letter": 11.946175575256348,
            "letter_floor_in_batch": 0.0
          },
          {
            "batch": 332.0,
            "letter": 12.041175842285156,
            "letter_floor_in_batch": 0.0
          },
          {
            "batch": 333.0,
            "letter": 12.04206657409668,
            "letter_floor_in_batch": 0.0
          },
          {
            "batch": 334.0,
            "letter": 12.009893417358398,
            "letter_floor_in_batch": 0.0
          },
          {
            "batch": 335.0,
            "letter": 12.004575729370117,
            "letter_floor_in_batch": 0.0
          },
          {
            "batch": 336.0,
            "letter": 12.041828155517578,
            "letter_floor_in_batch": 0.0
          },
          {
            "batch": 337.0,
            "letter": 12.028200149536133,
            "letter_floor_in_batch": 0.0
          },
          {
            "batch": 338.0,
            "letter": 12.030088424682617,
            "letter_floor_in_batch": 0.0
          },
          {
            "batch": 339.0,
            "letter": 11.94438648223877,
            "letter_floor_in_batch": 0.0
          },
          {
            "batch": 340.0,
            "letter": 12.030023574829102,
            "letter_floor_in_batch": 0.0
          },
          {
            "batch": 341.0,
            "letter": 12.045782089233398,
            "letter_floor_in_batch": 0.0
          },
          {
            "batch": 342.0,
            "letter": 12.004639625549316,
            "letter_floor_in_batch": 0.0
          },
          {
            "batch": 343.0,
            "letter": 12.040057182312012,
            "letter_floor_in_batch": 0.0
          },
          {
            "batch": 344.0,
            "letter": 12.012430191040039,
            "letter_floor_in_batch": 0.0
          },
          {
            "batch": 345.0,
            "letter": 11.945679664611816,
            "letter_floor_in_batch": 0.0
          },
          {
            "batch": 346.0,
            "letter": 11.940563201904297,
            "letter_floor_in_batch": 0.0
          },
          {
            "batch": 347.0,
            "letter": 12.042206764221191,
            "letter_floor_in_batch": 0.0
          },
          {
            "batch": 348.0,
            "letter": 12.032307624816895,
            "letter_floor_in_batch": 0.0
          },
          {
            "batch": 349.0,
            "letter": 12.008452415466309,
            "letter_floor_in_batch": 0.0
          },
          {
            "batch": 350.0,
            "letter": 12.004768371582031,
            "letter_floor_in_batch": 0.0
          },
          {
            "batch": 351.0,
            "letter": 12.032023429870605,
            "letter_floor_in_batch": 0.0
          },
          {
            "batch": 352.0,
            "letter": 12.031939506530762,
            "letter_floor_in_batch": 0.0
          },
          {
            "batch": 353.0,
            "letter": 12.004752159118652,
            "letter_floor_in_batch": 0.0
          },
          {
            "batch": 354.0,
            "letter": 12.023394584655762,
            "letter_floor_in_batch": 0.0
          },
          {
            "batch": 355.0,
            "letter": 12.029455184936523,
            "letter_floor_in_batch": 0.0
          },
          {
            "batch": 356.0,
            "letter": 12.050966262817383,
            "letter_floor_in_batch": 0.0
          },
          {
            "batch": 357.0,
            "letter": 12.002813339233398,
            "letter_floor_in_batch": 0.0
          },
          {
            "batch": 358.0,
            "letter": 11.944426536560059,
            "letter_floor_in_batch": 0.0
          },
          {
            "batch": 359.0,
            "letter": 12.00278091430664,
            "letter_floor_in_batch": 0.0
          },
          {
            "batch": 360.0,
            "letter": 12.053574562072754,
            "letter_floor_in_batch": 0.0
          },
          {
            "batch": 361.0,
            "letter": 12.002737045288086,
            "letter_floor_in_batch": 0.0
          },
          {
            "batch": 362.0,
            "letter": 12.004390716552734,
            "letter_floor_in_batch": 0.0
          },
          {
            "batch": 363.0,
            "letter": 12.006678581237793,
            "letter_floor_in_batch": 0.0
          },
          {
            "batch": 364.0,
            "letter": 12.03422737121582,
            "letter_floor_in_batch": 0.0
          },
          {
            "batch": 365.0,
            "letter": 12.006669998168945,
            "letter_floor_in_batch": 0.0
          },
          {
            "batch": 366.0,
            "letter": 12.005101203918457,
            "letter_floor_in_batch": 0.0
          },
          {
            "batch": 367.0,
            "letter": 12.030019760131836,
            "letter_floor_in_batch": 0.0
          },
          {
            "batch": 368.0,
            "letter": 12.060471534729004,
            "letter_floor_in_batch": 0.0
          },
          {
            "batch": 369.0,
            "letter": 12.041882514953613,
            "letter_floor_in_batch": 0.0
          },
          {
            "batch": 370.0,
            "letter": 12.004923820495605,
            "letter_floor_in_batch": 0.0
          },
          {
            "batch": 371.0,
            "letter": 12.004680633544922,
            "letter_floor_in_batch": 0.0
          },
          {
            "batch": 372.0,
            "letter": 12.02570915222168,
            "letter_floor_in_batch": 0.0
          },
          {
            "batch": 373.0,
            "letter": 12.04401969909668,
            "letter_floor_in_batch": 0.0
          },
          {
            "batch": 374.0,
            "letter": 12.059829711914062,
            "letter_floor_in_batch": 0.0
          },
          {
            "batch": 375.0,
            "letter": 12.029754638671875,
            "letter_floor_in_batch": 0.0
          },
          {
            "batch": 376.0,
            "letter": 12.026362419128418,
            "letter_floor_in_batch": 0.0
          },
          {
            "batch": 377.0,
            "letter": 12.028139114379883,
            "letter_floor_in_batch": 0.0
          },
          {
            "batch": 378.0,
            "letter": 12.029695510864258,
            "letter_floor_in_batch": 0.0
          },
          {
            "batch": 379.0,
            "letter": 12.005233764648438,
            "letter_floor_in_batch": 0.0
          },
          {
            "batch": 380.0,
            "letter": 12.028299331665039,
            "letter_floor_in_batch": 0.0
          },
          {
            "batch": 381.0,
            "letter": 12.042025566101074,
            "letter_floor_in_batch": 0.0
          },
          {
            "batch": 382.0,
            "letter": 12.041783332824707,
            "letter_floor_in_batch": 0.0
          },
          {
            "batch": 383.0,
            "letter": 12.060705184936523,
            "letter_floor_in_batch": 0.0
          },
          {
            "batch": 384.0,
            "letter": 12.006611824035645,
            "letter_floor_in_batch": 0.0
          },
          {
            "batch": 385.0,
            "letter": 11.942192077636719,
            "letter_floor_in_batch": 0.0
          },
          {
            "batch": 386.0,
            "letter": 12.041123390197754,
            "letter_floor_in_batch": 0.0
          },
          {
            "batch": 387.0,
            "letter": 12.028447151184082,
            "letter_floor_in_batch": 0.0
          },
          {
            "batch": 388.0,
            "letter": 12.028485298156738,
            "letter_floor_in_batch": 0.0
          },
          {
            "batch": 389.0,
            "letter": 12.030129432678223,
            "letter_floor_in_batch": 0.0
          },
          {
            "batch": 390.0,
            "letter": 12.032118797302246,
            "letter_floor_in_batch": 0.0
          },
          {
            "batch": 391.0,
            "letter": 11.944233894348145,
            "letter_floor_in_batch": 0.0
          },
          {
            "batch": 392.0,
            "letter": 12.006370544433594,
            "letter_floor_in_batch": 0.0
          },
          {
            "batch": 393.0,
            "letter": 11.948275566101074,
            "letter_floor_in_batch": 0.0
          },
          {
            "batch": 394.0,
            "letter": 12.047079086303711,
            "letter_floor_in_batch": 0.0
          },
          {
            "batch": 395.0,
            "letter": 12.024312973022461,
            "letter_floor_in_batch": 0.0
          },
          {
            "batch": 396.0,
            "letter": 11.944029808044434,
            "letter_floor_in_batch": 0.0
          },
          {
            "batch": 397.0,
            "letter": 11.952970504760742,
            "letter_floor_in_batch": 0.0
          },
          {
            "batch": 398.0,
            "letter": 11.942421913146973,
            "letter_floor_in_batch": 0.0
          },
          {
            "batch": 399.0,
            "letter": 12.029417991638184,
            "letter_floor_in_batch": 0.0
          },
          {
            "batch": 400.0,
            "letter": 12.04741382598877,
            "letter_floor_in_batch": 0.0
          },
          {
            "batch": 401.0,
            "letter": 12.026385307312012,
            "letter_floor_in_batch": 0.0
          },
          {
            "batch": 402.0,
            "letter": 12.006696701049805,
            "letter_floor_in_batch": 0.0
          },
          {
            "batch": 403.0,
            "letter": 12.049223899841309,
            "letter_floor_in_batch": 0.0
          },
          {
            "batch": 404.0,
            "letter": 12.042176246643066,
            "letter_floor_in_batch": 0.0
          },
          {
            "batch": 405.0,
            "letter": 12.0064697265625,
            "letter_floor_in_batch": 0.0
          },
          {
            "batch": 406.0,
            "letter": 12.00689697265625,
            "letter_floor_in_batch": 0.0
          },
          {
            "batch": 407.0,
            "letter": 11.93856143951416,
            "letter_floor_in_batch": 0.0
          },
          {
            "batch": 408.0,
            "letter": 12.049493789672852,
            "letter_floor_in_batch": 0.0
          },
          {
            "batch": 409.0,
            "letter": 12.003194808959961,
            "letter_floor_in_batch": 0.0
          },
          {
            "batch": 410.0,
            "letter": 12.043697357177734,
            "letter_floor_in_batch": 0.0
          },
          {
            "batch": 411.0,
            "letter": 12.01194953918457,
            "letter_floor_in_batch": 0.0
          },
          {
            "batch": 412.0,
            "letter": 12.054771423339844,
            "letter_floor_in_batch": 0.0
          },
          {
            "batch": 413.0,
            "letter": 12.032105445861816,
            "letter_floor_in_batch": 0.0
          },
          {
            "batch": 414.0,
            "letter": 12.029845237731934,
            "letter_floor_in_batch": 0.0
          },
          {
            "batch": 415.0,
            "letter": 12.04196834564209,
            "letter_floor_in_batch": 0.0
          },
          {
            "batch": 416.0,
            "letter": 12.045742988586426,
            "letter_floor_in_batch": 0.0
          },
          {
            "batch": 417.0,
            "letter": 11.942130088806152,
            "letter_floor_in_batch": 0.0
          },
          {
            "batch": 418.0,
            "letter": 12.042089462280273,
            "letter_floor_in_batch": 0.0
          },
          {
            "batch": 419.0,
            "letter": 12.004982948303223,
            "letter_floor_in_batch": 0.0
          },
          {
            "batch": 420.0,
            "letter": 12.011463165283203,
            "letter_floor_in_batch": 0.0
          },
          {
            "batch": 421.0,
            "letter": 11.943882942199707,
            "letter_floor_in_batch": 0.0
          },
          {
            "batch": 422.0,
            "letter": 12.028465270996094,
            "letter_floor_in_batch": 0.0
          },
          {
            "batch": 423.0,
            "letter": 12.041764259338379,
            "letter_floor_in_batch": 0.0
          },
          {
            "batch": 424.0,
            "letter": 12.026737213134766,
            "letter_floor_in_batch": 0.0
          },
          {
            "batch": 425.0,
            "letter": 12.051349639892578,
            "letter_floor_in_batch": 0.0
          },
          {
            "batch": 426.0,
            "letter": 11.944003105163574,
            "letter_floor_in_batch": 0.0
          },
          {
            "batch": 427.0,
            "letter": 12.041916847229004,
            "letter_floor_in_batch": 0.0
          },
          {
            "batch": 428.0,
            "letter": 11.947603225708008,
            "letter_floor_in_batch": 0.0
          },
          {
            "batch": 429.0,
            "letter": 12.045698165893555,
            "letter_floor_in_batch": 0.0
          },
          {
            "batch": 430.0,
            "letter": 11.944184303283691,
            "letter_floor_in_batch": 0.0
          },
          {
            "batch": 431.0,
            "letter": 12.002497673034668,
            "letter_floor_in_batch": 0.0
          },
          {
            "batch": 432.0,
            "letter": 12.04374885559082,
            "letter_floor_in_batch": 0.0
          },
          {
            "batch": 433.0,
            "letter": 12.004827499389648,
            "letter_floor_in_batch": 0.0
          },
          {
            "batch": 434.0,
            "letter": 12.02508544921875,
            "letter_floor_in_batch": 0.0
          },
          {
            "batch": 435.0,
            "letter": 12.061376571655273,
            "letter_floor_in_batch": 0.0
          },
          {
            "batch": 436.0,
            "letter": 12.043854713439941,
            "letter_floor_in_batch": 0.0
          },
          {
            "batch": 437.0,
            "letter": 12.061324119567871,
            "letter_floor_in_batch": 0.0
          },
          {
            "batch": 438.0,
            "letter": 12.006702423095703,
            "letter_floor_in_batch": 0.0
          },
          {
            "batch": 439.0,
            "letter": 12.047335624694824,
            "letter_floor_in_batch": 0.0
          },
          {
            "batch": 440.0,
            "letter": 12.061441421508789,
            "letter_floor_in_batch": 0.0
          },
          {
            "batch": 441.0,
            "letter": 12.024994850158691,
            "letter_floor_in_batch": 0.0
          },
          {
            "batch": 442.0,
            "letter": 12.043678283691406,
            "letter_floor_in_batch": 0.0
          },
          {
            "batch": 443.0,
            "letter": 12.041985511779785,
            "letter_floor_in_batch": 0.0
          },
          {
            "batch": 444.0,
            "letter": 11.941906929016113,
            "letter_floor_in_batch": 0.0
          },
          {
            "batch": 445.0,
            "letter": 11.948077201843262,
            "letter_floor_in_batch": 0.0
          },
          {
            "batch": 446.0,
            "letter": 12.028339385986328,
            "letter_floor_in_batch": 0.0
          },
          {
            "batch": 447.0,
            "letter": 11.944040298461914,
            "letter_floor_in_batch": 0.0
          },
          {
            "batch": 448.0,
            "letter": 12.026867866516113,
            "letter_floor_in_batch": 0.0
          },
          {
            "batch": 449.0,
            "letter": 11.942323684692383,
            "letter_floor_in_batch": 0.0
          },
          {
            "batch": 450.0,
            "letter": 12.006705284118652,
            "letter_floor_in_batch": 0.0
          },
          {
            "batch": 451.0,
            "letter": 11.941876411437988,
            "letter_floor_in_batch": 0.0
          },
          {
            "batch": 452.0,
            "letter": 11.942509651184082,
            "letter_floor_in_batch": 0.0
          },
          {
            "batch": 453.0,
            "letter": 12.062162399291992,
            "letter_floor_in_batch": 0.0
          },
          {
            "batch": 454.0,
            "letter": 12.004898071289062,
            "letter_floor_in_batch": 0.0
          },
          {
            "batch": 455.0,
            "letter": 11.94196891784668,
            "letter_floor_in_batch": 0.0
          },
          {
            "batch": 456.0,
            "letter": 12.009565353393555,
            "letter_floor_in_batch": 0.0
          },
          {
            "batch": 457.0,
            "letter": 12.028064727783203,
            "letter_floor_in_batch": 0.0
          },
          {
            "batch": 458.0,
            "letter": 12.006081581115723,
            "letter_floor_in_batch": 0.0
          },
          {
            "batch": 459.0,
            "letter": 12.026318550109863,
            "letter_floor_in_batch": 0.0
          },
          {
            "batch": 460.0,
            "letter": 12.010656356811523,
            "letter_floor_in_batch": 0.0
          },
          {
            "batch": 461.0,
            "letter": 12.004332542419434,
            "letter_floor_in_batch": 0.0
          },
          {
            "batch": 462.0,
            "letter": 11.94605827331543,
            "letter_floor_in_batch": 0.0
          },
          {
            "batch": 463.0,
            "letter": 12.058088302612305,
            "letter_floor_in_batch": 0.0
          },
          {
            "batch": 464.0,
            "letter": 11.942059516906738,
            "letter_floor_in_batch": 0.0
          },
          {
            "batch": 465.0,
            "letter": 12.058533668518066,
            "letter_floor_in_batch": 0.0
          },
          {
            "batch": 466.0,
            "letter": 12.062435150146484,
            "letter_floor_in_batch": 0.0
          },
          {
            "batch": 467.0,
            "letter": 12.043587684631348,
            "letter_floor_in_batch": 0.0
          },
          {
            "batch": 468.0,
            "letter": 12.030071258544922,
            "letter_floor_in_batch": 0.0
          },
          {
            "batch": 469.0,
            "letter": 11.942697525024414,
            "letter_floor_in_batch": 0.0
          },
          {
            "batch": 470.0,
            "letter": 12.006534576416016,
            "letter_floor_in_batch": 0.0
          },
          {
            "batch": 471.0,
            "letter": 12.040336608886719,
            "letter_floor_in_batch": 0.0
          },
          {
            "batch": 472.0,
            "letter": 12.028321266174316,
            "letter_floor_in_batch": 0.0
          },
          {
            "batch": 473.0,
            "letter": 12.02843189239502,
            "letter_floor_in_batch": 0.0
          },
          {
            "batch": 474.0,
            "letter": 12.065308570861816,
            "letter_floor_in_batch": 0.0
          },
          {
            "batch": 475.0,
            "letter": 12.058311462402344,
            "letter_floor_in_batch": 0.0
          },
          {
            "batch": 476.0,
            "letter": 12.035401344299316,
            "letter_floor_in_batch": 0.0
          },
          {
            "batch": 477.0,
            "letter": 12.047457695007324,
            "letter_floor_in_batch": 0.0
          },
          {
            "batch": 478.0,
            "letter": 12.046059608459473,
            "letter_floor_in_batch": 0.0
          },
          {
            "batch": 479.0,
            "letter": 12.042167663574219,
            "letter_floor_in_batch": 0.0
          },
          {
            "batch": 480.0,
            "letter": 12.029958724975586,
            "letter_floor_in_batch": 0.0
          },
          {
            "batch": 481.0,
            "letter": 12.033117294311523,
            "letter_floor_in_batch": 0.0
          },
          {
            "batch": 482.0,
            "letter": 11.948413848876953,
            "letter_floor_in_batch": 0.0
          },
          {
            "batch": 483.0,
            "letter": 11.942439079284668,
            "letter_floor_in_batch": 0.0
          },
          {
            "batch": 484.0,
            "letter": 12.058693885803223,
            "letter_floor_in_batch": 0.0
          },
          {
            "batch": 485.0,
            "letter": 11.944334983825684,
            "letter_floor_in_batch": 0.0
          },
          {
            "batch": 486.0,
            "letter": 12.006837844848633,
            "letter_floor_in_batch": 0.0
          },
          {
            "batch": 487.0,
            "letter": 12.026322364807129,
            "letter_floor_in_batch": 0.0
          },
          {
            "batch": 488.0,
            "letter": 12.041935920715332,
            "letter_floor_in_batch": 0.0
          },
          {
            "batch": 489.0,
            "letter": 12.06047248840332,
            "letter_floor_in_batch": 0.0
          },
          {
            "batch": 490.0,
            "letter": 12.008919715881348,
            "letter_floor_in_batch": 0.0
          },
          {
            "batch": 491.0,
            "letter": 12.060465812683105,
            "letter_floor_in_batch": 0.0
          },
          {
            "batch": 492.0,
            "letter": 11.940176963806152,
            "letter_floor_in_batch": 0.0
          },
          {
            "batch": 493.0,
            "letter": 12.002584457397461,
            "letter_floor_in_batch": 0.0
          },
          {
            "batch": 494.0,
            "letter": 12.010567665100098,
            "letter_floor_in_batch": 0.0
          },
          {
            "batch": 495.0,
            "letter": 12.004836082458496,
            "letter_floor_in_batch": 0.0
          },
          {
            "batch": 496.0,
            "letter": 11.942410469055176,
            "letter_floor_in_batch": 0.0
          },
          {
            "batch": 497.0,
            "letter": 12.060355186462402,
            "letter_floor_in_batch": 0.0
          },
          {
            "batch": 498.0,
            "letter": 12.006709098815918,
            "letter_floor_in_batch": 0.0
          },
          {
            "batch": 499.0,
            "letter": 12.041980743408203,
            "letter_floor_in_batch": 0.0
          },
          {
            "batch": 500.0,
            "letter": 12.00062084197998,
            "letter_floor_in_batch": 0.0
          },
          {
            "batch": 501.0,
            "letter": 11.950623512268066,
            "letter_floor_in_batch": 0.0
          },
          {
            "batch": 502.0,
            "letter": 12.06028938293457,
            "letter_floor_in_batch": 0.0
          },
          {
            "batch": 503.0,
            "letter": 12.041969299316406,
            "letter_floor_in_batch": 0.0
          },
          {
            "batch": 504.0,
            "letter": 12.010066986083984,
            "letter_floor_in_batch": 0.0
          },
          {
            "batch": 505.0,
            "letter": 11.942992210388184,
            "letter_floor_in_batch": 0.0
          },
          {
            "batch": 506.0,
            "letter": 11.949824333190918,
            "letter_floor_in_batch": 0.0
          },
          {
            "batch": 507.0,
            "letter": 12.00455379486084,
            "letter_floor_in_batch": 0.0
          },
          {
            "batch": 508.0,
            "letter": 11.94231128692627,
            "letter_floor_in_batch": 0.0
          },
          {
            "batch": 509.0,
            "letter": 12.028416633605957,
            "letter_floor_in_batch": 0.0
          },
          {
            "batch": 510.0,
            "letter": 11.942131042480469,
            "letter_floor_in_batch": 0.0
          },
          {
            "batch": 511.0,
            "letter": 12.003191947937012,
            "letter_floor_in_batch": 0.0
          },
          {
            "batch": 512.0,
            "letter": 12.04007625579834,
            "letter_floor_in_batch": 0.0
          },
          {
            "batch": 513.0,
            "letter": 12.033503532409668,
            "letter_floor_in_batch": 0.0
          },
          {
            "batch": 514.0,
            "letter": 12.049341201782227,
            "letter_floor_in_batch": 0.0
          },
          {
            "batch": 515.0,
            "letter": 12.024101257324219,
            "letter_floor_in_batch": 0.0
          },
          {
            "batch": 516.0,
            "letter": 11.944550514221191,
            "letter_floor_in_batch": 0.0
          },
          {
            "batch": 517.0,
            "letter": 12.004962921142578,
            "letter_floor_in_batch": 0.0
          },
          {
            "batch": 518.0,
            "letter": 12.049237251281738,
            "letter_floor_in_batch": 0.0
          },
          {
            "batch": 519.0,
            "letter": 12.006714820861816,
            "letter_floor_in_batch": 0.0
          },
          {
            "batch": 520.0,
            "letter": 12.041851997375488,
            "letter_floor_in_batch": 0.0
          },
          {
            "batch": 521.0,
            "letter": 11.945779800415039,
            "letter_floor_in_batch": 0.0
          },
          {
            "batch": 522.0,
            "letter": 11.944294929504395,
            "letter_floor_in_batch": 0.0
          },
          {
            "batch": 523.0,
            "letter": 12.030354499816895,
            "letter_floor_in_batch": 0.0
          },
          {
            "batch": 524.0,
            "letter": 12.009034156799316,
            "letter_floor_in_batch": 0.0
          },
          {
            "batch": 525.0,
            "letter": 12.026110649108887,
            "letter_floor_in_batch": 0.0
          },
          {
            "batch": 526.0,
            "letter": 12.02664852142334,
            "letter_floor_in_batch": 0.0
          },
          {
            "batch": 527.0,
            "letter": 12.004951477050781,
            "letter_floor_in_batch": 0.0
          },
          {
            "batch": 528.0,
            "letter": 12.060425758361816,
            "letter_floor_in_batch": 0.0
          },
          {
            "batch": 529.0,
            "letter": 12.038528442382812,
            "letter_floor_in_batch": 0.0
          },
          {
            "batch": 530.0,
            "letter": 12.004648208618164,
            "letter_floor_in_batch": 0.0
          },
          {
            "batch": 531.0,
            "letter": 12.06047534942627,
            "letter_floor_in_batch": 0.0
          },
          {
            "batch": 532.0,
            "letter": 11.940474510192871,
            "letter_floor_in_batch": 0.0
          },
          {
            "batch": 533.0,
            "letter": 12.031822204589844,
            "letter_floor_in_batch": 0.0
          },
          {
            "batch": 534.0,
            "letter": 12.004655838012695,
            "letter_floor_in_batch": 0.0
          },
          {
            "batch": 535.0,
            "letter": 12.040325164794922,
            "letter_floor_in_batch": 0.0
          },
          {
            "batch": 536.0,
            "letter": 11.94428825378418,
            "letter_floor_in_batch": 0.0
          },
          {
            "batch": 537.0,
            "letter": 11.945384979248047,
            "letter_floor_in_batch": 0.0
          },
          {
            "batch": 538.0,
            "letter": 12.026123046875,
            "letter_floor_in_batch": 0.0
          },
          {
            "batch": 539.0,
            "letter": 12.047882080078125,
            "letter_floor_in_batch": 0.0
          },
          {
            "batch": 540.0,
            "letter": 12.00670051574707,
            "letter_floor_in_batch": 0.0
          },
          {
            "batch": 541.0,
            "letter": 12.010327339172363,
            "letter_floor_in_batch": 0.0
          },
          {
            "batch": 542.0,
            "letter": 12.043843269348145,
            "letter_floor_in_batch": 0.0
          },
          {
            "batch": 543.0,
            "letter": 12.004827499389648,
            "letter_floor_in_batch": 0.0
          },
          {
            "batch": 544.0,
            "letter": 12.031946182250977,
            "letter_floor_in_batch": 0.0
          },
          {
            "batch": 545.0,
            "letter": 12.010140419006348,
            "letter_floor_in_batch": 0.0
          },
          {
            "batch": 546.0,
            "letter": 12.031963348388672,
            "letter_floor_in_batch": 0.0
          },
          {
            "batch": 547.0,
            "letter": 12.030138969421387,
            "letter_floor_in_batch": 0.0
          },
          {
            "batch": 548.0,
            "letter": 12.002857208251953,
            "letter_floor_in_batch": 0.0
          },
          {
            "batch": 549.0,
            "letter": 12.043961524963379,
            "letter_floor_in_batch": 0.0
          },
          {
            "batch": 550.0,
            "letter": 12.005128860473633,
            "letter_floor_in_batch": 0.0
          },
          {
            "batch": 551.0,
            "letter": 12.006717681884766,
            "letter_floor_in_batch": 0.0
          },
          {
            "batch": 552.0,
            "letter": 12.030256271362305,
            "letter_floor_in_batch": 0.0
          },
          {
            "batch": 553.0,
            "letter": 12.012237548828125,
            "letter_floor_in_batch": 0.0
          },
          {
            "batch": 554.0,
            "letter": 12.059234619140625,
            "letter_floor_in_batch": 0.0
          },
          {
            "batch": 555.0,
            "letter": 12.010960578918457,
            "letter_floor_in_batch": 0.0
          },
          {
            "batch": 556.0,
            "letter": 11.94177532196045,
            "letter_floor_in_batch": 0.0
          },
          {
            "batch": 557.0,
            "letter": 12.008813858032227,
            "letter_floor_in_batch": 0.0
          },
          {
            "batch": 558.0,
            "letter": 12.040209770202637,
            "letter_floor_in_batch": 0.0
          },
          {
            "batch": 559.0,
            "letter": 12.059700965881348,
            "letter_floor_in_batch": 0.0
          },
          {
            "batch": 560.0,
            "letter": 12.006982803344727,
            "letter_floor_in_batch": 0.0
          },
          {
            "batch": 561.0,
            "letter": 11.940099716186523,
            "letter_floor_in_batch": 0.0
          },
          {
            "batch": 562.0,
            "letter": 12.041950225830078,
            "letter_floor_in_batch": 0.0
          },
          {
            "batch": 563.0,
            "letter": 11.944429397583008,
            "letter_floor_in_batch": 0.0
          },
          {
            "batch": 564.0,
            "letter": 12.009875297546387,
            "letter_floor_in_batch": 0.0
          },
          {
            "batch": 565.0,
            "letter": 12.04515552520752,
            "letter_floor_in_batch": 0.0
          },
          {
            "batch": 566.0,
            "letter": 12.002599716186523,
            "letter_floor_in_batch": 0.0
          },
          {
            "batch": 567.0,
            "letter": 12.03409194946289,
            "letter_floor_in_batch": 0.0
          },
          {
            "batch": 568.0,
            "letter": 12.039908409118652,
            "letter_floor_in_batch": 0.0
          },
          {
            "batch": 569.0,
            "letter": 11.943851470947266,
            "letter_floor_in_batch": 0.0
          },
          {
            "batch": 570.0,
            "letter": 11.942577362060547,
            "letter_floor_in_batch": 0.0
          },
          {
            "batch": 571.0,
            "letter": 12.030062675476074,
            "letter_floor_in_batch": 0.0
          },
          {
            "batch": 572.0,
            "letter": 12.030444145202637,
            "letter_floor_in_batch": 0.0
          },
          {
            "batch": 573.0,
            "letter": 12.002914428710938,
            "letter_floor_in_batch": 0.0
          },
          {
            "batch": 574.0,
            "letter": 12.059334754943848,
            "letter_floor_in_batch": 0.0
          },
          {
            "batch": 575.0,
            "letter": 11.94399642944336,
            "letter_floor_in_batch": 0.0
          },
          {
            "batch": 576.0,
            "letter": 12.043991088867188,
            "letter_floor_in_batch": 0.0
          },
          {
            "batch": 577.0,
            "letter": 12.031845092773438,
            "letter_floor_in_batch": 0.0
          },
          {
            "batch": 578.0,
            "letter": 12.030009269714355,
            "letter_floor_in_batch": 0.0
          },
          {
            "batch": 579.0,
            "letter": 11.951303482055664,
            "letter_floor_in_batch": 0.0
          },
          {
            "batch": 580.0,
            "letter": 11.942310333251953,
            "letter_floor_in_batch": 0.0
          },
          {
            "batch": 581.0,
            "letter": 12.027762413024902,
            "letter_floor_in_batch": 0.0
          },
          {
            "batch": 582.0,
            "letter": 11.948188781738281,
            "letter_floor_in_batch": 0.0
          },
          {
            "batch": 583.0,
            "letter": 12.005025863647461,
            "letter_floor_in_batch": 0.0
          },
          {
            "batch": 584.0,
            "letter": 11.943809509277344,
            "letter_floor_in_batch": 0.0
          },
          {
            "batch": 585.0,
            "letter": 12.00449275970459,
            "letter_floor_in_batch": 0.0
          },
          {
            "batch": 586.0,
            "letter": 12.032198905944824,
            "letter_floor_in_batch": 0.0
          },
          {
            "batch": 587.0,
            "letter": 12.004748344421387,
            "letter_floor_in_batch": 0.0
          },
          {
            "batch": 588.0,
            "letter": 12.041826248168945,
            "letter_floor_in_batch": 0.0
          },
          {
            "batch": 589.0,
            "letter": 12.023724555969238,
            "letter_floor_in_batch": 0.0
          },
          {
            "batch": 590.0,
            "letter": 12.030427932739258,
            "letter_floor_in_batch": 0.0
          },
          {
            "batch": 591.0,
            "letter": 12.02838134765625,
            "letter_floor_in_batch": 0.0
          },
          {
            "batch": 592.0,
            "letter": 12.041840553283691,
            "letter_floor_in_batch": 0.0
          },
          {
            "batch": 593.0,
            "letter": 12.045476913452148,
            "letter_floor_in_batch": 0.0
          },
          {
            "batch": 594.0,
            "letter": 12.031885147094727,
            "letter_floor_in_batch": 0.0
          },
          {
            "batch": 595.0,
            "letter": 12.028401374816895,
            "letter_floor_in_batch": 0.0
          },
          {
            "batch": 596.0,
            "letter": 12.004666328430176,
            "letter_floor_in_batch": 0.0
          },
          {
            "batch": 597.0,
            "letter": 11.945199012756348,
            "letter_floor_in_batch": 0.0
          },
          {
            "batch": 598.0,
            "letter": 12.006532669067383,
            "letter_floor_in_batch": 0.0
          },
          {
            "batch": 599.0,
            "letter": 12.002825736999512,
            "letter_floor_in_batch": 0.0
          },
          {
            "batch": 600.0,
            "letter": 12.045748710632324,
            "letter_floor_in_batch": 0.0
          },
          {
            "batch": 601.0,
            "letter": 12.043818473815918,
            "letter_floor_in_batch": 0.0
          },
          {
            "batch": 602.0,
            "letter": 12.030343055725098,
            "letter_floor_in_batch": 0.0
          },
          {
            "batch": 603.0,
            "letter": 11.94400405883789,
            "letter_floor_in_batch": 0.0
          },
          {
            "batch": 604.0,
            "letter": 12.055200576782227,
            "letter_floor_in_batch": 0.0
          },
          {
            "batch": 605.0,
            "letter": 12.028095245361328,
            "letter_floor_in_batch": 0.0
          },
          {
            "batch": 606.0,
            "letter": 12.032079696655273,
            "letter_floor_in_batch": 0.0
          },
          {
            "batch": 607.0,
            "letter": 11.946147918701172,
            "letter_floor_in_batch": 0.0
          },
          {
            "batch": 608.0,
            "letter": 12.004618644714355,
            "letter_floor_in_batch": 0.0
          },
          {
            "batch": 609.0,
            "letter": 11.949885368347168,
            "letter_floor_in_batch": 0.0
          },
          {
            "batch": 610.0,
            "letter": 12.004988670349121,
            "letter_floor_in_batch": 0.0
          },
          {
            "batch": 611.0,
            "letter": 12.042060852050781,
            "letter_floor_in_batch": 0.0
          },
          {
            "batch": 612.0,
            "letter": 12.03005313873291,
            "letter_floor_in_batch": 0.0
          },
          {
            "batch": 613.0,
            "letter": 12.004743576049805,
            "letter_floor_in_batch": 0.0
          },
          {
            "batch": 614.0,
            "letter": 11.941889762878418,
            "letter_floor_in_batch": 0.0
          },
          {
            "batch": 615.0,
            "letter": 12.006857872009277,
            "letter_floor_in_batch": 0.0
          },
          {
            "batch": 616.0,
            "letter": 12.031811714172363,
            "letter_floor_in_batch": 0.0
          },
          {
            "batch": 617.0,
            "letter": 11.942253112792969,
            "letter_floor_in_batch": 0.0
          },
          {
            "batch": 618.0,
            "letter": 11.951759338378906,
            "letter_floor_in_batch": 0.0
          },
          {
            "batch": 619.0,
            "letter": 12.010176658630371,
            "letter_floor_in_batch": 0.0
          },
          {
            "batch": 620.0,
            "letter": 12.060359001159668,
            "letter_floor_in_batch": 0.0
          },
          {
            "batch": 621.0,
            "letter": 11.948359489440918,
            "letter_floor_in_batch": 0.0
          },
          {
            "batch": 622.0,
            "letter": 12.053094863891602,
            "letter_floor_in_batch": 0.0
          },
          {
            "batch": 623.0,
            "letter": 11.94429874420166,
            "letter_floor_in_batch": 0.0
          },
          {
            "batch": 624.0,
            "letter": 12.032173156738281,
            "letter_floor_in_batch": 0.0
          },
          {
            "batch": 625.0,
            "letter": 11.942560195922852,
            "letter_floor_in_batch": 0.0
          },
          {
            "batch": 626.0,
            "letter": 12.04206371307373,
            "letter_floor_in_batch": 0.0
          },
          {
            "batch": 627.0,
            "letter": 12.004963874816895,
            "letter_floor_in_batch": 0.0
          },
          {
            "batch": 628.0,
            "letter": 11.94007396697998,
            "letter_floor_in_batch": 0.0
          },
          {
            "batch": 629.0,
            "letter": 12.033971786499023,
            "letter_floor_in_batch": 0.0
          },
          {
            "batch": 630.0,
            "letter": 12.045906066894531,
            "letter_floor_in_batch": 0.0
          },
          {
            "batch": 631.0,
            "letter": 11.941011428833008,
            "letter_floor_in_batch": 0.0
          },
          {
            "batch": 632.0,
            "letter": 12.006689071655273,
            "letter_floor_in_batch": 0.0
          },
          {
            "batch": 633.0,
            "letter": 12.051140785217285,
            "letter_floor_in_batch": 0.0
          },
          {
            "batch": 634.0,
            "letter": 11.94216251373291,
            "letter_floor_in_batch": 0.0
          },
          {
            "batch": 635.0,
            "letter": 12.006329536437988,
            "letter_floor_in_batch": 0.0
          },
          {
            "batch": 636.0,
            "letter": 12.051484107971191,
            "letter_floor_in_batch": 0.0
          },
          {
            "batch": 637.0,
            "letter": 12.008052825927734,
            "letter_floor_in_batch": 0.0
          },
          {
            "batch": 638.0,
            "letter": 12.032220840454102,
            "letter_floor_in_batch": 0.0
          },
          {
            "batch": 639.0,
            "letter": 11.944255828857422,
            "letter_floor_in_batch": 0.0
          },
          {
            "batch": 640.0,
            "letter": 12.005213737487793,
            "letter_floor_in_batch": 0.0
          },
          {
            "batch": 641.0,
            "letter": 12.032341957092285,
            "letter_floor_in_batch": 0.0
          },
          {
            "batch": 642.0,
            "letter": 11.945765495300293,
            "letter_floor_in_batch": 0.0
          },
          {
            "batch": 643.0,
            "letter": 12.006553649902344,
            "letter_floor_in_batch": 0.0
          },
          {
            "batch": 644.0,
            "letter": 12.043705940246582,
            "letter_floor_in_batch": 0.0
          },
          {
            "batch": 645.0,
            "letter": 11.950331687927246,
            "letter_floor_in_batch": 0.0
          },
          {
            "batch": 646.0,
            "letter": 11.949722290039062,
            "letter_floor_in_batch": 0.0
          },
          {
            "batch": 647.0,
            "letter": 11.940231323242188,
            "letter_floor_in_batch": 0.0
          },
          {
            "batch": 648.0,
            "letter": 11.942476272583008,
            "letter_floor_in_batch": 0.0
          },
          {
            "batch": 649.0,
            "letter": 11.946253776550293,
            "letter_floor_in_batch": 0.0
          },
          {
            "batch": 650.0,
            "letter": 12.040227890014648,
            "letter_floor_in_batch": 0.0
          },
          {
            "batch": 651.0,
            "letter": 12.007052421569824,
            "letter_floor_in_batch": 0.0
          },
          {
            "batch": 652.0,
            "letter": 12.00472640991211,
            "letter_floor_in_batch": 0.0
          },
          {
            "batch": 653.0,
            "letter": 12.043782234191895,
            "letter_floor_in_batch": 0.0
          },
          {
            "batch": 654.0,
            "letter": 12.005040168762207,
            "letter_floor_in_batch": 0.0
          },
          {
            "batch": 655.0,
            "letter": 12.03547191619873,
            "letter_floor_in_batch": 0.0
          },
          {
            "batch": 656.0,
            "letter": 12.006575584411621,
            "letter_floor_in_batch": 0.0
          },
          {
            "batch": 657.0,
            "letter": 11.940596580505371,
            "letter_floor_in_batch": 0.0
          },
          {
            "batch": 658.0,
            "letter": 12.043858528137207,
            "letter_floor_in_batch": 0.0
          },
          {
            "batch": 659.0,
            "letter": 12.043388366699219,
            "letter_floor_in_batch": 0.0
          },
          {
            "batch": 660.0,
            "letter": 11.940397262573242,
            "letter_floor_in_batch": 0.0
          },
          {
            "batch": 661.0,
            "letter": 12.004861831665039,
            "letter_floor_in_batch": 0.0
          },
          {
            "batch": 662.0,
            "letter": 12.045730590820312,
            "letter_floor_in_batch": 0.0
          },
          {
            "batch": 663.0,
            "letter": 11.942106246948242,
            "letter_floor_in_batch": 0.0
          },
          {
            "batch": 664.0,
            "letter": 12.0263671875,
            "letter_floor_in_batch": 0.0
          },
          {
            "batch": 665.0,
            "letter": 12.049330711364746,
            "letter_floor_in_batch": 0.0
          },
          {
            "batch": 666.0,
            "letter": 11.940596580505371,
            "letter_floor_in_batch": 0.0
          },
          {
            "batch": 667.0,
            "letter": 12.00658893585205,
            "letter_floor_in_batch": 0.0
          },
          {
            "batch": 668.0,
            "letter": 12.028943061828613,
            "letter_floor_in_batch": 0.0
          },
          {
            "batch": 669.0,
            "letter": 11.9419584274292,
            "letter_floor_in_batch": 0.0
          },
          {
            "batch": 670.0,
            "letter": 11.940458297729492,
            "letter_floor_in_batch": 0.0
          },
          {
            "batch": 671.0,
            "letter": 12.052913665771484,
            "letter_floor_in_batch": 0.0
          },
          {
            "batch": 672.0,
            "letter": 12.006826400756836,
            "letter_floor_in_batch": 0.0
          },
          {
            "batch": 673.0,
            "letter": 12.041977882385254,
            "letter_floor_in_batch": 0.0
          },
          {
            "batch": 674.0,
            "letter": 12.05859661102295,
            "letter_floor_in_batch": 0.0
          },
          {
            "batch": 675.0,
            "letter": 12.0299711227417,
            "letter_floor_in_batch": 0.0
          },
          {
            "batch": 676.0,
            "letter": 12.0303316116333,
            "letter_floor_in_batch": 0.0
          },
          {
            "batch": 677.0,
            "letter": 12.02441120147705,
            "letter_floor_in_batch": 0.0
          },
          {
            "batch": 678.0,
            "letter": 12.00987720489502,
            "letter_floor_in_batch": 0.0
          },
          {
            "batch": 679.0,
            "letter": 11.942216873168945,
            "letter_floor_in_batch": 0.0
          },
          {
            "batch": 680.0,
            "letter": 12.04379653930664,
            "letter_floor_in_batch": 0.0
          },
          {
            "batch": 681.0,
            "letter": 12.00516414642334,
            "letter_floor_in_batch": 0.0
          },
          {
            "batch": 682.0,
            "letter": 12.04177188873291,
            "letter_floor_in_batch": 0.0
          },
          {
            "batch": 683.0,
            "letter": 12.031628608703613,
            "letter_floor_in_batch": 0.0
          },
          {
            "batch": 684.0,
            "letter": 12.04007339477539,
            "letter_floor_in_batch": 0.0
          },
          {
            "batch": 685.0,
            "letter": 12.024561882019043,
            "letter_floor_in_batch": 0.0
          },
          {
            "batch": 686.0,
            "letter": 12.026542663574219,
            "letter_floor_in_batch": 0.0
          },
          {
            "batch": 687.0,
            "letter": 12.0283842086792,
            "letter_floor_in_batch": 0.0
          },
          {
            "batch": 688.0,
            "letter": 11.940895080566406,
            "letter_floor_in_batch": 0.0
          },
          {
            "batch": 689.0,
            "letter": 12.043683052062988,
            "letter_floor_in_batch": 0.0
          },
          {
            "batch": 690.0,
            "letter": 11.940094947814941,
            "letter_floor_in_batch": 0.0
          },
          {
            "batch": 691.0,
            "letter": 12.033370018005371,
            "letter_floor_in_batch": 0.0
          },
          {
            "batch": 692.0,
            "letter": 11.942564964294434,
            "letter_floor_in_batch": 0.0
          },
          {
            "batch": 693.0,
            "letter": 12.033491134643555,
            "letter_floor_in_batch": 0.0
          },
          {
            "batch": 694.0,
            "letter": 12.043798446655273,
            "letter_floor_in_batch": 0.0
          },
          {
            "batch": 695.0,
            "letter": 12.045512199401855,
            "letter_floor_in_batch": 0.0
          },
          {
            "batch": 696.0,
            "letter": 11.945826530456543,
            "letter_floor_in_batch": 0.0
          },
          {
            "batch": 697.0,
            "letter": 12.004666328430176,
            "letter_floor_in_batch": 0.0
          },
          {
            "batch": 698.0,
            "letter": 11.94034481048584,
            "letter_floor_in_batch": 0.0
          },
          {
            "batch": 699.0,
            "letter": 11.942435264587402,
            "letter_floor_in_batch": 0.0
          },
          {
            "batch": 700.0,
            "letter": 12.00759220123291,
            "letter_floor_in_batch": 0.0
          },
          {
            "batch": 701.0,
            "letter": 11.941969871520996,
            "letter_floor_in_batch": 0.0
          },
          {
            "batch": 702.0,
            "letter": 12.043877601623535,
            "letter_floor_in_batch": 0.0
          },
          {
            "batch": 703.0,
            "letter": 12.051411628723145,
            "letter_floor_in_batch": 0.0
          },
          {
            "batch": 704.0,
            "letter": 12.032246589660645,
            "letter_floor_in_batch": 0.0
          },
          {
            "batch": 705.0,
            "letter": 11.942404747009277,
            "letter_floor_in_batch": 0.0
          },
          {
            "batch": 706.0,
            "letter": 11.945783615112305,
            "letter_floor_in_batch": 0.0
          },
          {
            "batch": 707.0,
            "letter": 12.031864166259766,
            "letter_floor_in_batch": 0.0
          },
          {
            "batch": 708.0,
            "letter": 12.045652389526367,
            "letter_floor_in_batch": 0.0
          },
          {
            "batch": 709.0,
            "letter": 12.03034496307373,
            "letter_floor_in_batch": 0.0
          },
          {
            "batch": 710.0,
            "letter": 12.006397247314453,
            "letter_floor_in_batch": 0.0
          },
          {
            "batch": 711.0,
            "letter": 12.045854568481445,
            "letter_floor_in_batch": 0.0
          },
          {
            "batch": 712.0,
            "letter": 12.056683540344238,
            "letter_floor_in_batch": 0.0
          },
          {
            "batch": 713.0,
            "letter": 12.028359413146973,
            "letter_floor_in_batch": 0.0
          },
          {
            "batch": 714.0,
            "letter": 12.006592750549316,
            "letter_floor_in_batch": 0.0
          },
          {
            "batch": 715.0,
            "letter": 12.002591133117676,
            "letter_floor_in_batch": 0.0
          },
          {
            "batch": 716.0,
            "letter": 12.030479431152344,
            "letter_floor_in_batch": 0.0
          },
          {
            "batch": 717.0,
            "letter": 12.0062894821167,
            "letter_floor_in_batch": 0.0
          },
          {
            "batch": 718.0,
            "letter": 11.943830490112305,
            "letter_floor_in_batch": 0.0
          },
          {
            "batch": 719.0,
            "letter": 12.028132438659668,
            "letter_floor_in_batch": 0.0
          },
          {
            "batch": 720.0,
            "letter": 12.012284278869629,
            "letter_floor_in_batch": 0.0
          },
          {
            "batch": 721.0,
            "letter": 12.033454895019531,
            "letter_floor_in_batch": 0.0
          },
          {
            "batch": 722.0,
            "letter": 12.059523582458496,
            "letter_floor_in_batch": 0.0
          },
          {
            "batch": 723.0,
            "letter": 12.043965339660645,
            "letter_floor_in_batch": 0.0
          },
          {
            "batch": 724.0,
            "letter": 12.028373718261719,
            "letter_floor_in_batch": 0.0
          },
          {
            "batch": 725.0,
            "letter": 12.008995056152344,
            "letter_floor_in_batch": 0.0
          },
          {
            "batch": 726.0,
            "letter": 12.059602737426758,
            "letter_floor_in_batch": 0.0
          },
          {
            "batch": 727.0,
            "letter": 11.938287734985352,
            "letter_floor_in_batch": 0.0
          },
          {
            "batch": 728.0,
            "letter": 12.005064964294434,
            "letter_floor_in_batch": 0.0
          },
          {
            "batch": 729.0,
            "letter": 12.002862930297852,
            "letter_floor_in_batch": 0.0
          },
          {
            "batch": 730.0,
            "letter": 12.028413772583008,
            "letter_floor_in_batch": 0.0
          },
          {
            "batch": 731.0,
            "letter": 12.028555870056152,
            "letter_floor_in_batch": 0.0
          },
          {
            "batch": 732.0,
            "letter": 12.045811653137207,
            "letter_floor_in_batch": 0.0
          },
          {
            "batch": 733.0,
            "letter": 12.003042221069336,
            "letter_floor_in_batch": 0.0
          },
          {
            "batch": 734.0,
            "letter": 12.0047025680542,
            "letter_floor_in_batch": 0.0
          },
          {
            "batch": 735.0,
            "letter": 12.004936218261719,
            "letter_floor_in_batch": 0.0
          },
          {
            "batch": 736.0,
            "letter": 12.043875694274902,
            "letter_floor_in_batch": 0.0
          },
          {
            "batch": 737.0,
            "letter": 12.029794692993164,
            "letter_floor_in_batch": 0.0
          },
          {
            "batch": 738.0,
            "letter": 12.031886100769043,
            "letter_floor_in_batch": 0.0
          },
          {
            "batch": 739.0,
            "letter": 12.004961967468262,
            "letter_floor_in_batch": 0.0
          },
          {
            "batch": 740.0,
            "letter": 11.942466735839844,
            "letter_floor_in_batch": 0.0
          },
          {
            "batch": 741.0,
            "letter": 12.0526123046875,
            "letter_floor_in_batch": 0.0
          },
          {
            "batch": 742.0,
            "letter": 12.010476112365723,
            "letter_floor_in_batch": 0.0
          },
          {
            "batch": 743.0,
            "letter": 12.043730735778809,
            "letter_floor_in_batch": 0.0
          },
          {
            "batch": 744.0,
            "letter": 12.04172134399414,
            "letter_floor_in_batch": 0.0
          },
          {
            "batch": 745.0,
            "letter": 12.006795883178711,
            "letter_floor_in_batch": 0.0
          },
          {
            "batch": 746.0,
            "letter": 12.028412818908691,
            "letter_floor_in_batch": 0.0
          },
          {
            "batch": 747.0,
            "letter": 12.004740715026855,
            "letter_floor_in_batch": 0.0
          },
          {
            "batch": 748.0,
            "letter": 11.944197654724121,
            "letter_floor_in_batch": 0.0
          },
          {
            "batch": 749.0,
            "letter": 12.04185962677002,
            "letter_floor_in_batch": 0.0
          },
          {
            "batch": 750.0,
            "letter": 12.047225952148438,
            "letter_floor_in_batch": 0.0
          },
          {
            "batch": 751.0,
            "letter": 11.945672035217285,
            "letter_floor_in_batch": 0.0
          },
          {
            "batch": 752.0,
            "letter": 11.943285942077637,
            "letter_floor_in_batch": 0.0
          },
          {
            "batch": 753.0,
            "letter": 12.03216552734375,
            "letter_floor_in_batch": 0.0
          },
          {
            "batch": 754.0,
            "letter": 12.049283027648926,
            "letter_floor_in_batch": 0.0
          },
          {
            "batch": 755.0,
            "letter": 11.942272186279297,
            "letter_floor_in_batch": 0.0
          },
          {
            "batch": 756.0,
            "letter": 12.002839088439941,
            "letter_floor_in_batch": 0.0
          },
          {
            "batch": 757.0,
            "letter": 12.054840087890625,
            "letter_floor_in_batch": 0.0
          },
          {
            "batch": 758.0,
            "letter": 12.042279243469238,
            "letter_floor_in_batch": 0.0
          },
          {
            "batch": 759.0,
            "letter": 12.00491714477539,
            "letter_floor_in_batch": 0.0
          },
          {
            "batch": 760.0,
            "letter": 12.029664039611816,
            "letter_floor_in_batch": 0.0
          },
          {
            "batch": 761.0,
            "letter": 12.006614685058594,
            "letter_floor_in_batch": 0.0
          },
          {
            "batch": 762.0,
            "letter": 12.04387378692627,
            "letter_floor_in_batch": 0.0
          },
          {
            "batch": 763.0,
            "letter": 12.059685707092285,
            "letter_floor_in_batch": 0.0
          },
          {
            "batch": 764.0,
            "letter": 12.00265884399414,
            "letter_floor_in_batch": 0.0
          },
          {
            "batch": 765.0,
            "letter": 12.004752159118652,
            "letter_floor_in_batch": 0.0
          },
          {
            "batch": 766.0,
            "letter": 11.944217681884766,
            "letter_floor_in_batch": 0.0
          },
          {
            "batch": 767.0,
            "letter": 12.05523681640625,
            "letter_floor_in_batch": 0.0
          },
          {
            "batch": 768.0,
            "letter": 11.944158554077148,
            "letter_floor_in_batch": 0.0
          },
          {
            "batch": 769.0,
            "letter": 12.041924476623535,
            "letter_floor_in_batch": 0.0
          },
          {
            "batch": 770.0,
            "letter": 12.00274658203125,
            "letter_floor_in_batch": 0.0
          },
          {
            "batch": 771.0,
            "letter": 12.00632095336914,
            "letter_floor_in_batch": 0.0
          },
          {
            "batch": 772.0,
            "letter": 12.040061950683594,
            "letter_floor_in_batch": 0.0
          },
          {
            "batch": 773.0,
            "letter": 11.941778182983398,
            "letter_floor_in_batch": 0.0
          },
          {
            "batch": 774.0,
            "letter": 12.026573181152344,
            "letter_floor_in_batch": 0.0
          },
          {
            "batch": 775.0,
            "letter": 12.004209518432617,
            "letter_floor_in_batch": 0.0
          },
          {
            "batch": 776.0,
            "letter": 12.02663516998291,
            "letter_floor_in_batch": 0.0
          },
          {
            "batch": 777.0,
            "letter": 12.058320045471191,
            "letter_floor_in_batch": 0.0
          },
          {
            "batch": 778.0,
            "letter": 12.061314582824707,
            "letter_floor_in_batch": 0.0
          },
          {
            "batch": 779.0,
            "letter": 12.00873851776123,
            "letter_floor_in_batch": 0.0
          },
          {
            "batch": 780.0,
            "letter": 12.04369068145752,
            "letter_floor_in_batch": 0.0
          },
          {
            "batch": 781.0,
            "letter": 11.938213348388672,
            "letter_floor_in_batch": 0.0
          },
          {
            "batch": 782.0,
            "letter": 12.009885787963867,
            "letter_floor_in_batch": 0.0
          },
          {
            "batch": 783.0,
            "letter": 12.0047607421875,
            "letter_floor_in_batch": 0.0
          },
          {
            "batch": 784.0,
            "letter": 12.058202743530273,
            "letter_floor_in_batch": 0.0
          },
          {
            "batch": 785.0,
            "letter": 12.008963584899902,
            "letter_floor_in_batch": 0.0
          },
          {
            "batch": 786.0,
            "letter": 12.032051086425781,
            "letter_floor_in_batch": 0.0
          },
          {
            "batch": 787.0,
            "letter": 12.034041404724121,
            "letter_floor_in_batch": 0.0
          },
          {
            "batch": 788.0,
            "letter": 12.004530906677246,
            "letter_floor_in_batch": 0.0
          },
          {
            "batch": 789.0,
            "letter": 12.007119178771973,
            "letter_floor_in_batch": 0.0
          },
          {
            "batch": 790.0,
            "letter": 11.943058013916016,
            "letter_floor_in_batch": 0.0
          },
          {
            "batch": 791.0,
            "letter": 11.949116706848145,
            "letter_floor_in_batch": 0.0
          },
          {
            "batch": 792.0,
            "letter": 11.941903114318848,
            "letter_floor_in_batch": 0.0
          },
          {
            "batch": 793.0,
            "letter": 12.008596420288086,
            "letter_floor_in_batch": 0.0
          },
          {
            "batch": 794.0,
            "letter": 12.041875839233398,
            "letter_floor_in_batch": 0.0
          },
          {
            "batch": 795.0,
            "letter": 12.013996124267578,
            "letter_floor_in_batch": 0.0
          },
          {
            "batch": 796.0,
            "letter": 12.02608871459961,
            "letter_floor_in_batch": 0.0
          },
          {
            "batch": 797.0,
            "letter": 12.033191680908203,
            "letter_floor_in_batch": 0.0
          },
          {
            "batch": 798.0,
            "letter": 12.008105278015137,
            "letter_floor_in_batch": 0.0
          },
          {
            "batch": 799.0,
            "letter": 12.026105880737305,
            "letter_floor_in_batch": 0.0
          },
          {
            "batch": 800.0,
            "letter": 12.049371719360352,
            "letter_floor_in_batch": 0.0
          },
          {
            "batch": 801.0,
            "letter": 12.009833335876465,
            "letter_floor_in_batch": 0.0
          },
          {
            "batch": 802.0,
            "letter": 12.02962875366211,
            "letter_floor_in_batch": 0.0
          },
          {
            "batch": 803.0,
            "letter": 12.008296966552734,
            "letter_floor_in_batch": 0.0
          },
          {
            "batch": 804.0,
            "letter": 12.030179977416992,
            "letter_floor_in_batch": 0.0
          },
          {
            "batch": 805.0,
            "letter": 12.045595169067383,
            "letter_floor_in_batch": 0.0
          },
          {
            "batch": 806.0,
            "letter": 12.010363578796387,
            "letter_floor_in_batch": 0.0
          },
          {
            "batch": 807.0,
            "letter": 12.002825736999512,
            "letter_floor_in_batch": 0.0
          },
          {
            "batch": 808.0,
            "letter": 12.010459899902344,
            "letter_floor_in_batch": 0.0
          },
          {
            "batch": 809.0,
            "letter": 12.041775703430176,
            "letter_floor_in_batch": 0.0
          },
          {
            "batch": 810.0,
            "letter": 12.043465614318848,
            "letter_floor_in_batch": 0.0
          },
          {
            "batch": 811.0,
            "letter": 12.03139877319336,
            "letter_floor_in_batch": 0.0
          },
          {
            "batch": 812.0,
            "letter": 12.041999816894531,
            "letter_floor_in_batch": 0.0
          },
          {
            "batch": 813.0,
            "letter": 11.958212852478027,
            "letter_floor_in_batch": 0.0
          },
          {
            "batch": 814.0,
            "letter": 12.026491165161133,
            "letter_floor_in_batch": 0.0
          },
          {
            "batch": 815.0,
            "letter": 11.948409080505371,
            "letter_floor_in_batch": 0.0
          },
          {
            "batch": 816.0,
            "letter": 11.946308135986328,
            "letter_floor_in_batch": 0.0
          },
          {
            "batch": 817.0,
            "letter": 12.008906364440918,
            "letter_floor_in_batch": 0.0
          },
          {
            "batch": 818.0,
            "letter": 12.045503616333008,
            "letter_floor_in_batch": 0.0
          },
          {
            "batch": 819.0,
            "letter": 12.030437469482422,
            "letter_floor_in_batch": 0.0
          },
          {
            "batch": 820.0,
            "letter": 12.06043529510498,
            "letter_floor_in_batch": 0.0
          },
          {
            "batch": 821.0,
            "letter": 12.004839897155762,
            "letter_floor_in_batch": 0.0
          },
          {
            "batch": 822.0,
            "letter": 12.032315254211426,
            "letter_floor_in_batch": 0.0
          },
          {
            "batch": 823.0,
            "letter": 12.004778861999512,
            "letter_floor_in_batch": 0.0
          },
          {
            "batch": 824.0,
            "letter": 11.94963550567627,
            "letter_floor_in_batch": 0.0
          },
          {
            "batch": 825.0,
            "letter": 12.030311584472656,
            "letter_floor_in_batch": 0.0
          }
        ],
        "span_floor_mean_per_batch": NaN,
        "span_floor_over_the_plan": NaN,
        "span_gap": NaN,
        "span_loss": NaN,
        "span_rows": 0
      },
      "ft_row_id": "285cb0e7-2894-475e-860e-cf08747939fa",
      "letter_at_first_joint_batch": NaN,
      "letter_first": 12.352542877197266,
      "letter_floor": 0.0,
      "letter_last": 12.030324935913086,
      "lower_layers_n": 2,
      "lower_lr_scale": 0.1,
      "micro_batches": 826,
      "no_memorise": true,
      "optimizer_recipe": "master",
      "optimizer_steps": 826,
      "padding_fraction": 0.00433,
      "params": 7992776,
      "replay_attestation_sha256": "e88674210a00bd0e1dbcd3c051fbafab5328cc731ea769415af230e2bf4c5039",
      "replay_direction": "base_to_model",
      "replay_every": 6,
      "replay_kl_first": -1.8404170987196267e-07,
      "replay_kl_last": 0.006824768614023924,
      "replay_shard_hash": "d5e0caafcd9e488f05483f5b518c30d802173543314621d30ce57e1d3ba39d39",
      "replay_weight": 1.0,
      "replayed": 137,
      "score_row_id": "98fd098f-df3a-4010-b98b-783702ccd300",
      "seed": 0,
      "span_at_first_joint_batch": NaN,
      "span_first": NaN,
      "span_floor": NaN,
      "span_last": NaN,
      "span_rows": 0,
      "span_weight": 1.0,
      "steps_per_s": 2.93,
      "steps_requested": 826,
      "supervised_tokens": 826,
      "tag": "epoch",
      "termination": "steps_exhausted",
      "total_first": 12.352542877197266,
      "total_last": 12.030324935913086,
      "wall_clock_s": 281.711
    }
  ],
  "arm2": [],
  "batches": {
    "batches": 826,
    "batches_letter_only": 826,
    "batches_span_only": 0,
    "batches_with_a_span_row": 0,
    "letter_channel_live_chunks": 826,
    "letter_channel_total_chunks": 1655,
    "widths": [
      142,
      145,
      147,
      149,
      151,
      153,
      154,
      156,
      157,
      158,
      160,
      161,
      163,
      166,
      169,
      172,
      174,
      176,
      181,
      184,
      187,
      190,
      193,
      198,
      201,
      205,
      210,
      215,
      223,
      231,
      246,
      283
    ]
  },
  "batches_with_span": [],
  "failures": [],
  "inventory": {
    "buckets": [
      142,
      145,
      147,
      149,
      151,
      153,
      154,
      156,
      157,
      158,
      160,
      161,
      163,
      166,
      169,
      172,
      174,
      176,
      181,
      184,
      187,
      190,
      193,
      198,
      201,
      205,
      210,
      215,
      223,
      231,
      246,
      283
    ],
    "contradictions": {
      "contradicting_groups": 0,
      "contradicting_rows": 0,
      "examples": [],
      "per_kind": {},
      "rows_sharing_a_prefix": 0,
      "sequences": 826
    },
    "coverage": {
      "detail": "every row in the manifest was tokenized into the shard set",
      "n": 826,
      "n_total": 826,
      "passed": true,
      "state": "ran",
      "value": 826
    },
    "excluded_examples": [],
    "excluded_rows": 0,
    "letter_rows": 826,
    "letter_rows_whose_gold_is_noul": 0,
    "padding_waste": {
      "detail": "598 padding of 138104 positions (0.43%) over 826 sequences; gate is <= 15%. buckets=[142, 145, 147, 149, 151, 153, 154, 156, 157, 158, 160, 161, 163, 166, 169, 172, 174, 176, 181, 184, 187, 190, 193, 198, 201, 205, 210, 215, 223, 231, 246, 283]",
      "n": 826,
      "n_total": 826,
      "passed": true,
      "state": "ran",
      "value": 0.00433
    },
    "per_kind": {
      "choice": {
        "families": {
          "commonsense.multiple_choice": 317,
          "knowledge.multiple_choice": 509
        },
        "gold_is_noul": 0,
        "len_max": 283,
        "len_mean": 166.5,
        "len_min": 137,
        "n": 826,
        "n_total": 826,
        "row_widths": [
          5,
          6
        ],
        "tokens": 137506
      }
    },
    "remap_check": {
      "detail": "/Users/bharath/qd-campaign/replay-v4-2026-10-02/e2e/out-plain/shards/train/remap.npz re-read and re-hashed; matches the header. tokenizer_hash=7fbd94d096a01bca\u2026",
      "n": 248320,
      "n_total": 248320,
      "passed": true,
      "state": "ran",
      "value": "e7d0890c547b43811f93e50dc0e582ba35eb2e75706ee0ad27186d6a89d502ab"
    },
    "root": "/Users/bharath/qd-campaign/replay-v4-2026-10-02/e2e/out-plain/shards/train",
    "sequences": 826,
    "span_check": {
      "reason": "this shard set holds no SLOT_SPAN sequences, so there was no line-to-token mapping to verify. 0 of 0 verified is not a pass.",
      "state": "not_run"
    },
    "tokens": 137506,
    "vocab_size": 248320
  },
  "letter_ids": {
    "A": 32,
    "B": 33,
    "C": 34,
    "D": 35,
    "E": 36,
    "F": 37,
    "G": 38,
    "H": 39,
    "I": 40,
    "J": 41,
    "K": 42,
    "L": 43,
    "M": 44,
    "N": 45,
    "O": 46,
    "P": 47,
    "Z": 57
  },
  "probes": [
    {
      "bucket": 0,
      "device": "cpu",
      "ok": true,
      "rows": 1,
      "wall_s": 1.145,
      "why": "cpu rows=1 width=142 fwd+bwd ok",
      "width": 142
    },
    {
      "bucket": 1,
      "device": "cpu",
      "ok": true,
      "rows": 1,
      "wall_s": 1.222,
      "why": "cpu rows=1 width=145 fwd+bwd ok",
      "width": 145
    },
    {
      "bucket": 2,
      "device": "cpu",
      "ok": true,
      "rows": 1,
      "wall_s": 1.179,
      "why": "cpu rows=1 width=147 fwd+bwd ok",
      "width": 147
    },
    {
      "bucket": 3,
      "device": "cpu",
      "ok": true,
      "rows": 1,
      "wall_s": 1.149,
      "why": "cpu rows=1 width=149 fwd+bwd ok",
      "width": 149
    },
    {
      "bucket": 4,
      "device": "cpu",
      "ok": true,
      "rows": 1,
      "wall_s": 1.219,
      "why": "cpu rows=1 width=151 fwd+bwd ok",
      "width": 151
    },
    {
      "bucket": 5,
      "device": "cpu",
      "ok": true,
      "rows": 1,
      "wall_s": 1.249,
      "why": "cpu rows=1 width=153 fwd+bwd ok",
      "width": 153
    },
    {
      "bucket": 6,
      "device": "cpu",
      "ok": true,
      "rows": 1,
      "wall_s": 1.945,
      "why": "cpu rows=1 width=154 fwd+bwd ok",
      "width": 154
    },
    {
      "bucket": 7,
      "device": "cpu",
      "ok": true,
      "rows": 1,
      "wall_s": 1.312,
      "why": "cpu rows=1 width=156 fwd+bwd ok",
      "width": 156
    },
    {
      "bucket": 8,
      "device": "cpu",
      "ok": true,
      "rows": 1,
      "wall_s": 1.225,
      "why": "cpu rows=1 width=157 fwd+bwd ok",
      "width": 157
    },
    {
      "bucket": 9,
      "device": "cpu",
      "ok": true,
      "rows": 1,
      "wall_s": 1.081,
      "why": "cpu rows=1 width=158 fwd+bwd ok",
      "width": 158
    },
    {
      "bucket": 10,
      "device": "cpu",
      "ok": true,
      "rows": 1,
      "wall_s": 1.276,
      "why": "cpu rows=1 width=160 fwd+bwd ok",
      "width": 160
    },
    {
      "bucket": 11,
      "device": "cpu",
      "ok": true,
      "rows": 1,
      "wall_s": 1.036,
      "why": "cpu rows=1 width=161 fwd+bwd ok",
      "width": 161
    },
    {
      "bucket": 12,
      "device": "cpu",
      "ok": true,
      "rows": 1,
      "wall_s": 1.068,
      "why": "cpu rows=1 width=163 fwd+bwd ok",
      "width": 163
    },
    {
      "bucket": 13,
      "device": "cpu",
      "ok": true,
      "rows": 1,
      "wall_s": 1.496,
      "why": "cpu rows=1 width=166 fwd+bwd ok",
      "width": 166
    },
    {
      "bucket": 14,
      "device": "cpu",
      "ok": true,
      "rows": 1,
      "wall_s": 1.059,
      "why": "cpu rows=1 width=169 fwd+bwd ok",
      "width": 169
    },
    {
      "bucket": 15,
      "device": "cpu",
      "ok": true,
      "rows": 1,
      "wall_s": 1.03,
      "why": "cpu rows=1 width=172 fwd+bwd ok",
      "width": 172
    },
    {
      "bucket": 16,
      "device": "cpu",
      "ok": true,
      "rows": 1,
      "wall_s": 1.055,
      "why": "cpu rows=1 width=174 fwd+bwd ok",
      "width": 174
    },
    {
      "bucket": 17,
      "device": "cpu",
      "ok": true,
      "rows": 1,
      "wall_s": 1.172,
      "why": "cpu rows=1 width=176 fwd+bwd ok",
      "width": 176
    },
    {
      "bucket": 18,
      "device": "cpu",
      "ok": true,
      "rows": 1,
      "wall_s": 1.189,
      "why": "cpu rows=1 width=181 fwd+bwd ok",
      "width": 181
    },
    {
      "bucket": 19,
      "device": "cpu",
      "ok": true,
      "rows": 1,
      "wall_s": 1.753,
      "why": "cpu rows=1 width=184 fwd+bwd ok",
      "width": 184
    },
    {
      "bucket": 20,
      "device": "cpu",
      "ok": true,
      "rows": 1,
      "wall_s": 2.401,
      "why": "cpu rows=1 width=187 fwd+bwd ok",
      "width": 187
    },
    {
      "bucket": 21,
      "device": "cpu",
      "ok": true,
      "rows": 1,
      "wall_s": 1.083,
      "why": "cpu rows=1 width=190 fwd+bwd ok",
      "width": 190
    },
    {
      "bucket": 22,
      "device": "cpu",
      "ok": true,
      "rows": 1,
      "wall_s": 1.05,
      "why": "cpu rows=1 width=193 fwd+bwd ok",
      "width": 193
    },
    {
      "bucket": 23,
      "device": "cpu",
      "ok": true,
      "rows": 1,
      "wall_s": 1.043,
      "why": "cpu rows=1 width=198 fwd+bwd ok",
      "width": 198
    },
    {
      "bucket": 24,
      "device": "cpu",
      "ok": true,
      "rows": 1,
      "wall_s": 1.04,
      "why": "cpu rows=1 width=201 fwd+bwd ok",
      "width": 201
    },
    {
      "bucket": 25,
      "device": "cpu",
      "ok": true,
      "rows": 1,
      "wall_s": 1.035,
      "why": "cpu rows=1 width=205 fwd+bwd ok",
      "width": 205
    },
    {
      "bucket": 26,
      "device": "cpu",
      "ok": true,
      "rows": 1,
      "wall_s": 1.096,
      "why": "cpu rows=1 width=210 fwd+bwd ok",
      "width": 210
    },
    {
      "bucket": 27,
      "device": "cpu",
      "ok": true,
      "rows": 1,
      "wall_s": 1.125,
      "why": "cpu rows=1 width=215 fwd+bwd ok",
      "width": 215
    },
    {
      "bucket": 28,
      "device": "cpu",
      "ok": true,
      "rows": 1,
      "wall_s": 1.021,
      "why": "cpu rows=1 width=223 fwd+bwd ok",
      "width": 223
    },
    {
      "bucket": 29,
      "device": "cpu",
      "ok": true,
      "rows": 1,
      "wall_s": 1.035,
      "why": "cpu rows=1 width=231 fwd+bwd ok",
      "width": 231
    },
    {
      "bucket": 30,
      "device": "cpu",
      "ok": true,
      "rows": 1,
      "wall_s": 1.016,
      "why": "cpu rows=1 width=246 fwd+bwd ok",
      "width": 246
    },
    {
      "bucket": 31,
      "device": "cpu",
      "ok": true,
      "rows": 1,
      "wall_s": 1.037,
      "why": "cpu rows=1 width=283 fwd+bwd ok",
      "width": 283
    }
  ],
  "torch": "2.12.1"
}
