minhash: 1146 distinct sets signed by /Users/bharath/qd-campaign/target-replay-a502670/release/qd-prep in 0.1 s (shingling and canaries included), 2292 lookups, 8 canaries equal to the reference; 1146 distinct texts shingled once, 2292 lookups
lsh: 2 candidate-pair searches banded by /Users/bharath/qd-campaign/target-replay-a502670/release/qd-prep in 0.1 s (canaries included), 10 pairs, every canary equal to the reference; 0 handed to the reference (a negative bound or a banding wider than the signatures)
val set: 157 sequences in 157 batches, remap e7d0890c547b4381 (the train set's)
permutation second pass: 157 choice rows deranged in 157 batches (seed 20260919)
needle suite: not run -- --needle was not given
OOD suite: not run -- --ood was not given
shard set: /Users/bharath/qd-campaign/replay-v4-2026-10-02/e2e/out-plain/shards/train
  rows in -> out: 826 -> 826  (0 excluded)  tokens 137506  vocab 248320
  choice  n= 826  len 137..283 (mean 166.5)  gold is noul: 0  rendered rows [5, 6]
  letter rows whose gold is noul: 0 of 826
  prompt-identical rows: 0 of 826; of those, 0 rows in 0 groups carry DIFFERENT golds ({})
  letters -> post-remap ids: {'A': 32, 'B': 33, 'C': 34, 'D': 35, 'E': 36, 'F': 37, 'G': 38, 'H': 39, 'I': 40, 'J': 41, 'K': 42, 'L': 43, 'M': 44, 'N': 45, 'O': 46, 'P': 47, 'Z': 57}
  padding waste: 598 padding of 138104 positions (0.43%) over 826 sequences; gate is <= 15%. buckets=[142, 145, 147, 149, 151, 153, 154, 156, 157, 158, 160, 161, 163, 166, 169, 172, 174, 176, 181, 184, 187, 190, 193, 198, 201, 205, 210, 215, 223, 231, 246, 283]
  span_check: {"state": "not_run", "reason": "this shard set holds no SLOT_SPAN sequences, so there was no line-to-token mapping to verify. 0 of 0 verified is not a pass."}
  remap beside the shards: {"state": "ran", "passed": true, "value": "e7d0890c547b43811f93e50dc0e582ba35eb2e75706ee0ad27186d6a89d502ab", "n": 248320, "n_total": 248320, "detail": "/Users/bharath/qd-campaign/
  epoch at batch_tokens=283: 826 batches, 0 carry a span row, 0 have no letter row; letter-channel chunks 826 live of 1655
devices: ['cpu'] (from --devices; auto-detection skipped)

feasibility, one forward+backward per bucket width, in a subprocess:
  cpu bucket 0 (1 x 142): ok 1.209s
  cpu bucket 1 (1 x 145): ok 1.251s
  cpu bucket 2 (1 x 147): ok 1.154s
  cpu bucket 3 (1 x 149): ok 1.129s
  cpu bucket 4 (1 x 151): ok 1.081s
  cpu bucket 5 (1 x 153): ok 1.112s
  cpu bucket 6 (1 x 154): ok 1.064s
  cpu bucket 7 (1 x 156): ok 1.054s
  cpu bucket 8 (1 x 157): ok 1.045s
  cpu bucket 9 (1 x 158): ok 1.068s
  cpu bucket 10 (1 x 160): ok 1.153s
  cpu bucket 11 (1 x 161): ok 1.032s
  cpu bucket 12 (1 x 163): ok 1.067s
  cpu bucket 13 (1 x 166): ok 1.035s
  cpu bucket 14 (1 x 169): ok 1.057s
  cpu bucket 15 (1 x 172): ok 1.018s
  cpu bucket 16 (1 x 174): ok 1.022s
  cpu bucket 17 (1 x 176): ok 1.014s
  cpu bucket 18 (1 x 181): ok 1.003s
  cpu bucket 19 (1 x 184): ok 0.993s
  cpu bucket 20 (1 x 187): ok 0.997s
  cpu bucket 21 (1 x 190): ok 1.002s
  cpu bucket 22 (1 x 193): ok 0.989s
  cpu bucket 23 (1 x 198): ok 0.989s
  cpu bucket 24 (1 x 201): ok 0.996s
  cpu bucket 25 (1 x 205): ok 0.982s
  cpu bucket 26 (1 x 210): ok 1.077s
  cpu bucket 27 (1 x 215): ok 1.008s
  cpu bucket 28 (1 x 223): ok 1.004s
  cpu bucket 29 (1 x 231): ok 1.011s
  cpu bucket 30 (1 x 246): ok 1.004s
  cpu bucket 31 (1 x 283): ok 1.141s

arm 2 plan: every real batch at most 5383 wide -> 826 of 826 batches, 826 of 826 sequences, slot kinds ['choice'] of ['choice']
replay: 163 batches from /Users/bharath/qd-campaign/replay-v4-2026-10-02/e2e/out-plain/shards/replay (attestation e88674210a00bd0e), weight 1.0, every 6

arm 2: NOT RUN -- --no-memorise
  replay: cached the base's letter logits on 163 rows -> /Users/bharath/qd-campaign/replay-v4-2026-10-02/e2e/standin2-replay-prior-cache.npz (0.6s)
  progress epoch cpu seed=0: step 1/826 elapsed 0s 0.27s/step 583 pos/s eta 222s loss 12.6943
  progress epoch cpu seed=0: step 606/826 elapsed 60s 0.10s/step 1675 pos/s eta 22s loss 1.1801
  cpu seed=0 val_top1.choice: {"state": "ran", "passed": false, "value": 0.2356687898089172, "n": 37, "n_total": 157, "detail": "37 of 157 val choice rows (23.6%) decoded to the gold the way answer.rs decodes a Letters query, on rows this model never trained on; answering 'A' on every row, the val set's most common gold scores 3
  cpu seed=0 val_top1.score: {"state": "not_run", "reason": "the val set holds no score row to score"}
  cpu seed=0 val_top1.span: {"state": "not_run", "reason": "the val set holds no span row to score"}
  cpu seed=0 ece: {"state": "not_run", "reason": "ece: 3 of 3 inputs did not run -> ece.choice.k4: ECE needs at least 100 examples to be meaningful; got 80. A binned calibration error over a small sample measures the binning.; ece.choice.k5: ECE needs at least 100 examples to be meaningful; got 77. A binned calibrati
  cpu seed=0 degenerate_head: {"state": "ran", "passed": false, "n": 2, "n_total": 2, "detail": "degenerate_head: failing inputs: degenerate_head.choice.k4, degenerate_head.choice.k5"}
  cpu seed=0 permutation_consistency: {"state": "ran", "passed": false, "value": 0.0, "n": 0, "n_total": 157, "detail": "the choice head agreed with itself across a derangement on 0 of 157 rows (0.0%) against a 95% floor; 0 row(s) had fewer than two live options and were excluded rather than counted as agreeing"}
  cpu seed=0 needle_hunk_recall: {"state": "not_run", "reason": "--needle was not given"}
  cpu seed=0 ood_abstain: {"state": "not_run", "reason": "--ood was not given"}
  score row 03bfd85b-6c0f-4e4b-8cf9-9c27b35c1660
arm1 cpu seed=0: 826 batches, 826 supervised tokens, 0 span rows, padding 0.004330, total 12.6943 -> 1.5749, 93.195s, termination steps_exhausted, ft row 8a768c50-ce48-4bfd-80dc-1408bfff1148
verdicts: 157 lines -> /Users/bharath/qd-campaign/replay-v4-2026-10-02/e2e/standin2-verdicts.jsonl
{
  "arm1": [
    {
      "cost": "CostEstimate(usd_per_hour=0.0, cap=WallClockCap(cap_s=1800.0), n_gpus=0, instance='local-cpu', usd_per_gpu_hour=None)",
      "device": "cpu",
      "final": {
        "letter_floor_mean_per_batch": 0.0,
        "letter_floor_over_the_plan": 0.0,
        "letter_gap": 1.6647478275668535,
        "letter_loss": 1.6647478275668535,
        "letter_rows": 826,
        "per_batch": [
          {
            "batch": 0.0,
            "letter": 3.1342196464538574,
            "letter_floor_in_batch": 0.0
          },
          {
            "batch": 1.0,
            "letter": 1.2077946662902832,
            "letter_floor_in_batch": 0.0
          },
          {
            "batch": 2.0,
            "letter": 1.5656633377075195,
            "letter_floor_in_batch": 0.0
          },
          {
            "batch": 3.0,
            "letter": 1.6762785911560059,
            "letter_floor_in_batch": 0.0
          },
          {
            "batch": 4.0,
            "letter": 3.131990432739258,
            "letter_floor_in_batch": 0.0
          },
          {
            "batch": 5.0,
            "letter": 1.5642814636230469,
            "letter_floor_in_batch": 0.0
          },
          {
            "batch": 6.0,
            "letter": 1.8687500953674316,
            "letter_floor_in_batch": 0.0
          },
          {
            "batch": 7.0,
            "letter": 1.56516695022583,
            "letter_floor_in_batch": 0.0
          },
          {
            "batch": 8.0,
            "letter": 1.6771082878112793,
            "letter_floor_in_batch": 0.0
          },
          {
            "batch": 9.0,
            "letter": 1.867833137512207,
            "letter_floor_in_batch": 0.0
          },
          {
            "batch": 10.0,
            "letter": 1.207554817199707,
            "letter_floor_in_batch": 0.0
          },
          {
            "batch": 11.0,
            "letter": 3.132699489593506,
            "letter_floor_in_batch": 0.0
          },
          {
            "batch": 12.0,
            "letter": 1.8671941757202148,
            "letter_floor_in_batch": 0.0
          },
          {
            "batch": 13.0,
            "letter": 1.8683271408081055,
            "letter_floor_in_batch": 0.0
          },
          {
            "batch": 14.0,
            "letter": 1.677870273590088,
            "letter_floor_in_batch": 0.0
          },
          {
            "batch": 15.0,
            "letter": 1.2067604064941406,
            "letter_floor_in_batch": 0.0
          },
          {
            "batch": 16.0,
            "letter": 1.86799955368042,
            "letter_floor_in_batch": 0.0
          },
          {
            "batch": 17.0,
            "letter": 1.6751618385314941,
            "letter_floor_in_batch": 0.0
          },
          {
            "batch": 18.0,
            "letter": 1.2066330909729004,
            "letter_floor_in_batch": 0.0
          },
          {
            "batch": 19.0,
            "letter": 1.866729736328125,
            "letter_floor_in_batch": 0.0
          },
          {
            "batch": 20.0,
            "letter": 1.206571102142334,
            "letter_floor_in_batch": 0.0
          },
          {
            "batch": 21.0,
            "letter": 1.56398344039917,
            "letter_floor_in_batch": 0.0
          },
          {
            "batch": 22.0,
            "letter": 1.6770391464233398,
            "letter_floor_in_batch": 0.0
          },
          {
            "batch": 23.0,
            "letter": 1.207127571105957,
            "letter_floor_in_batch": 0.0
          },
          {
            "batch": 24.0,
            "letter": 1.6765141487121582,
            "letter_floor_in_batch": 0.0
          },
          {
            "batch": 25.0,
            "letter": 1.6763124465942383,
            "letter_floor_in_batch": 0.0
          },
          {
            "batch": 26.0,
            "letter": 1.5663938522338867,
            "letter_floor_in_batch": 0.0
          },
          {
            "batch": 27.0,
            "letter": 1.6761703491210938,
            "letter_floor_in_batch": 0.0
          },
          {
            "batch": 28.0,
            "letter": 1.5653204917907715,
            "letter_floor_in_batch": 0.0
          },
          {
            "batch": 29.0,
            "letter": 1.5618362426757812,
            "letter_floor_in_batch": 0.0
          },
          {
            "batch": 30.0,
            "letter": 1.565866470336914,
            "letter_floor_in_batch": 0.0
          },
          {
            "batch": 31.0,
            "letter": 3.132460117340088,
            "letter_floor_in_batch": 0.0
          },
          {
            "batch": 32.0,
            "letter": 1.5636816024780273,
            "letter_floor_in_batch": 0.0
          },
          {
            "batch": 33.0,
            "letter": 1.674729824066162,
            "letter_floor_in_batch": 0.0
          },
          {
            "batch": 34.0,
            "letter": 1.565873622894287,
            "letter_floor_in_batch": 0.0
          },
          {
            "batch": 35.0,
            "letter": 1.565260887145996,
            "letter_floor_in_batch": 0.0
          },
          {
            "batch": 36.0,
            "letter": 1.6763787269592285,
            "letter_floor_in_batch": 0.0
          },
          {
            "batch": 37.0,
            "letter": 1.2081623077392578,
            "letter_floor_in_batch": 0.0
          },
          {
            "batch": 38.0,
            "letter": 3.1309385299682617,
            "letter_floor_in_batch": 0.0
          },
          {
            "batch": 39.0,
            "letter": 1.5660629272460938,
            "letter_floor_in_batch": 0.0
          },
          {
            "batch": 40.0,
            "letter": 1.564389705657959,
            "letter_floor_in_batch": 0.0
          },
          {
            "batch": 41.0,
            "letter": 1.6719598770141602,
            "letter_floor_in_batch": 0.0
          },
          {
            "batch": 42.0,
            "letter": 1.208031177520752,
            "letter_floor_in_batch": 0.0
          },
          {
            "batch": 43.0,
            "letter": 1.5661191940307617,
            "letter_floor_in_batch": 0.0
          },
          {
            "batch": 44.0,
            "letter": 1.8639626502990723,
            "letter_floor_in_batch": 0.0
          },
          {
            "batch": 45.0,
            "letter": 1.8682527542114258,
            "letter_floor_in_batch": 0.0
          },
          {
            "batch": 46.0,
            "letter": 1.5627727508544922,
            "letter_floor_in_batch": 0.0
          },
          {
            "batch": 47.0,
            "letter": 1.6777596473693848,
            "letter_floor_in_batch": 0.0
          },
          {
            "batch": 48.0,
            "letter": 3.1328039169311523,
            "letter_floor_in_batch": 0.0
          },
          {
            "batch": 49.0,
            "letter": 1.8633828163146973,
            "letter_floor_in_batch": 0.0
          },
          {
            "batch": 50.0,
            "letter": 1.8631887435913086,
            "letter_floor_in_batch": 0.0
          },
          {
            "batch": 51.0,
            "letter": 3.1227807998657227,
            "letter_floor_in_batch": 0.0
          },
          {
            "batch": 52.0,
            "letter": 1.6769371032714844,
            "letter_floor_in_batch": 0.0
          },
          {
            "batch": 53.0,
            "letter": 1.5657310485839844,
            "letter_floor_in_batch": 0.0
          },
          {
            "batch": 54.0,
            "letter": 1.6771430969238281,
            "letter_floor_in_batch": 0.0
          },
          {
            "batch": 55.0,
            "letter": 1.2056517601013184,
            "letter_floor_in_batch": 0.0
          },
          {
            "batch": 56.0,
            "letter": 1.676224708557129,
            "letter_floor_in_batch": 0.0
          },
          {
            "batch": 57.0,
            "letter": 1.5650005340576172,
            "letter_floor_in_batch": 0.0
          },
          {
            "batch": 58.0,
            "letter": 1.6745033264160156,
            "letter_floor_in_batch": 0.0
          },
          {
            "batch": 59.0,
            "letter": 1.2093853950500488,
            "letter_floor_in_batch": 0.0
          },
          {
            "batch": 60.0,
            "letter": 1.8666014671325684,
            "letter_floor_in_batch": 0.0
          },
          {
            "batch": 61.0,
            "letter": 1.2086706161499023,
            "letter_floor_in_batch": 0.0
          },
          {
            "batch": 62.0,
            "letter": 1.205617904663086,
            "letter_floor_in_batch": 0.0
          },
          {
            "batch": 63.0,
            "letter": 1.2069368362426758,
            "letter_floor_in_batch": 0.0
          },
          {
            "batch": 64.0,
            "letter": 1.8645830154418945,
            "letter_floor_in_batch": 0.0
          },
          {
            "batch": 65.0,
            "letter": 3.132132053375244,
            "letter_floor_in_batch": 0.0
          },
          {
            "batch": 66.0,
            "letter": 1.2085528373718262,
            "letter_floor_in_batch": 0.0
          },
          {
            "batch": 67.0,
            "letter": 1.6745696067810059,
            "letter_floor_in_batch": 0.0
          },
          {
            "batch": 68.0,
            "letter": 3.1317849159240723,
            "letter_floor_in_batch": 0.0
          },
          {
            "batch": 69.0,
            "letter": 1.2073869705200195,
            "letter_floor_in_batch": 0.0
          },
          {
            "batch": 70.0,
            "letter": 1.8691377639770508,
            "letter_floor_in_batch": 0.0
          },
          {
            "batch": 71.0,
            "letter": 1.8640084266662598,
            "letter_floor_in_batch": 0.0
          },
          {
            "batch": 72.0,
            "letter": 1.5669550895690918,
            "letter_floor_in_batch": 0.0
          },
          {
            "batch": 73.0,
            "letter": 1.2069406509399414,
            "letter_floor_in_batch": 0.0
          },
          {
            "batch": 74.0,
            "letter": 1.677750587463379,
            "letter_floor_in_batch": 0.0
          },
          {
            "batch": 75.0,
            "letter": 1.6769542694091797,
            "letter_floor_in_batch": 0.0
          },
          {
            "batch": 76.0,
            "letter": 1.2085771560668945,
            "letter_floor_in_batch": 0.0
          },
          {
            "batch": 77.0,
            "letter": 1.5619564056396484,
            "letter_floor_in_batch": 0.0
          },
          {
            "batch": 78.0,
            "letter": 1.8687009811401367,
            "letter_floor_in_batch": 0.0
          },
          {
            "batch": 79.0,
            "letter": 1.867356300354004,
            "letter_floor_in_batch": 0.0
          },
          {
            "batch": 80.0,
            "letter": 1.6767611503601074,
            "letter_floor_in_batch": 0.0
          },
          {
            "batch": 81.0,
            "letter": 1.8656249046325684,
            "letter_floor_in_batch": 0.0
          },
          {
            "batch": 82.0,
            "letter": 1.562373161315918,
            "letter_floor_in_batch": 0.0
          },
          {
            "batch": 83.0,
            "letter": 1.2056422233581543,
            "letter_floor_in_batch": 0.0
          },
          {
            "batch": 84.0,
            "letter": 1.6768779754638672,
            "letter_floor_in_batch": 0.0
          },
          {
            "batch": 85.0,
            "letter": 1.2069506645202637,
            "letter_floor_in_batch": 0.0
          },
          {
            "batch": 86.0,
            "letter": 1.2092056274414062,
            "letter_floor_in_batch": 0.0
          },
          {
            "batch": 87.0,
            "letter": 1.6680045127868652,
            "letter_floor_in_batch": 0.0
          },
          {
            "batch": 88.0,
            "letter": 3.131899833679199,
            "letter_floor_in_batch": 0.0
          },
          {
            "batch": 89.0,
            "letter": 1.86700439453125,
            "letter_floor_in_batch": 0.0
          },
          {
            "batch": 90.0,
            "letter": 1.6734514236450195,
            "letter_floor_in_batch": 0.0
          },
          {
            "batch": 91.0,
            "letter": 1.5627326965332031,
            "letter_floor_in_batch": 0.0
          },
          {
            "batch": 92.0,
            "letter": 1.6742424964904785,
            "letter_floor_in_batch": 0.0
          },
          {
            "batch": 93.0,
            "letter": 1.5658254623413086,
            "letter_floor_in_batch": 0.0
          },
          {
            "batch": 94.0,
            "letter": 1.6770057678222656,
            "letter_floor_in_batch": 0.0
          },
          {
            "batch": 95.0,
            "letter": 1.8671817779541016,
            "letter_floor_in_batch": 0.0
          },
          {
            "batch": 96.0,
            "letter": 1.8682589530944824,
            "letter_floor_in_batch": 0.0
          },
          {
            "batch": 97.0,
            "letter": 1.8673052787780762,
            "letter_floor_in_batch": 0.0
          },
          {
            "batch": 98.0,
            "letter": 1.5658478736877441,
            "letter_floor_in_batch": 0.0
          },
          {
            "batch": 99.0,
            "letter": 1.8687472343444824,
            "letter_floor_in_batch": 0.0
          },
          {
            "batch": 100.0,
            "letter": 1.678724765777588,
            "letter_floor_in_batch": 0.0
          },
          {
            "batch": 101.0,
            "letter": 1.5650486946105957,
            "letter_floor_in_batch": 0.0
          },
          {
            "batch": 102.0,
            "letter": 1.2065200805664062,
            "letter_floor_in_batch": 0.0
          },
          {
            "batch": 103.0,
            "letter": 1.8685650825500488,
            "letter_floor_in_batch": 0.0
          },
          {
            "batch": 104.0,
            "letter": 1.676764965057373,
            "letter_floor_in_batch": 0.0
          },
          {
            "batch": 105.0,
            "letter": 1.676337718963623,
            "letter_floor_in_batch": 0.0
          },
          {
            "batch": 106.0,
            "letter": 1.868617057800293,
            "letter_floor_in_batch": 0.0
          },
          {
            "batch": 107.0,
            "letter": 1.863889217376709,
            "letter_floor_in_batch": 0.0
          },
          {
            "batch": 108.0,
            "letter": 1.2066764831542969,
            "letter_floor_in_batch": 0.0
          },
          {
            "batch": 109.0,
            "letter": 1.5652437210083008,
            "letter_floor_in_batch": 0.0
          },
          {
            "batch": 110.0,
            "letter": 1.8663043975830078,
            "letter_floor_in_batch": 0.0
          },
          {
            "batch": 111.0,
            "letter": 1.8674812316894531,
            "letter_floor_in_batch": 0.0
          },
          {
            "batch": 112.0,
            "letter": 1.2041163444519043,
            "letter_floor_in_batch": 0.0
          },
          {
            "batch": 113.0,
            "letter": 1.8677024841308594,
            "letter_floor_in_batch": 0.0
          },
          {
            "batch": 114.0,
            "letter": 1.5654988288879395,
            "letter_floor_in_batch": 0.0
          },
          {
            "batch": 115.0,
            "letter": 1.867495059967041,
            "letter_floor_in_batch": 0.0
          },
          {
            "batch": 116.0,
            "letter": 1.678138256072998,
            "letter_floor_in_batch": 0.0
          },
          {
            "batch": 117.0,
            "letter": 1.8694496154785156,
            "letter_floor_in_batch": 0.0
          },
          {
            "batch": 118.0,
            "letter": 1.204188346862793,
            "letter_floor_in_batch": 0.0
          },
          {
            "batch": 119.0,
            "letter": 1.869046688079834,
            "letter_floor_in_batch": 0.0
          },
          {
            "batch": 120.0,
            "letter": 1.2065792083740234,
            "letter_floor_in_batch": 0.0
          },
          {
            "batch": 121.0,
            "letter": 1.564812183380127,
            "letter_floor_in_batch": 0.0
          },
          {
            "batch": 122.0,
            "letter": 1.5656061172485352,
            "letter_floor_in_batch": 0.0
          },
          {
            "batch": 123.0,
            "letter": 1.6712331771850586,
            "letter_floor_in_batch": 0.0
          },
          {
            "batch": 124.0,
            "letter": 1.5623421669006348,
            "letter_floor_in_batch": 0.0
          },
          {
            "batch": 125.0,
            "letter": 1.5649065971374512,
            "letter_floor_in_batch": 0.0
          },
          {
            "batch": 126.0,
            "letter": 1.8679919242858887,
            "letter_floor_in_batch": 0.0
          },
          {
            "batch": 127.0,
            "letter": 1.5660481452941895,
            "letter_floor_in_batch": 0.0
          },
          {
            "batch": 128.0,
            "letter": 1.6681976318359375,
            "letter_floor_in_batch": 0.0
          },
          {
            "batch": 129.0,
            "letter": 1.6720161437988281,
            "letter_floor_in_batch": 0.0
          },
          {
            "batch": 130.0,
            "letter": 1.2066984176635742,
            "letter_floor_in_batch": 0.0
          },
          {
            "batch": 131.0,
            "letter": 1.2028489112854004,
            "letter_floor_in_batch": 0.0
          },
          {
            "batch": 132.0,
            "letter": 1.6763238906860352,
            "letter_floor_in_batch": 0.0
          },
          {
            "batch": 133.0,
            "letter": 1.565894603729248,
            "letter_floor_in_batch": 0.0
          },
          {
            "batch": 134.0,
            "letter": 1.8639402389526367,
            "letter_floor_in_batch": 0.0
          },
          {
            "batch": 135.0,
            "letter": 1.565739631652832,
            "letter_floor_in_batch": 0.0
          },
          {
            "batch": 136.0,
            "letter": 1.8666448593139648,
            "letter_floor_in_batch": 0.0
          },
          {
            "batch": 137.0,
            "letter": 1.8677592277526855,
            "letter_floor_in_batch": 0.0
          },
          {
            "batch": 138.0,
            "letter": 1.2083816528320312,
            "letter_floor_in_batch": 0.0
          },
          {
            "batch": 139.0,
            "letter": 1.5652780532836914,
            "letter_floor_in_batch": 0.0
          },
          {
            "batch": 140.0,
            "letter": 1.6726040840148926,
            "letter_floor_in_batch": 0.0
          },
          {
            "batch": 141.0,
            "letter": 3.122892379760742,
            "letter_floor_in_batch": 0.0
          },
          {
            "batch": 142.0,
            "letter": 1.2042675018310547,
            "letter_floor_in_batch": 0.0
          },
          {
            "batch": 143.0,
            "letter": 1.2075238227844238,
            "letter_floor_in_batch": 0.0
          },
          {
            "batch": 144.0,
            "letter": 1.209399700164795,
            "letter_floor_in_batch": 0.0
          },
          {
            "batch": 145.0,
            "letter": 1.6725096702575684,
            "letter_floor_in_batch": 0.0
          },
          {
            "batch": 146.0,
            "letter": 1.6724886894226074,
            "letter_floor_in_batch": 0.0
          },
          {
            "batch": 147.0,
            "letter": 1.6777896881103516,
            "letter_floor_in_batch": 0.0
          },
          {
            "batch": 148.0,
            "letter": 1.8673524856567383,
            "letter_floor_in_batch": 0.0
          },
          {
            "batch": 149.0,
            "letter": 1.8678679466247559,
            "letter_floor_in_batch": 0.0
          },
          {
            "batch": 150.0,
            "letter": 3.131667137145996,
            "letter_floor_in_batch": 0.0
          },
          {
            "batch": 151.0,
            "letter": 1.564361572265625,
            "letter_floor_in_batch": 0.0
          },
          {
            "batch": 152.0,
            "letter": 1.2067856788635254,
            "letter_floor_in_batch": 0.0
          },
          {
            "batch": 153.0,
            "letter": 1.5658974647521973,
            "letter_floor_in_batch": 0.0
          },
          {
            "batch": 154.0,
            "letter": 1.2056565284729004,
            "letter_floor_in_batch": 0.0
          },
          {
            "batch": 155.0,
            "letter": 1.2075400352478027,
            "letter_floor_in_batch": 0.0
          },
          {
            "batch": 156.0,
            "letter": 1.6763286590576172,
            "letter_floor_in_batch": 0.0
          },
          {
            "batch": 157.0,
            "letter": 1.8693561553955078,
            "letter_floor_in_batch": 0.0
          },
          {
            "batch": 158.0,
            "letter": 1.6770339012145996,
            "letter_floor_in_batch": 0.0
          },
          {
            "batch": 159.0,
            "letter": 3.1338858604431152,
            "letter_floor_in_batch": 0.0
          },
          {
            "batch": 160.0,
            "letter": 1.868739128112793,
            "letter_floor_in_batch": 0.0
          },
          {
            "batch": 161.0,
            "letter": 1.5583758354187012,
            "letter_floor_in_batch": 0.0
          },
          {
            "batch": 162.0,
            "letter": 1.6771879196166992,
            "letter_floor_in_batch": 0.0
          },
          {
            "batch": 163.0,
            "letter": 1.5608205795288086,
            "letter_floor_in_batch": 0.0
          },
          {
            "batch": 164.0,
            "letter": 1.202746868133545,
            "letter_floor_in_batch": 0.0
          },
          {
            "batch": 165.0,
            "letter": 1.566877841949463,
            "letter_floor_in_batch": 0.0
          },
          {
            "batch": 166.0,
            "letter": 1.6702561378479004,
            "letter_floor_in_batch": 0.0
          },
          {
            "batch": 167.0,
            "letter": 1.2019309997558594,
            "letter_floor_in_batch": 0.0
          },
          {
            "batch": 168.0,
            "letter": 3.132526397705078,
            "letter_floor_in_batch": 0.0
          },
          {
            "batch": 169.0,
            "letter": 1.8676128387451172,
            "letter_floor_in_batch": 0.0
          },
          {
            "batch": 170.0,
            "letter": 1.677682876586914,
            "letter_floor_in_batch": 0.0
          },
          {
            "batch": 171.0,
            "letter": 1.8703789710998535,
            "letter_floor_in_batch": 0.0
          },
          {
            "batch": 172.0,
            "letter": 1.868696689605713,
            "letter_floor_in_batch": 0.0
          },
          {
            "batch": 173.0,
            "letter": 1.567028522491455,
            "letter_floor_in_batch": 0.0
          },
          {
            "batch": 174.0,
            "letter": 1.5651893615722656,
            "letter_floor_in_batch": 0.0
          },
          {
            "batch": 175.0,
            "letter": 1.5662288665771484,
            "letter_floor_in_batch": 0.0
          },
          {
            "batch": 176.0,
            "letter": 1.2061529159545898,
            "letter_floor_in_batch": 0.0
          },
          {
            "batch": 177.0,
            "letter": 1.5654983520507812,
            "letter_floor_in_batch": 0.0
          },
          {
            "batch": 178.0,
            "letter": 1.8643789291381836,
            "letter_floor_in_batch": 0.0
          },
          {
            "batch": 179.0,
            "letter": 1.5659313201904297,
            "letter_floor_in_batch": 0.0
          },
          {
            "batch": 180.0,
            "letter": 1.6769652366638184,
            "letter_floor_in_batch": 0.0
          },
          {
            "batch": 181.0,
            "letter": 1.867377758026123,
            "letter_floor_in_batch": 0.0
          },
          {
            "batch": 182.0,
            "letter": 1.6789679527282715,
            "letter_floor_in_batch": 0.0
          },
          {
            "batch": 183.0,
            "letter": 1.56553316116333,
            "letter_floor_in_batch": 0.0
          },
          {
            "batch": 184.0,
            "letter": 1.209397792816162,
            "letter_floor_in_batch": 0.0
          },
          {
            "batch": 185.0,
            "letter": 1.2049813270568848,
            "letter_floor_in_batch": 0.0
          },
          {
            "batch": 186.0,
            "letter": 3.1317763328552246,
            "letter_floor_in_batch": 0.0
          },
          {
            "batch": 187.0,
            "letter": 1.5650997161865234,
            "letter_floor_in_batch": 0.0
          },
          {
            "batch": 188.0,
            "letter": 1.5660629272460938,
            "letter_floor_in_batch": 0.0
          },
          {
            "batch": 189.0,
            "letter": 1.6681170463562012,
            "letter_floor_in_batch": 0.0
          },
          {
            "batch": 190.0,
            "letter": 1.2059707641601562,
            "letter_floor_in_batch": 0.0
          },
          {
            "batch": 191.0,
            "letter": 1.8640732765197754,
            "letter_floor_in_batch": 0.0
          },
          {
            "batch": 192.0,
            "letter": 1.5650691986083984,
            "letter_floor_in_batch": 0.0
          },
          {
            "batch": 193.0,
            "letter": 1.6680488586425781,
            "letter_floor_in_batch": 0.0
          },
          {
            "batch": 194.0,
            "letter": 1.8639287948608398,
            "letter_floor_in_batch": 0.0
          },
          {
            "batch": 195.0,
            "letter": 1.6734347343444824,
            "letter_floor_in_batch": 0.0
          },
          {
            "batch": 196.0,
            "letter": 1.5658268928527832,
            "letter_floor_in_batch": 0.0
          },
          {
            "batch": 197.0,
            "letter": 1.5605082511901855,
            "letter_floor_in_batch": 0.0
          },
          {
            "batch": 198.0,
            "letter": 1.672011375427246,
            "letter_floor_in_batch": 0.0
          },
          {
            "batch": 199.0,
            "letter": 1.2083425521850586,
            "letter_floor_in_batch": 0.0
          },
          {
            "batch": 200.0,
            "letter": 1.559260368347168,
            "letter_floor_in_batch": 0.0
          },
          {
            "batch": 201.0,
            "letter": 1.5651626586914062,
            "letter_floor_in_batch": 0.0
          },
          {
            "batch": 202.0,
            "letter": 1.2027277946472168,
            "letter_floor_in_batch": 0.0
          },
          {
            "batch": 203.0,
            "letter": 1.8684401512145996,
            "letter_floor_in_batch": 0.0
          },
          {
            "batch": 204.0,
            "letter": 1.8679637908935547,
            "letter_floor_in_batch": 0.0
          },
          {
            "batch": 205.0,
            "letter": 1.863882064819336,
            "letter_floor_in_batch": 0.0
          },
          {
            "batch": 206.0,
            "letter": 1.8666596412658691,
            "letter_floor_in_batch": 0.0
          },
          {
            "batch": 207.0,
            "letter": 1.2082123756408691,
            "letter_floor_in_batch": 0.0
          },
          {
            "batch": 208.0,
            "letter": 1.8633050918579102,
            "letter_floor_in_batch": 0.0
          },
          {
            "batch": 209.0,
            "letter": 1.566169261932373,
            "letter_floor_in_batch": 0.0
          },
          {
            "batch": 210.0,
            "letter": 1.210515022277832,
            "letter_floor_in_batch": 0.0
          },
          {
            "batch": 211.0,
            "letter": 1.56174898147583,
            "letter_floor_in_batch": 0.0
          },
          {
            "batch": 212.0,
            "letter": 1.2056078910827637,
            "letter_floor_in_batch": 0.0
          },
          {
            "batch": 213.0,
            "letter": 1.6768560409545898,
            "letter_floor_in_batch": 0.0
          },
          {
            "batch": 214.0,
            "letter": 1.5644001960754395,
            "letter_floor_in_batch": 0.0
          },
          {
            "batch": 215.0,
            "letter": 1.5651865005493164,
            "letter_floor_in_batch": 0.0
          },
          {
            "batch": 216.0,
            "letter": 1.564988613128662,
            "letter_floor_in_batch": 0.0
          },
          {
            "batch": 217.0,
            "letter": 1.6776385307312012,
            "letter_floor_in_batch": 0.0
          },
          {
            "batch": 218.0,
            "letter": 1.2076520919799805,
            "letter_floor_in_batch": 0.0
          },
          {
            "batch": 219.0,
            "letter": 1.676337718963623,
            "letter_floor_in_batch": 0.0
          },
          {
            "batch": 220.0,
            "letter": 1.8673362731933594,
            "letter_floor_in_batch": 0.0
          },
          {
            "batch": 221.0,
            "letter": 1.5650291442871094,
            "letter_floor_in_batch": 0.0
          },
          {
            "batch": 222.0,
            "letter": 1.2091641426086426,
            "letter_floor_in_batch": 0.0
          },
          {
            "batch": 223.0,
            "letter": 1.208430290222168,
            "letter_floor_in_batch": 0.0
          },
          {
            "batch": 224.0,
            "letter": 1.6762032508850098,
            "letter_floor_in_batch": 0.0
          },
          {
            "batch": 225.0,
            "letter": 1.677717685699463,
            "letter_floor_in_batch": 0.0
          },
          {
            "batch": 226.0,
            "letter": 3.131713390350342,
            "letter_floor_in_batch": 0.0
          },
          {
            "batch": 227.0,
            "letter": 1.8632502555847168,
            "letter_floor_in_batch": 0.0
          },
          {
            "batch": 228.0,
            "letter": 1.5671577453613281,
            "letter_floor_in_batch": 0.0
          },
          {
            "batch": 229.0,
            "letter": 1.5584416389465332,
            "letter_floor_in_batch": 0.0
          },
          {
            "batch": 230.0,
            "letter": 1.8683242797851562,
            "letter_floor_in_batch": 0.0
          },
          {
            "batch": 231.0,
            "letter": 1.560594081878662,
            "letter_floor_in_batch": 0.0
          },
          {
            "batch": 232.0,
            "letter": 3.126939296722412,
            "letter_floor_in_batch": 0.0
          },
          {
            "batch": 233.0,
            "letter": 1.5656819343566895,
            "letter_floor_in_batch": 0.0
          },
          {
            "batch": 234.0,
            "letter": 1.5623674392700195,
            "letter_floor_in_batch": 0.0
          },
          {
            "batch": 235.0,
            "letter": 1.565958023071289,
            "letter_floor_in_batch": 0.0
          },
          {
            "batch": 236.0,
            "letter": 1.5618138313293457,
            "letter_floor_in_batch": 0.0
          },
          {
            "batch": 237.0,
            "letter": 1.2019472122192383,
            "letter_floor_in_batch": 0.0
          },
          {
            "batch": 238.0,
            "letter": 3.1327199935913086,
            "letter_floor_in_batch": 0.0
          },
          {
            "batch": 239.0,
            "letter": 1.5661640167236328,
            "letter_floor_in_batch": 0.0
          },
          {
            "batch": 240.0,
            "letter": 1.676145076751709,
            "letter_floor_in_batch": 0.0
          },
          {
            "batch": 241.0,
            "letter": 1.564453125,
            "letter_floor_in_batch": 0.0
          },
          {
            "batch": 242.0,
            "letter": 1.563915729522705,
            "letter_floor_in_batch": 0.0
          },
          {
            "batch": 243.0,
            "letter": 1.8689618110656738,
            "letter_floor_in_batch": 0.0
          },
          {
            "batch": 244.0,
            "letter": 1.2027525901794434,
            "letter_floor_in_batch": 0.0
          },
          {
            "batch": 245.0,
            "letter": 1.2062549591064453,
            "letter_floor_in_batch": 0.0
          },
          {
            "batch": 246.0,
            "letter": 1.2033348083496094,
            "letter_floor_in_batch": 0.0
          },
          {
            "batch": 247.0,
            "letter": 1.2027688026428223,
            "letter_floor_in_batch": 0.0
          },
          {
            "batch": 248.0,
            "letter": 1.209749698638916,
            "letter_floor_in_batch": 0.0
          },
          {
            "batch": 249.0,
            "letter": 1.8681225776672363,
            "letter_floor_in_batch": 0.0
          },
          {
            "batch": 250.0,
            "letter": 1.6753301620483398,
            "letter_floor_in_batch": 0.0
          },
          {
            "batch": 251.0,
            "letter": 1.6760072708129883,
            "letter_floor_in_batch": 0.0
          },
          {
            "batch": 252.0,
            "letter": 3.122753620147705,
            "letter_floor_in_batch": 0.0
          },
          {
            "batch": 253.0,
            "letter": 1.863804817199707,
            "letter_floor_in_batch": 0.0
          },
          {
            "batch": 254.0,
            "letter": 1.5651111602783203,
            "letter_floor_in_batch": 0.0
          },
          {
            "batch": 255.0,
            "letter": 1.6756887435913086,
            "letter_floor_in_batch": 0.0
          },
          {
            "batch": 256.0,
            "letter": 1.676633358001709,
            "letter_floor_in_batch": 0.0
          },
          {
            "batch": 257.0,
            "letter": 1.8688673973083496,
            "letter_floor_in_batch": 0.0
          },
          {
            "batch": 258.0,
            "letter": 1.206554889678955,
            "letter_floor_in_batch": 0.0
          },
          {
            "batch": 259.0,
            "letter": 3.132613182067871,
            "letter_floor_in_batch": 0.0
          },
          {
            "batch": 260.0,
            "letter": 1.6810235977172852,
            "letter_floor_in_batch": 0.0
          },
          {
            "batch": 261.0,
            "letter": 1.5638279914855957,
            "letter_floor_in_batch": 0.0
          },
          {
            "batch": 262.0,
            "letter": 1.2027864456176758,
            "letter_floor_in_batch": 0.0
          },
          {
            "batch": 263.0,
            "letter": 1.6770038604736328,
            "letter_floor_in_batch": 0.0
          },
          {
            "batch": 264.0,
            "letter": 1.6702451705932617,
            "letter_floor_in_batch": 0.0
          },
          {
            "batch": 265.0,
            "letter": 1.868105411529541,
            "letter_floor_in_batch": 0.0
          },
          {
            "batch": 266.0,
            "letter": 1.863999366760254,
            "letter_floor_in_batch": 0.0
          },
          {
            "batch": 267.0,
            "letter": 1.2055954933166504,
            "letter_floor_in_batch": 0.0
          },
          {
            "batch": 268.0,
            "letter": 1.6777348518371582,
            "letter_floor_in_batch": 0.0
          },
          {
            "batch": 269.0,
            "letter": 1.5622053146362305,
            "letter_floor_in_batch": 0.0
          },
          {
            "batch": 270.0,
            "letter": 1.8676328659057617,
            "letter_floor_in_batch": 0.0
          },
          {
            "batch": 271.0,
            "letter": 1.8705544471740723,
            "letter_floor_in_batch": 0.0
          },
          {
            "batch": 272.0,
            "letter": 1.5630731582641602,
            "letter_floor_in_batch": 0.0
          },
          {
            "batch": 273.0,
            "letter": 1.5603814125061035,
            "letter_floor_in_batch": 0.0
          },
          {
            "batch": 274.0,
            "letter": 1.5618762969970703,
            "letter_floor_in_batch": 0.0
          },
          {
            "batch": 275.0,
            "letter": 1.2029805183410645,
            "letter_floor_in_batch": 0.0
          },
          {
            "batch": 276.0,
            "letter": 1.676154613494873,
            "letter_floor_in_batch": 0.0
          },
          {
            "batch": 277.0,
            "letter": 1.677687644958496,
            "letter_floor_in_batch": 0.0
          },
          {
            "batch": 278.0,
            "letter": 1.206716537475586,
            "letter_floor_in_batch": 0.0
          },
          {
            "batch": 279.0,
            "letter": 1.862299919128418,
            "letter_floor_in_batch": 0.0
          },
          {
            "batch": 280.0,
            "letter": 1.6757431030273438,
            "letter_floor_in_batch": 0.0
          },
          {
            "batch": 281.0,
            "letter": 1.5661497116088867,
            "letter_floor_in_batch": 0.0
          },
          {
            "batch": 282.0,
            "letter": 1.6712532043457031,
            "letter_floor_in_batch": 0.0
          },
          {
            "batch": 283.0,
            "letter": 1.206939697265625,
            "letter_floor_in_batch": 0.0
          },
          {
            "batch": 284.0,
            "letter": 1.6768360137939453,
            "letter_floor_in_batch": 0.0
          },
          {
            "batch": 285.0,
            "letter": 1.863879680633545,
            "letter_floor_in_batch": 0.0
          },
          {
            "batch": 286.0,
            "letter": 3.1269330978393555,
            "letter_floor_in_batch": 0.0
          },
          {
            "batch": 287.0,
            "letter": 1.6824312210083008,
            "letter_floor_in_batch": 0.0
          },
          {
            "batch": 288.0,
            "letter": 3.128648281097412,
            "letter_floor_in_batch": 0.0
          },
          {
            "batch": 289.0,
            "letter": 1.5655522346496582,
            "letter_floor_in_batch": 0.0
          },
          {
            "batch": 290.0,
            "letter": 1.206186294555664,
            "letter_floor_in_batch": 0.0
          },
          {
            "batch": 291.0,
            "letter": 1.2075138092041016,
            "letter_floor_in_batch": 0.0
          },
          {
            "batch": 292.0,
            "letter": 1.6762261390686035,
            "letter_floor_in_batch": 0.0
          },
          {
            "batch": 293.0,
            "letter": 1.6710891723632812,
            "letter_floor_in_batch": 0.0
          },
          {
            "batch": 294.0,
            "letter": 1.5616374015808105,
            "letter_floor_in_batch": 0.0
          },
          {
            "batch": 295.0,
            "letter": 1.5666069984436035,
            "letter_floor_in_batch": 0.0
          },
          {
            "batch": 296.0,
            "letter": 1.6762642860412598,
            "letter_floor_in_batch": 0.0
          },
          {
            "batch": 297.0,
            "letter": 1.5604677200317383,
            "letter_floor_in_batch": 0.0
          },
          {
            "batch": 298.0,
            "letter": 1.6788544654846191,
            "letter_floor_in_batch": 0.0
          },
          {
            "batch": 299.0,
            "letter": 3.122851848602295,
            "letter_floor_in_batch": 0.0
          },
          {
            "batch": 300.0,
            "letter": 1.208540439605713,
            "letter_floor_in_batch": 0.0
          },
          {
            "batch": 301.0,
            "letter": 3.131941318511963,
            "letter_floor_in_batch": 0.0
          },
          {
            "batch": 302.0,
            "letter": 1.2067527770996094,
            "letter_floor_in_batch": 0.0
          },
          {
            "batch": 303.0,
            "letter": 1.8666067123413086,
            "letter_floor_in_batch": 0.0
          },
          {
            "batch": 304.0,
            "letter": 1.8646035194396973,
            "letter_floor_in_batch": 0.0
          },
          {
            "batch": 305.0,
            "letter": 1.671154499053955,
            "letter_floor_in_batch": 0.0
          },
          {
            "batch": 306.0,
            "letter": 1.2046689987182617,
            "letter_floor_in_batch": 0.0
          },
          {
            "batch": 307.0,
            "letter": 1.5651874542236328,
            "letter_floor_in_batch": 0.0
          },
          {
            "batch": 308.0,
            "letter": 1.5661215782165527,
            "letter_floor_in_batch": 0.0
          },
          {
            "batch": 309.0,
            "letter": 1.5644469261169434,
            "letter_floor_in_batch": 0.0
          },
          {
            "batch": 310.0,
            "letter": 1.6766562461853027,
            "letter_floor_in_batch": 0.0
          },
          {
            "batch": 311.0,
            "letter": 1.6813678741455078,
            "letter_floor_in_batch": 0.0
          },
          {
            "batch": 312.0,
            "letter": 1.2057414054870605,
            "letter_floor_in_batch": 0.0
          },
          {
            "batch": 313.0,
            "letter": 1.56535005569458,
            "letter_floor_in_batch": 0.0
          },
          {
            "batch": 314.0,
            "letter": 1.210402488708496,
            "letter_floor_in_batch": 0.0
          },
          {
            "batch": 315.0,
            "letter": 1.8680224418640137,
            "letter_floor_in_batch": 0.0
          },
          {
            "batch": 316.0,
            "letter": 1.2070531845092773,
            "letter_floor_in_batch": 0.0
          },
          {
            "batch": 317.0,
            "letter": 1.5656986236572266,
            "letter_floor_in_batch": 0.0
          },
          {
            "batch": 318.0,
            "letter": 1.2028264999389648,
            "letter_floor_in_batch": 0.0
          },
          {
            "batch": 319.0,
            "letter": 1.2061772346496582,
            "letter_floor_in_batch": 0.0
          },
          {
            "batch": 320.0,
            "letter": 1.867410659790039,
            "letter_floor_in_batch": 0.0
          },
          {
            "batch": 321.0,
            "letter": 1.671107292175293,
            "letter_floor_in_batch": 0.0
          },
          {
            "batch": 322.0,
            "letter": 1.8678011894226074,
            "letter_floor_in_batch": 0.0
          },
          {
            "batch": 323.0,
            "letter": 1.5619215965270996,
            "letter_floor_in_batch": 0.0
          },
          {
            "batch": 324.0,
            "letter": 1.5668683052062988,
            "letter_floor_in_batch": 0.0
          },
          {
            "batch": 325.0,
            "letter": 1.8675470352172852,
            "letter_floor_in_batch": 0.0
          },
          {
            "batch": 326.0,
            "letter": 1.8673362731933594,
            "letter_floor_in_batch": 0.0
          },
          {
            "batch": 327.0,
            "letter": 1.6790647506713867,
            "letter_floor_in_batch": 0.0
          },
          {
            "batch": 328.0,
            "letter": 1.206763744354248,
            "letter_floor_in_batch": 0.0
          },
          {
            "batch": 329.0,
            "letter": 1.2041540145874023,
            "letter_floor_in_batch": 0.0
          },
          {
            "batch": 330.0,
            "letter": 1.5629568099975586,
            "letter_floor_in_batch": 0.0
          },
          {
            "batch": 331.0,
            "letter": 1.8647708892822266,
            "letter_floor_in_batch": 0.0
          },
          {
            "batch": 332.0,
            "letter": 1.5645599365234375,
            "letter_floor_in_batch": 0.0
          },
          {
            "batch": 333.0,
            "letter": 1.682929515838623,
            "letter_floor_in_batch": 0.0
          },
          {
            "batch": 334.0,
            "letter": 1.2060418128967285,
            "letter_floor_in_batch": 0.0
          },
          {
            "batch": 335.0,
            "letter": 1.2029285430908203,
            "letter_floor_in_batch": 0.0
          },
          {
            "batch": 336.0,
            "letter": 1.674511432647705,
            "letter_floor_in_batch": 0.0
          },
          {
            "batch": 337.0,
            "letter": 1.5618343353271484,
            "letter_floor_in_batch": 0.0
          },
          {
            "batch": 338.0,
            "letter": 1.565615177154541,
            "letter_floor_in_batch": 0.0
          },
          {
            "batch": 339.0,
            "letter": 1.8633618354797363,
            "letter_floor_in_batch": 0.0
          },
          {
            "batch": 340.0,
            "letter": 1.5618743896484375,
            "letter_floor_in_batch": 0.0
          },
          {
            "batch": 341.0,
            "letter": 1.67680025100708,
            "letter_floor_in_batch": 0.0
          },
          {
            "batch": 342.0,
            "letter": 1.208545207977295,
            "letter_floor_in_batch": 0.0
          },
          {
            "batch": 343.0,
            "letter": 1.6764931678771973,
            "letter_floor_in_batch": 0.0
          },
          {
            "batch": 344.0,
            "letter": 1.204024314880371,
            "letter_floor_in_batch": 0.0
          },
          {
            "batch": 345.0,
            "letter": 1.867588996887207,
            "letter_floor_in_batch": 0.0
          },
          {
            "batch": 346.0,
            "letter": 1.8681421279907227,
            "letter_floor_in_batch": 0.0
          },
          {
            "batch": 347.0,
            "letter": 1.6828174591064453,
            "letter_floor_in_batch": 0.0
          },
          {
            "batch": 348.0,
            "letter": 1.5619707107543945,
            "letter_floor_in_batch": 0.0
          },
          {
            "batch": 349.0,
            "letter": 1.2114605903625488,
            "letter_floor_in_batch": 0.0
          },
          {
            "batch": 350.0,
            "letter": 1.208317756652832,
            "letter_floor_in_batch": 0.0
          },
          {
            "batch": 351.0,
            "letter": 1.5602221488952637,
            "letter_floor_in_batch": 0.0
          },
          {
            "batch": 352.0,
            "letter": 1.5662717819213867,
            "letter_floor_in_batch": 0.0
          },
          {
            "batch": 353.0,
            "letter": 1.2072429656982422,
            "letter_floor_in_batch": 0.0
          },
          {
            "batch": 354.0,
            "letter": 1.5658602714538574,
            "letter_floor_in_batch": 0.0
          },
          {
            "batch": 355.0,
            "letter": 1.563845157623291,
            "letter_floor_in_batch": 0.0
          },
          {
            "batch": 356.0,
            "letter": 1.674595832824707,
            "letter_floor_in_batch": 0.0
          },
          {
            "batch": 357.0,
            "letter": 1.2081103324890137,
            "letter_floor_in_batch": 0.0
          },
          {
            "batch": 358.0,
            "letter": 1.8685054779052734,
            "letter_floor_in_batch": 0.0
          },
          {
            "batch": 359.0,
            "letter": 1.2089972496032715,
            "letter_floor_in_batch": 0.0
          },
          {
            "batch": 360.0,
            "letter": 1.6757721900939941,
            "letter_floor_in_batch": 0.0
          },
          {
            "batch": 361.0,
            "letter": 1.2072620391845703,
            "letter_floor_in_batch": 0.0
          },
          {
            "batch": 362.0,
            "letter": 1.2070579528808594,
            "letter_floor_in_batch": 0.0
          },
          {
            "batch": 363.0,
            "letter": 1.2067060470581055,
            "letter_floor_in_batch": 0.0
          },
          {
            "batch": 364.0,
            "letter": 1.5651488304138184,
            "letter_floor_in_batch": 0.0
          },
          {
            "batch": 365.0,
            "letter": 1.209418773651123,
            "letter_floor_in_batch": 0.0
          },
          {
            "batch": 366.0,
            "letter": 1.207493782043457,
            "letter_floor_in_batch": 0.0
          },
          {
            "batch": 367.0,
            "letter": 1.5655579566955566,
            "letter_floor_in_batch": 0.0
          },
          {
            "batch": 368.0,
            "letter": 3.1268420219421387,
            "letter_floor_in_batch": 0.0
          },
          {
            "batch": 369.0,
            "letter": 1.675401210784912,
            "letter_floor_in_batch": 0.0
          },
          {
            "batch": 370.0,
            "letter": 1.2069416046142578,
            "letter_floor_in_batch": 0.0
          },
          {
            "batch": 371.0,
            "letter": 1.2094430923461914,
            "letter_floor_in_batch": 0.0
          },
          {
            "batch": 372.0,
            "letter": 1.5642547607421875,
            "letter_floor_in_batch": 0.0
          },
          {
            "batch": 373.0,
            "letter": 1.678964614868164,
            "letter_floor_in_batch": 0.0
          },
          {
            "batch": 374.0,
            "letter": 3.133909225463867,
            "letter_floor_in_batch": 0.0
          },
          {
            "batch": 375.0,
            "letter": 1.5666999816894531,
            "letter_floor_in_batch": 0.0
          },
          {
            "batch": 376.0,
            "letter": 1.5670166015625,
            "letter_floor_in_batch": 0.0
          },
          {
            "batch": 377.0,
            "letter": 1.56581449508667,
            "letter_floor_in_batch": 0.0
          },
          {
            "batch": 378.0,
            "letter": 1.5647549629211426,
            "letter_floor_in_batch": 0.0
          },
          {
            "batch": 379.0,
            "letter": 1.208235740661621,
            "letter_floor_in_batch": 0.0
          },
          {
            "batch": 380.0,
            "letter": 1.5653877258300781,
            "letter_floor_in_batch": 0.0
          },
          {
            "batch": 381.0,
            "letter": 1.6780986785888672,
            "letter_floor_in_batch": 0.0
          },
          {
            "batch": 382.0,
            "letter": 1.6777153015136719,
            "letter_floor_in_batch": 0.0
          },
          {
            "batch": 383.0,
            "letter": 3.1286091804504395,
            "letter_floor_in_batch": 0.0
          },
          {
            "batch": 384.0,
            "letter": 1.206784725189209,
            "letter_floor_in_batch": 0.0
          },
          {
            "batch": 385.0,
            "letter": 1.8673758506774902,
            "letter_floor_in_batch": 0.0
          },
          {
            "batch": 386.0,
            "letter": 1.5652656555175781,
            "letter_floor_in_batch": 0.0
          },
          {
            "batch": 387.0,
            "letter": 1.5616521835327148,
            "letter_floor_in_batch": 0.0
          },
          {
            "batch": 388.0,
            "letter": 1.5628690719604492,
            "letter_floor_in_batch": 0.0
          },
          {
            "batch": 389.0,
            "letter": 1.5668659210205078,
            "letter_floor_in_batch": 0.0
          },
          {
            "batch": 390.0,
            "letter": 1.5715489387512207,
            "letter_floor_in_batch": 0.0
          },
          {
            "batch": 391.0,
            "letter": 1.863800048828125,
            "letter_floor_in_batch": 0.0
          },
          {
            "batch": 392.0,
            "letter": 1.2033414840698242,
            "letter_floor_in_batch": 0.0
          },
          {
            "batch": 393.0,
            "letter": 1.862236499786377,
            "letter_floor_in_batch": 0.0
          },
          {
            "batch": 394.0,
            "letter": 1.6735773086547852,
            "letter_floor_in_batch": 0.0
          },
          {
            "batch": 395.0,
            "letter": 1.5667147636413574,
            "letter_floor_in_batch": 0.0
          },
          {
            "batch": 396.0,
            "letter": 1.8669438362121582,
            "letter_floor_in_batch": 0.0
          },
          {
            "batch": 397.0,
            "letter": 1.867964744567871,
            "letter_floor_in_batch": 0.0
          },
          {
            "batch": 398.0,
            "letter": 1.8638372421264648,
            "letter_floor_in_batch": 0.0
          },
          {
            "batch": 399.0,
            "letter": 1.5633049011230469,
            "letter_floor_in_batch": 0.0
          },
          {
            "batch": 400.0,
            "letter": 1.6724987030029297,
            "letter_floor_in_batch": 0.0
          },
          {
            "batch": 401.0,
            "letter": 1.5669302940368652,
            "letter_floor_in_batch": 0.0
          },
          {
            "batch": 402.0,
            "letter": 1.2080621719360352,
            "letter_floor_in_batch": 0.0
          },
          {
            "batch": 403.0,
            "letter": 1.6742229461669922,
            "letter_floor_in_batch": 0.0
          },
          {
            "batch": 404.0,
            "letter": 1.6777186393737793,
            "letter_floor_in_batch": 0.0
          },
          {
            "batch": 405.0,
            "letter": 1.2041220664978027,
            "letter_floor_in_batch": 0.0
          },
          {
            "batch": 406.0,
            "letter": 1.2093939781188965,
            "letter_floor_in_batch": 0.0
          },
          {
            "batch": 407.0,
            "letter": 1.868248462677002,
            "letter_floor_in_batch": 0.0
          },
          {
            "batch": 408.0,
            "letter": 1.6751008033752441,
            "letter_floor_in_batch": 0.0
          },
          {
            "batch": 409.0,
            "letter": 1.2065467834472656,
            "letter_floor_in_batch": 0.0
          },
          {
            "batch": 410.0,
            "letter": 1.6778240203857422,
            "letter_floor_in_batch": 0.0
          },
          {
            "batch": 411.0,
            "letter": 1.2068867683410645,
            "letter_floor_in_batch": 0.0
          },
          {
            "batch": 412.0,
            "letter": 1.6720237731933594,
            "letter_floor_in_batch": 0.0
          },
          {
            "batch": 413.0,
            "letter": 1.5659174919128418,
            "letter_floor_in_batch": 0.0
          },
          {
            "batch": 414.0,
            "letter": 1.5604958534240723,
            "letter_floor_in_batch": 0.0
          },
          {
            "batch": 415.0,
            "letter": 1.6768426895141602,
            "letter_floor_in_batch": 0.0
          },
          {
            "batch": 416.0,
            "letter": 1.6712684631347656,
            "letter_floor_in_batch": 0.0
          },
          {
            "batch": 417.0,
            "letter": 1.8681745529174805,
            "letter_floor_in_batch": 0.0
          },
          {
            "batch": 418.0,
            "letter": 1.6810011863708496,
            "letter_floor_in_batch": 0.0
          },
          {
            "batch": 419.0,
            "letter": 1.2074875831604004,
            "letter_floor_in_batch": 0.0
          },
          {
            "batch": 420.0,
            "letter": 1.2044239044189453,
            "letter_floor_in_batch": 0.0
          },
          {
            "batch": 421.0,
            "letter": 1.8687472343444824,
            "letter_floor_in_batch": 0.0
          },
          {
            "batch": 422.0,
            "letter": 1.5618586540222168,
            "letter_floor_in_batch": 0.0
          },
          {
            "batch": 423.0,
            "letter": 1.6767168045043945,
            "letter_floor_in_batch": 0.0
          },
          {
            "batch": 424.0,
            "letter": 1.5651750564575195,
            "letter_floor_in_batch": 0.0
          },
          {
            "batch": 425.0,
            "letter": 1.6758036613464355,
            "letter_floor_in_batch": 0.0
          },
          {
            "batch": 426.0,
            "letter": 1.8689165115356445,
            "letter_floor_in_batch": 0.0
          },
          {
            "batch": 427.0,
            "letter": 1.6764569282531738,
            "letter_floor_in_batch": 0.0
          },
          {
            "batch": 428.0,
            "letter": 1.8647174835205078,
            "letter_floor_in_batch": 0.0
          },
          {
            "batch": 429.0,
            "letter": 1.6776280403137207,
            "letter_floor_in_batch": 0.0
          },
          {
            "batch": 430.0,
            "letter": 1.8697433471679688,
            "letter_floor_in_batch": 0.0
          },
          {
            "batch": 431.0,
            "letter": 1.2065963745117188,
            "letter_floor_in_batch": 0.0
          },
          {
            "batch": 432.0,
            "letter": 1.6764330863952637,
            "letter_floor_in_batch": 0.0
          },
          {
            "batch": 433.0,
            "letter": 1.204979419708252,
            "letter_floor_in_batch": 0.0
          },
          {
            "batch": 434.0,
            "letter": 1.564316749572754,
            "letter_floor_in_batch": 0.0
          },
          {
            "batch": 435.0,
            "letter": 1.672098159790039,
            "letter_floor_in_batch": 0.0
          },
          {
            "batch": 436.0,
            "letter": 1.6770930290222168,
            "letter_floor_in_batch": 0.0
          },
          {
            "batch": 437.0,
            "letter": 3.136173725128174,
            "letter_floor_in_batch": 0.0
          },
          {
            "batch": 438.0,
            "letter": 1.2071657180786133,
            "letter_floor_in_batch": 0.0
          },
          {
            "batch": 439.0,
            "letter": 1.671116828918457,
            "letter_floor_in_batch": 0.0
          },
          {
            "batch": 440.0,
            "letter": 3.1230077743530273,
            "letter_floor_in_batch": 0.0
          },
          {
            "batch": 441.0,
            "letter": 1.5651564598083496,
            "letter_floor_in_batch": 0.0
          },
          {
            "batch": 442.0,
            "letter": 1.6770920753479004,
            "letter_floor_in_batch": 0.0
          },
          {
            "batch": 443.0,
            "letter": 1.6744136810302734,
            "letter_floor_in_batch": 0.0
          },
          {
            "batch": 444.0,
            "letter": 1.8681259155273438,
            "letter_floor_in_batch": 0.0
          },
          {
            "batch": 445.0,
            "letter": 1.8694486618041992,
            "letter_floor_in_batch": 0.0
          },
          {
            "batch": 446.0,
            "letter": 1.5659427642822266,
            "letter_floor_in_batch": 0.0
          },
          {
            "batch": 447.0,
            "letter": 1.8668723106384277,
            "letter_floor_in_batch": 0.0
          },
          {
            "batch": 448.0,
            "letter": 1.5604066848754883,
            "letter_floor_in_batch": 0.0
          },
          {
            "batch": 449.0,
            "letter": 1.8672943115234375,
            "letter_floor_in_batch": 0.0
          },
          {
            "batch": 450.0,
            "letter": 1.205671787261963,
            "letter_floor_in_batch": 0.0
          },
          {
            "batch": 451.0,
            "letter": 1.8674945831298828,
            "letter_floor_in_batch": 0.0
          },
          {
            "batch": 452.0,
            "letter": 1.8726515769958496,
            "letter_floor_in_batch": 0.0
          },
          {
            "batch": 453.0,
            "letter": 3.1369853019714355,
            "letter_floor_in_batch": 0.0
          },
          {
            "batch": 454.0,
            "letter": 1.2081756591796875,
            "letter_floor_in_batch": 0.0
          },
          {
            "batch": 455.0,
            "letter": 1.867447853088379,
            "letter_floor_in_batch": 0.0
          },
          {
            "batch": 456.0,
            "letter": 1.2069296836853027,
            "letter_floor_in_batch": 0.0
          },
          {
            "batch": 457.0,
            "letter": 1.5642218589782715,
            "letter_floor_in_batch": 0.0
          },
          {
            "batch": 458.0,
            "letter": 1.2068119049072266,
            "letter_floor_in_batch": 0.0
          },
          {
            "batch": 459.0,
            "letter": 1.564478874206543,
            "letter_floor_in_batch": 0.0
          },
          {
            "batch": 460.0,
            "letter": 1.2076091766357422,
            "letter_floor_in_batch": 0.0
          },
          {
            "batch": 461.0,
            "letter": 1.2078804969787598,
            "letter_floor_in_batch": 0.0
          },
          {
            "batch": 462.0,
            "letter": 1.8727726936340332,
            "letter_floor_in_batch": 0.0
          },
          {
            "batch": 463.0,
            "letter": 3.1362438201904297,
            "letter_floor_in_batch": 0.0
          },
          {
            "batch": 464.0,
            "letter": 1.8638410568237305,
            "letter_floor_in_batch": 0.0
          },
          {
            "batch": 465.0,
            "letter": 3.1363306045532227,
            "letter_floor_in_batch": 0.0
          },
          {
            "batch": 466.0,
            "letter": 3.1327624320983887,
            "letter_floor_in_batch": 0.0
          },
          {
            "batch": 467.0,
            "letter": 1.6788201332092285,
            "letter_floor_in_batch": 0.0
          },
          {
            "batch": 468.0,
            "letter": 1.566535472869873,
            "letter_floor_in_batch": 0.0
          },
          {
            "batch": 469.0,
            "letter": 1.8699073791503906,
            "letter_floor_in_batch": 0.0
          },
          {
            "batch": 470.0,
            "letter": 1.2083501815795898,
            "letter_floor_in_batch": 0.0
          },
          {
            "batch": 471.0,
            "letter": 1.6828265190124512,
            "letter_floor_in_batch": 0.0
          },
          {
            "batch": 472.0,
            "letter": 1.5632305145263672,
            "letter_floor_in_batch": 0.0
          },
          {
            "batch": 473.0,
            "letter": 1.5664267539978027,
            "letter_floor_in_batch": 0.0
          },
          {
            "batch": 474.0,
            "letter": 3.133425712585449,
            "letter_floor_in_batch": 0.0
          },
          {
            "batch": 475.0,
            "letter": 3.122690200805664,
            "letter_floor_in_batch": 0.0
          },
          {
            "batch": 476.0,
            "letter": 1.5657849311828613,
            "letter_floor_in_batch": 0.0
          },
          {
            "batch": 477.0,
            "letter": 1.676302433013916,
            "letter_floor_in_batch": 0.0
          },
          {
            "batch": 478.0,
            "letter": 1.674252986907959,
            "letter_floor_in_batch": 0.0
          },
          {
            "batch": 479.0,
            "letter": 1.6764864921569824,
            "letter_floor_in_batch": 0.0
          },
          {
            "batch": 480.0,
            "letter": 1.5652976036071777,
            "letter_floor_in_batch": 0.0
          },
          {
            "batch": 481.0,
            "letter": 1.5620789527893066,
            "letter_floor_in_batch": 0.0
          },
          {
            "batch": 482.0,
            "letter": 1.867997169494629,
            "letter_floor_in_batch": 0.0
          },
          {
            "batch": 483.0,
            "letter": 1.8638949394226074,
            "letter_floor_in_batch": 0.0
          },
          {
            "batch": 484.0,
            "letter": 1.6729116439819336,
            "letter_floor_in_batch": 0.0
          },
          {
            "batch": 485.0,
            "letter": 1.8691978454589844,
            "letter_floor_in_batch": 0.0
          },
          {
            "batch": 486.0,
            "letter": 1.2078232765197754,
            "letter_floor_in_batch": 0.0
          },
          {
            "batch": 487.0,
            "letter": 1.5670933723449707,
            "letter_floor_in_batch": 0.0
          },
          {
            "batch": 488.0,
            "letter": 1.6772112846374512,
            "letter_floor_in_batch": 0.0
          },
          {
            "batch": 489.0,
            "letter": 1.6737842559814453,
            "letter_floor_in_batch": 0.0
          },
          {
            "batch": 490.0,
            "letter": 1.2080097198486328,
            "letter_floor_in_batch": 0.0
          },
          {
            "batch": 491.0,
            "letter": 3.132296085357666,
            "letter_floor_in_batch": 0.0
          },
          {
            "batch": 492.0,
            "letter": 1.8682703971862793,
            "letter_floor_in_batch": 0.0
          },
          {
            "batch": 493.0,
            "letter": 1.2061214447021484,
            "letter_floor_in_batch": 0.0
          },
          {
            "batch": 494.0,
            "letter": 1.204453945159912,
            "letter_floor_in_batch": 0.0
          },
          {
            "batch": 495.0,
            "letter": 1.2081685066223145,
            "letter_floor_in_batch": 0.0
          },
          {
            "batch": 496.0,
            "letter": 1.8704986572265625,
            "letter_floor_in_batch": 0.0
          },
          {
            "batch": 497.0,
            "letter": 3.136584758758545,
            "letter_floor_in_batch": 0.0
          },
          {
            "batch": 498.0,
            "letter": 1.206955909729004,
            "letter_floor_in_batch": 0.0
          },
          {
            "batch": 499.0,
            "letter": 1.6810083389282227,
            "letter_floor_in_batch": 0.0
          },
          {
            "batch": 500.0,
            "letter": 1.2103686332702637,
            "letter_floor_in_batch": 0.0
          },
          {
            "batch": 501.0,
            "letter": 1.868628978729248,
            "letter_floor_in_batch": 0.0
          },
          {
            "batch": 502.0,
            "letter": 3.132659435272217,
            "letter_floor_in_batch": 0.0
          },
          {
            "batch": 503.0,
            "letter": 1.6762018203735352,
            "letter_floor_in_batch": 0.0
          },
          {
            "batch": 504.0,
            "letter": 1.2081608772277832,
            "letter_floor_in_batch": 0.0
          },
          {
            "batch": 505.0,
            "letter": 1.867635726928711,
            "letter_floor_in_batch": 0.0
          },
          {
            "batch": 506.0,
            "letter": 1.8685479164123535,
            "letter_floor_in_batch": 0.0
          },
          {
            "batch": 507.0,
            "letter": 1.207021713256836,
            "letter_floor_in_batch": 0.0
          },
          {
            "batch": 508.0,
            "letter": 1.8679399490356445,
            "letter_floor_in_batch": 0.0
          },
          {
            "batch": 509.0,
            "letter": 1.5631017684936523,
            "letter_floor_in_batch": 0.0
          },
          {
            "batch": 510.0,
            "letter": 1.8674917221069336,
            "letter_floor_in_batch": 0.0
          },
          {
            "batch": 511.0,
            "letter": 1.2056050300598145,
            "letter_floor_in_batch": 0.0
          },
          {
            "batch": 512.0,
            "letter": 1.6760048866271973,
            "letter_floor_in_batch": 0.0
          },
          {
            "batch": 513.0,
            "letter": 1.5679264068603516,
            "letter_floor_in_batch": 0.0
          },
          {
            "batch": 514.0,
            "letter": 1.6789932250976562,
            "letter_floor_in_batch": 0.0
          },
          {
            "batch": 515.0,
            "letter": 1.5633878707885742,
            "letter_floor_in_batch": 0.0
          },
          {
            "batch": 516.0,
            "letter": 1.8727240562438965,
            "letter_floor_in_batch": 0.0
          },
          {
            "batch": 517.0,
            "letter": 1.2080283164978027,
            "letter_floor_in_batch": 0.0
          },
          {
            "batch": 518.0,
            "letter": 1.6760025024414062,
            "letter_floor_in_batch": 0.0
          },
          {
            "batch": 519.0,
            "letter": 1.2087135314941406,
            "letter_floor_in_batch": 0.0
          },
          {
            "batch": 520.0,
            "letter": 1.6828298568725586,
            "letter_floor_in_batch": 0.0
          },
          {
            "batch": 521.0,
            "letter": 1.8673129081726074,
            "letter_floor_in_batch": 0.0
          },
          {
            "batch": 522.0,
            "letter": 1.8670692443847656,
            "letter_floor_in_batch": 0.0
          },
          {
            "batch": 523.0,
            "letter": 1.5657496452331543,
            "letter_floor_in_batch": 0.0
          },
          {
            "batch": 524.0,
            "letter": 1.2082314491271973,
            "letter_floor_in_batch": 0.0
          },
          {
            "batch": 525.0,
            "letter": 1.5638327598571777,
            "letter_floor_in_batch": 0.0
          },
          {
            "batch": 526.0,
            "letter": 1.5658369064331055,
            "letter_floor_in_batch": 0.0
          },
          {
            "batch": 527.0,
            "letter": 1.2075519561767578,
            "letter_floor_in_batch": 0.0
          },
          {
            "batch": 528.0,
            "letter": 3.13369083404541,
            "letter_floor_in_batch": 0.0
          },
          {
            "batch": 529.0,
            "letter": 1.6811466217041016,
            "letter_floor_in_batch": 0.0
          },
          {
            "batch": 530.0,
            "letter": 1.2093987464904785,
            "letter_floor_in_batch": 0.0
          },
          {
            "batch": 531.0,
            "letter": 3.131932258605957,
            "letter_floor_in_batch": 0.0
          },
          {
            "batch": 532.0,
            "letter": 1.8679351806640625,
            "letter_floor_in_batch": 0.0
          },
          {
            "batch": 533.0,
            "letter": 1.563981533050537,
            "letter_floor_in_batch": 0.0
          },
          {
            "batch": 534.0,
            "letter": 1.2083778381347656,
            "letter_floor_in_batch": 0.0
          },
          {
            "batch": 535.0,
            "letter": 1.6745190620422363,
            "letter_floor_in_batch": 0.0
          },
          {
            "batch": 536.0,
            "letter": 1.868525505065918,
            "letter_floor_in_batch": 0.0
          },
          {
            "batch": 537.0,
            "letter": 1.8706178665161133,
            "letter_floor_in_batch": 0.0
          },
          {
            "batch": 538.0,
            "letter": 1.5618376731872559,
            "letter_floor_in_batch": 0.0
          },
          {
            "batch": 539.0,
            "letter": 1.6768379211425781,
            "letter_floor_in_batch": 0.0
          },
          {
            "batch": 540.0,
            "letter": 1.2083625793457031,
            "letter_floor_in_batch": 0.0
          },
          {
            "batch": 541.0,
            "letter": 1.2093839645385742,
            "letter_floor_in_batch": 0.0
          },
          {
            "batch": 542.0,
            "letter": 1.6713061332702637,
            "letter_floor_in_batch": 0.0
          },
          {
            "batch": 543.0,
            "letter": 1.2092995643615723,
            "letter_floor_in_batch": 0.0
          },
          {
            "batch": 544.0,
            "letter": 1.5657892227172852,
            "letter_floor_in_batch": 0.0
          },
          {
            "batch": 545.0,
            "letter": 1.2060551643371582,
            "letter_floor_in_batch": 0.0
          },
          {
            "batch": 546.0,
            "letter": 1.5662298202514648,
            "letter_floor_in_batch": 0.0
          },
          {
            "batch": 547.0,
            "letter": 1.5660066604614258,
            "letter_floor_in_batch": 0.0
          },
          {
            "batch": 548.0,
            "letter": 1.2081427574157715,
            "letter_floor_in_batch": 0.0
          },
          {
            "batch": 549.0,
            "letter": 1.6745600700378418,
            "letter_floor_in_batch": 0.0
          },
          {
            "batch": 550.0,
            "letter": 1.2079792022705078,
            "letter_floor_in_batch": 0.0
          },
          {
            "batch": 551.0,
            "letter": 1.206624984741211,
            "letter_floor_in_batch": 0.0
          },
          {
            "batch": 552.0,
            "letter": 1.566070556640625,
            "letter_floor_in_batch": 0.0
          },
          {
            "batch": 553.0,
            "letter": 1.2059040069580078,
            "letter_floor_in_batch": 0.0
          },
          {
            "batch": 554.0,
            "letter": 3.136460304260254,
            "letter_floor_in_batch": 0.0
          },
          {
            "batch": 555.0,
            "letter": 1.204294204711914,
            "letter_floor_in_batch": 0.0
          },
          {
            "batch": 556.0,
            "letter": 1.8688287734985352,
            "letter_floor_in_batch": 0.0
          },
          {
            "batch": 557.0,
            "letter": 1.207869052886963,
            "letter_floor_in_batch": 0.0
          },
          {
            "batch": 558.0,
            "letter": 1.6761465072631836,
            "letter_floor_in_batch": 0.0
          },
          {
            "batch": 559.0,
            "letter": 3.131925582885742,
            "letter_floor_in_batch": 0.0
          },
          {
            "batch": 560.0,
            "letter": 1.208754539489746,
            "letter_floor_in_batch": 0.0
          },
          {
            "batch": 561.0,
            "letter": 1.86796236038208,
            "letter_floor_in_batch": 0.0
          },
          {
            "batch": 562.0,
            "letter": 1.6777710914611816,
            "letter_floor_in_batch": 0.0
          },
          {
            "batch": 563.0,
            "letter": 1.8681092262268066,
            "letter_floor_in_batch": 0.0
          },
          {
            "batch": 564.0,
            "letter": 1.207590103149414,
            "letter_floor_in_batch": 0.0
          },
          {
            "batch": 565.0,
            "letter": 1.6765851974487305,
            "letter_floor_in_batch": 0.0
          },
          {
            "batch": 566.0,
            "letter": 1.206967830657959,
            "letter_floor_in_batch": 0.0
          },
          {
            "batch": 567.0,
            "letter": 1.55934476852417,
            "letter_floor_in_batch": 0.0
          },
          {
            "batch": 568.0,
            "letter": 1.677915096282959,
            "letter_floor_in_batch": 0.0
          },
          {
            "batch": 569.0,
            "letter": 1.8693170547485352,
            "letter_floor_in_batch": 0.0
          },
          {
            "batch": 570.0,
            "letter": 1.8698372840881348,
            "letter_floor_in_batch": 0.0
          },
          {
            "batch": 571.0,
            "letter": 1.5638861656188965,
            "letter_floor_in_batch": 0.0
          },
          {
            "batch": 572.0,
            "letter": 1.5630402565002441,
            "letter_floor_in_batch": 0.0
          },
          {
            "batch": 573.0,
            "letter": 1.2093734741210938,
            "letter_floor_in_batch": 0.0
          },
          {
            "batch": 574.0,
            "letter": 3.1319708824157715,
            "letter_floor_in_batch": 0.0
          },
          {
            "batch": 575.0,
            "letter": 1.8666434288024902,
            "letter_floor_in_batch": 0.0
          },
          {
            "batch": 576.0,
            "letter": 1.677891731262207,
            "letter_floor_in_batch": 0.0
          },
          {
            "batch": 577.0,
            "letter": 1.5650601387023926,
            "letter_floor_in_batch": 0.0
          },
          {
            "batch": 578.0,
            "letter": 1.5643243789672852,
            "letter_floor_in_batch": 0.0
          },
          {
            "batch": 579.0,
            "letter": 1.8686981201171875,
            "letter_floor_in_batch": 0.0
          },
          {
            "batch": 580.0,
            "letter": 1.8679256439208984,
            "letter_floor_in_batch": 0.0
          },
          {
            "batch": 581.0,
            "letter": 1.562943458557129,
            "letter_floor_in_batch": 0.0
          },
          {
            "batch": 582.0,
            "letter": 1.8662223815917969,
            "letter_floor_in_batch": 0.0
          },
          {
            "batch": 583.0,
            "letter": 1.2093935012817383,
            "letter_floor_in_batch": 0.0
          },
          {
            "batch": 584.0,
            "letter": 1.8688559532165527,
            "letter_floor_in_batch": 0.0
          },
          {
            "batch": 585.0,
            "letter": 1.2092599868774414,
            "letter_floor_in_batch": 0.0
          },
          {
            "batch": 586.0,
            "letter": 1.5664114952087402,
            "letter_floor_in_batch": 0.0
          },
          {
            "batch": 587.0,
            "letter": 1.2079968452453613,
            "letter_floor_in_batch": 0.0
          },
          {
            "batch": 588.0,
            "letter": 1.6860384941101074,
            "letter_floor_in_batch": 0.0
          },
          {
            "batch": 589.0,
            "letter": 1.5630950927734375,
            "letter_floor_in_batch": 0.0
          },
          {
            "batch": 590.0,
            "letter": 1.5695490837097168,
            "letter_floor_in_batch": 0.0
          },
          {
            "batch": 591.0,
            "letter": 1.564119815826416,
            "letter_floor_in_batch": 0.0
          },
          {
            "batch": 592.0,
            "letter": 1.6777358055114746,
            "letter_floor_in_batch": 0.0
          },
          {
            "batch": 593.0,
            "letter": 1.6779165267944336,
            "letter_floor_in_batch": 0.0
          },
          {
            "batch": 594.0,
            "letter": 1.565598964691162,
            "letter_floor_in_batch": 0.0
          },
          {
            "batch": 595.0,
            "letter": 1.567728042602539,
            "letter_floor_in_batch": 0.0
          },
          {
            "batch": 596.0,
            "letter": 1.2066125869750977,
            "letter_floor_in_batch": 0.0
          },
          {
            "batch": 597.0,
            "letter": 1.8666558265686035,
            "letter_floor_in_batch": 0.0
          },
          {
            "batch": 598.0,
            "letter": 1.2093262672424316,
            "letter_floor_in_batch": 0.0
          },
          {
            "batch": 599.0,
            "letter": 1.208019733428955,
            "letter_floor_in_batch": 0.0
          },
          {
            "batch": 600.0,
            "letter": 1.672563076019287,
            "letter_floor_in_batch": 0.0
          },
          {
            "batch": 601.0,
            "letter": 1.6763725280761719,
            "letter_floor_in_batch": 0.0
          },
          {
            "batch": 602.0,
            "letter": 1.565889835357666,
            "letter_floor_in_batch": 0.0
          },
          {
            "batch": 603.0,
            "letter": 1.8686695098876953,
            "letter_floor_in_batch": 0.0
          },
          {
            "batch": 604.0,
            "letter": 1.6750855445861816,
            "letter_floor_in_batch": 0.0
          },
          {
            "batch": 605.0,
            "letter": 1.563857078552246,
            "letter_floor_in_batch": 0.0
          },
          {
            "batch": 606.0,
            "letter": 1.5618691444396973,
            "letter_floor_in_batch": 0.0
          },
          {
            "batch": 607.0,
            "letter": 1.8692688941955566,
            "letter_floor_in_batch": 0.0
          },
          {
            "batch": 608.0,
            "letter": 1.208613395690918,
            "letter_floor_in_batch": 0.0
          },
          {
            "batch": 609.0,
            "letter": 1.8662848472595215,
            "letter_floor_in_batch": 0.0
          },
          {
            "batch": 610.0,
            "letter": 1.2083520889282227,
            "letter_floor_in_batch": 0.0
          },
          {
            "batch": 611.0,
            "letter": 1.677004337310791,
            "letter_floor_in_batch": 0.0
          },
          {
            "batch": 612.0,
            "letter": 1.5652213096618652,
            "letter_floor_in_batch": 0.0
          },
          {
            "batch": 613.0,
            "letter": 1.20585298538208,
            "letter_floor_in_batch": 0.0
          },
          {
            "batch": 614.0,
            "letter": 1.872746467590332,
            "letter_floor_in_batch": 0.0
          },
          {
            "batch": 615.0,
            "letter": 1.2083430290222168,
            "letter_floor_in_batch": 0.0
          },
          {
            "batch": 616.0,
            "letter": 1.5653939247131348,
            "letter_floor_in_batch": 0.0
          },
          {
            "batch": 617.0,
            "letter": 1.8711276054382324,
            "letter_floor_in_batch": 0.0
          },
          {
            "batch": 618.0,
            "letter": 1.867617130279541,
            "letter_floor_in_batch": 0.0
          },
          {
            "batch": 619.0,
            "letter": 1.2076258659362793,
            "letter_floor_in_batch": 0.0
          },
          {
            "batch": 620.0,
            "letter": 3.136793613433838,
            "letter_floor_in_batch": 0.0
          },
          {
            "batch": 621.0,
            "letter": 1.8695192337036133,
            "letter_floor_in_batch": 0.0
          },
          {
            "batch": 622.0,
            "letter": 1.6794676780700684,
            "letter_floor_in_batch": 0.0
          },
          {
            "batch": 623.0,
            "letter": 1.863335132598877,
            "letter_floor_in_batch": 0.0
          },
          {
            "batch": 624.0,
            "letter": 1.565697193145752,
            "letter_floor_in_batch": 0.0
          },
          {
            "batch": 625.0,
            "letter": 1.8697600364685059,
            "letter_floor_in_batch": 0.0
          },
          {
            "batch": 626.0,
            "letter": 1.676499366760254,
            "letter_floor_in_batch": 0.0
          },
          {
            "batch": 627.0,
            "letter": 1.2080268859863281,
            "letter_floor_in_batch": 0.0
          },
          {
            "batch": 628.0,
            "letter": 1.8686747550964355,
            "letter_floor_in_batch": 0.0
          },
          {
            "batch": 629.0,
            "letter": 1.568716049194336,
            "letter_floor_in_batch": 0.0
          },
          {
            "batch": 630.0,
            "letter": 1.6713018417358398,
            "letter_floor_in_batch": 0.0
          },
          {
            "batch": 631.0,
            "letter": 1.867713451385498,
            "letter_floor_in_batch": 0.0
          },
          {
            "batch": 632.0,
            "letter": 1.209228515625,
            "letter_floor_in_batch": 0.0
          },
          {
            "batch": 633.0,
            "letter": 1.6769542694091797,
            "letter_floor_in_batch": 0.0
          },
          {
            "batch": 634.0,
            "letter": 1.8640313148498535,
            "letter_floor_in_batch": 0.0
          },
          {
            "batch": 635.0,
            "letter": 1.2070670127868652,
            "letter_floor_in_batch": 0.0
          },
          {
            "batch": 636.0,
            "letter": 1.6789731979370117,
            "letter_floor_in_batch": 0.0
          },
          {
            "batch": 637.0,
            "letter": 1.2056207656860352,
            "letter_floor_in_batch": 0.0
          },
          {
            "batch": 638.0,
            "letter": 1.5662598609924316,
            "letter_floor_in_batch": 0.0
          },
          {
            "batch": 639.0,
            "letter": 1.863316535949707,
            "letter_floor_in_batch": 0.0
          },
          {
            "batch": 640.0,
            "letter": 1.2113494873046875,
            "letter_floor_in_batch": 0.0
          },
          {
            "batch": 641.0,
            "letter": 1.5643491744995117,
            "letter_floor_in_batch": 0.0
          },
          {
            "batch": 642.0,
            "letter": 1.8683867454528809,
            "letter_floor_in_batch": 0.0
          },
          {
            "batch": 643.0,
            "letter": 1.2089285850524902,
            "letter_floor_in_batch": 0.0
          },
          {
            "batch": 644.0,
            "letter": 1.6788015365600586,
            "letter_floor_in_batch": 0.0
          },
          {
            "batch": 645.0,
            "letter": 1.8680644035339355,
            "letter_floor_in_batch": 0.0
          },
          {
            "batch": 646.0,
            "letter": 1.8667502403259277,
            "letter_floor_in_batch": 0.0
          },
          {
            "batch": 647.0,
            "letter": 1.868974208831787,
            "letter_floor_in_batch": 0.0
          },
          {
            "batch": 648.0,
            "letter": 1.868340015411377,
            "letter_floor_in_batch": 0.0
          },
          {
            "batch": 649.0,
            "letter": 1.870323657989502,
            "letter_floor_in_batch": 0.0
          },
          {
            "batch": 650.0,
            "letter": 1.680941104888916,
            "letter_floor_in_batch": 0.0
          },
          {
            "batch": 651.0,
            "letter": 1.2078857421875,
            "letter_floor_in_batch": 0.0
          },
          {
            "batch": 652.0,
            "letter": 1.2092256546020508,
            "letter_floor_in_batch": 0.0
          },
          {
            "batch": 653.0,
            "letter": 1.674605369567871,
            "letter_floor_in_batch": 0.0
          },
          {
            "batch": 654.0,
            "letter": 1.2097854614257812,
            "letter_floor_in_batch": 0.0
          },
          {
            "batch": 655.0,
            "letter": 1.5649919509887695,
            "letter_floor_in_batch": 0.0
          },
          {
            "batch": 656.0,
            "letter": 1.2061190605163574,
            "letter_floor_in_batch": 0.0
          },
          {
            "batch": 657.0,
            "letter": 1.8679628372192383,
            "letter_floor_in_batch": 0.0
          },
          {
            "batch": 658.0,
            "letter": 1.677751064300537,
            "letter_floor_in_batch": 0.0
          },
          {
            "batch": 659.0,
            "letter": 1.6776795387268066,
            "letter_floor_in_batch": 0.0
          },
          {
            "batch": 660.0,
            "letter": 1.8694252967834473,
            "letter_floor_in_batch": 0.0
          },
          {
            "batch": 661.0,
            "letter": 1.2075533866882324,
            "letter_floor_in_batch": 0.0
          },
          {
            "batch": 662.0,
            "letter": 1.677154541015625,
            "letter_floor_in_batch": 0.0
          },
          {
            "batch": 663.0,
            "letter": 1.868546962738037,
            "letter_floor_in_batch": 0.0
          },
          {
            "batch": 664.0,
            "letter": 1.5584716796875,
            "letter_floor_in_batch": 0.0
          },
          {
            "batch": 665.0,
            "letter": 1.6757164001464844,
            "letter_floor_in_batch": 0.0
          },
          {
            "batch": 666.0,
            "letter": 1.8681273460388184,
            "letter_floor_in_batch": 0.0
          },
          {
            "batch": 667.0,
            "letter": 1.2115135192871094,
            "letter_floor_in_batch": 0.0
          },
          {
            "batch": 668.0,
            "letter": 1.5655555725097656,
            "letter_floor_in_batch": 0.0
          },
          {
            "batch": 669.0,
            "letter": 1.867732048034668,
            "letter_floor_in_batch": 0.0
          },
          {
            "batch": 670.0,
            "letter": 1.8717756271362305,
            "letter_floor_in_batch": 0.0
          },
          {
            "batch": 671.0,
            "letter": 1.6800799369812012,
            "letter_floor_in_batch": 0.0
          },
          {
            "batch": 672.0,
            "letter": 1.206838607788086,
            "letter_floor_in_batch": 0.0
          },
          {
            "batch": 673.0,
            "letter": 1.6762700080871582,
            "letter_floor_in_batch": 0.0
          },
          {
            "batch": 674.0,
            "letter": 3.1318917274475098,
            "letter_floor_in_batch": 0.0
          },
          {
            "batch": 675.0,
            "letter": 1.5602340698242188,
            "letter_floor_in_batch": 0.0
          },
          {
            "batch": 676.0,
            "letter": 1.5652189254760742,
            "letter_floor_in_batch": 0.0
          },
          {
            "batch": 677.0,
            "letter": 1.5651092529296875,
            "letter_floor_in_batch": 0.0
          },
          {
            "batch": 678.0,
            "letter": 1.2092151641845703,
            "letter_floor_in_batch": 0.0
          },
          {
            "batch": 679.0,
            "letter": 1.8677735328674316,
            "letter_floor_in_batch": 0.0
          },
          {
            "batch": 680.0,
            "letter": 1.6754150390625,
            "letter_floor_in_batch": 0.0
          },
          {
            "batch": 681.0,
            "letter": 1.2080097198486328,
            "letter_floor_in_batch": 0.0
          },
          {
            "batch": 682.0,
            "letter": 1.6712708473205566,
            "letter_floor_in_batch": 0.0
          },
          {
            "batch": 683.0,
            "letter": 1.5651531219482422,
            "letter_floor_in_batch": 0.0
          },
          {
            "batch": 684.0,
            "letter": 1.6810107231140137,
            "letter_floor_in_batch": 0.0
          },
          {
            "batch": 685.0,
            "letter": 1.5665616989135742,
            "letter_floor_in_batch": 0.0
          },
          {
            "batch": 686.0,
            "letter": 1.5634264945983887,
            "letter_floor_in_batch": 0.0
          },
          {
            "batch": 687.0,
            "letter": 1.566185474395752,
            "letter_floor_in_batch": 0.0
          },
          {
            "batch": 688.0,
            "letter": 1.8690314292907715,
            "letter_floor_in_batch": 0.0
          },
          {
            "batch": 689.0,
            "letter": 1.6744132041931152,
            "letter_floor_in_batch": 0.0
          },
          {
            "batch": 690.0,
            "letter": 1.8688011169433594,
            "letter_floor_in_batch": 0.0
          },
          {
            "batch": 691.0,
            "letter": 1.565136432647705,
            "letter_floor_in_batch": 0.0
          },
          {
            "batch": 692.0,
            "letter": 1.8687543869018555,
            "letter_floor_in_batch": 0.0
          },
          {
            "batch": 693.0,
            "letter": 1.5654969215393066,
            "letter_floor_in_batch": 0.0
          },
          {
            "batch": 694.0,
            "letter": 1.677870750427246,
            "letter_floor_in_batch": 0.0
          },
          {
            "batch": 695.0,
            "letter": 1.678596019744873,
            "letter_floor_in_batch": 0.0
          },
          {
            "batch": 696.0,
            "letter": 1.8679161071777344,
            "letter_floor_in_batch": 0.0
          },
          {
            "batch": 697.0,
            "letter": 1.2113776206970215,
            "letter_floor_in_batch": 0.0
          },
          {
            "batch": 698.0,
            "letter": 1.868321418762207,
            "letter_floor_in_batch": 0.0
          },
          {
            "batch": 699.0,
            "letter": 1.8682875633239746,
            "letter_floor_in_batch": 0.0
          },
          {
            "batch": 700.0,
            "letter": 1.2122564315795898,
            "letter_floor_in_batch": 0.0
          },
          {
            "batch": 701.0,
            "letter": 1.8687214851379395,
            "letter_floor_in_batch": 0.0
          },
          {
            "batch": 702.0,
            "letter": 1.6768717765808105,
            "letter_floor_in_batch": 0.0
          },
          {
            "batch": 703.0,
            "letter": 1.672518253326416,
            "letter_floor_in_batch": 0.0
          },
          {
            "batch": 704.0,
            "letter": 1.5644936561584473,
            "letter_floor_in_batch": 0.0
          },
          {
            "batch": 705.0,
            "letter": 1.8682451248168945,
            "letter_floor_in_batch": 0.0
          },
          {
            "batch": 706.0,
            "letter": 1.8679986000061035,
            "letter_floor_in_batch": 0.0
          },
          {
            "batch": 707.0,
            "letter": 1.5629782676696777,
            "letter_floor_in_batch": 0.0
          },
          {
            "batch": 708.0,
            "letter": 1.678708553314209,
            "letter_floor_in_batch": 0.0
          },
          {
            "batch": 709.0,
            "letter": 1.5657968521118164,
            "letter_floor_in_batch": 0.0
          },
          {
            "batch": 710.0,
            "letter": 1.2027583122253418,
            "letter_floor_in_batch": 0.0
          },
          {
            "batch": 711.0,
            "letter": 1.6788506507873535,
            "letter_floor_in_batch": 0.0
          },
          {
            "batch": 712.0,
            "letter": 1.67747163772583,
            "letter_floor_in_batch": 0.0
          },
          {
            "batch": 713.0,
            "letter": 1.5619292259216309,
            "letter_floor_in_batch": 0.0
          },
          {
            "batch": 714.0,
            "letter": 1.209263801574707,
            "letter_floor_in_batch": 0.0
          },
          {
            "batch": 715.0,
            "letter": 1.2065963745117188,
            "letter_floor_in_batch": 0.0
          },
          {
            "batch": 716.0,
            "letter": 1.565563678741455,
            "letter_floor_in_batch": 0.0
          },
          {
            "batch": 717.0,
            "letter": 1.2088088989257812,
            "letter_floor_in_batch": 0.0
          },
          {
            "batch": 718.0,
            "letter": 1.8704328536987305,
            "letter_floor_in_batch": 0.0
          },
          {
            "batch": 719.0,
            "letter": 1.571749210357666,
            "letter_floor_in_batch": 0.0
          },
          {
            "batch": 720.0,
            "letter": 1.2122235298156738,
            "letter_floor_in_batch": 0.0
          },
          {
            "batch": 721.0,
            "letter": 1.565455436706543,
            "letter_floor_in_batch": 0.0
          },
          {
            "batch": 722.0,
            "letter": 3.1319236755371094,
            "letter_floor_in_batch": 0.0
          },
          {
            "batch": 723.0,
            "letter": 1.677724838256836,
            "letter_floor_in_batch": 0.0
          },
          {
            "batch": 724.0,
            "letter": 1.5658879280090332,
            "letter_floor_in_batch": 0.0
          },
          {
            "batch": 725.0,
            "letter": 1.20973539352417,
            "letter_floor_in_batch": 0.0
          },
          {
            "batch": 726.0,
            "letter": 3.1326050758361816,
            "letter_floor_in_batch": 0.0
          },
          {
            "batch": 727.0,
            "letter": 1.868800163269043,
            "letter_floor_in_batch": 0.0
          },
          {
            "batch": 728.0,
            "letter": 1.2057089805603027,
            "letter_floor_in_batch": 0.0
          },
          {
            "batch": 729.0,
            "letter": 1.205571174621582,
            "letter_floor_in_batch": 0.0
          },
          {
            "batch": 730.0,
            "letter": 1.565721035003662,
            "letter_floor_in_batch": 0.0
          },
          {
            "batch": 731.0,
            "letter": 1.566044807434082,
            "letter_floor_in_batch": 0.0
          },
          {
            "batch": 732.0,
            "letter": 1.6776418685913086,
            "letter_floor_in_batch": 0.0
          },
          {
            "batch": 733.0,
            "letter": 1.2081866264343262,
            "letter_floor_in_batch": 0.0
          },
          {
            "batch": 734.0,
            "letter": 1.2082386016845703,
            "letter_floor_in_batch": 0.0
          },
          {
            "batch": 735.0,
            "letter": 1.208554744720459,
            "letter_floor_in_batch": 0.0
          },
          {
            "batch": 736.0,
            "letter": 1.682093620300293,
            "letter_floor_in_batch": 0.0
          },
          {
            "batch": 737.0,
            "letter": 1.5652546882629395,
            "letter_floor_in_batch": 0.0
          },
          {
            "batch": 738.0,
            "letter": 1.5715222358703613,
            "letter_floor_in_batch": 0.0
          },
          {
            "batch": 739.0,
            "letter": 1.2068405151367188,
            "letter_floor_in_batch": 0.0
          },
          {
            "batch": 740.0,
            "letter": 1.8690690994262695,
            "letter_floor_in_batch": 0.0
          },
          {
            "batch": 741.0,
            "letter": 1.6773629188537598,
            "letter_floor_in_batch": 0.0
          },
          {
            "batch": 742.0,
            "letter": 1.204383373260498,
            "letter_floor_in_batch": 0.0
          },
          {
            "batch": 743.0,
            "letter": 1.6767826080322266,
            "letter_floor_in_batch": 0.0
          },
          {
            "batch": 744.0,
            "letter": 1.682300090789795,
            "letter_floor_in_batch": 0.0
          },
          {
            "batch": 745.0,
            "letter": 1.2056288719177246,
            "letter_floor_in_batch": 0.0
          },
          {
            "batch": 746.0,
            "letter": 1.5628652572631836,
            "letter_floor_in_batch": 0.0
          },
          {
            "batch": 747.0,
            "letter": 1.202150821685791,
            "letter_floor_in_batch": 0.0
          },
          {
            "batch": 748.0,
            "letter": 1.8687310218811035,
            "letter_floor_in_batch": 0.0
          },
          {
            "batch": 749.0,
            "letter": 1.6828632354736328,
            "letter_floor_in_batch": 0.0
          },
          {
            "batch": 750.0,
            "letter": 1.6710782051086426,
            "letter_floor_in_batch": 0.0
          },
          {
            "batch": 751.0,
            "letter": 1.8647518157958984,
            "letter_floor_in_batch": 0.0
          },
          {
            "batch": 752.0,
            "letter": 1.866783618927002,
            "letter_floor_in_batch": 0.0
          },
          {
            "batch": 753.0,
            "letter": 1.5617384910583496,
            "letter_floor_in_batch": 0.0
          },
          {
            "batch": 754.0,
            "letter": 1.6751551628112793,
            "letter_floor_in_batch": 0.0
          },
          {
            "batch": 755.0,
            "letter": 1.8693180084228516,
            "letter_floor_in_batch": 0.0
          },
          {
            "batch": 756.0,
            "letter": 1.2086896896362305,
            "letter_floor_in_batch": 0.0
          },
          {
            "batch": 757.0,
            "letter": 1.6779561042785645,
            "letter_floor_in_batch": 0.0
          },
          {
            "batch": 758.0,
            "letter": 1.6745944023132324,
            "letter_floor_in_batch": 0.0
          },
          {
            "batch": 759.0,
            "letter": 1.208174228668213,
            "letter_floor_in_batch": 0.0
          },
          {
            "batch": 760.0,
            "letter": 1.5651111602783203,
            "letter_floor_in_batch": 0.0
          },
          {
            "batch": 761.0,
            "letter": 1.2080249786376953,
            "letter_floor_in_batch": 0.0
          },
          {
            "batch": 762.0,
            "letter": 1.6787729263305664,
            "letter_floor_in_batch": 0.0
          },
          {
            "batch": 763.0,
            "letter": 3.1325855255126953,
            "letter_floor_in_batch": 0.0
          },
          {
            "batch": 764.0,
            "letter": 1.2081074714660645,
            "letter_floor_in_batch": 0.0
          },
          {
            "batch": 765.0,
            "letter": 1.2072458267211914,
            "letter_floor_in_batch": 0.0
          },
          {
            "batch": 766.0,
            "letter": 1.8680319786071777,
            "letter_floor_in_batch": 0.0
          },
          {
            "batch": 767.0,
            "letter": 1.6785697937011719,
            "letter_floor_in_batch": 0.0
          },
          {
            "batch": 768.0,
            "letter": 1.8687195777893066,
            "letter_floor_in_batch": 0.0
          },
          {
            "batch": 769.0,
            "letter": 1.6809453964233398,
            "letter_floor_in_batch": 0.0
          },
          {
            "batch": 770.0,
            "letter": 1.2067017555236816,
            "letter_floor_in_batch": 0.0
          },
          {
            "batch": 771.0,
            "letter": 1.2029685974121094,
            "letter_floor_in_batch": 0.0
          },
          {
            "batch": 772.0,
            "letter": 1.6860008239746094,
            "letter_floor_in_batch": 0.0
          },
          {
            "batch": 773.0,
            "letter": 1.8698363304138184,
            "letter_floor_in_batch": 0.0
          },
          {
            "batch": 774.0,
            "letter": 1.5658302307128906,
            "letter_floor_in_batch": 0.0
          },
          {
            "batch": 775.0,
            "letter": 1.2083501815795898,
            "letter_floor_in_batch": 0.0
          },
          {
            "batch": 776.0,
            "letter": 1.5663576126098633,
            "letter_floor_in_batch": 0.0
          },
          {
            "batch": 777.0,
            "letter": 3.1325392723083496,
            "letter_floor_in_batch": 0.0
          },
          {
            "batch": 778.0,
            "letter": 3.134209156036377,
            "letter_floor_in_batch": 0.0
          },
          {
            "batch": 779.0,
            "letter": 1.2077288627624512,
            "letter_floor_in_batch": 0.0
          },
          {
            "batch": 780.0,
            "letter": 1.6779465675354004,
            "letter_floor_in_batch": 0.0
          },
          {
            "batch": 781.0,
            "letter": 1.8670015335083008,
            "letter_floor_in_batch": 0.0
          },
          {
            "batch": 782.0,
            "letter": 1.2043933868408203,
            "letter_floor_in_batch": 0.0
          },
          {
            "batch": 783.0,
            "letter": 1.206955909729004,
            "letter_floor_in_batch": 0.0
          },
          {
            "batch": 784.0,
            "letter": 3.1327991485595703,
            "letter_floor_in_batch": 0.0
          },
          {
            "batch": 785.0,
            "letter": 1.2080388069152832,
            "letter_floor_in_batch": 0.0
          },
          {
            "batch": 786.0,
            "letter": 1.5668697357177734,
            "letter_floor_in_batch": 0.0
          },
          {
            "batch": 787.0,
            "letter": 1.5660042762756348,
            "letter_floor_in_batch": 0.0
          },
          {
            "batch": 788.0,
            "letter": 1.2081856727600098,
            "letter_floor_in_batch": 0.0
          },
          {
            "batch": 789.0,
            "letter": 1.2092738151550293,
            "letter_floor_in_batch": 0.0
          },
          {
            "batch": 790.0,
            "letter": 1.867544174194336,
            "letter_floor_in_batch": 0.0
          },
          {
            "batch": 791.0,
            "letter": 1.868706226348877,
            "letter_floor_in_batch": 0.0
          },
          {
            "batch": 792.0,
            "letter": 1.8699302673339844,
            "letter_floor_in_batch": 0.0
          },
          {
            "batch": 793.0,
            "letter": 1.209670066833496,
            "letter_floor_in_batch": 0.0
          },
          {
            "batch": 794.0,
            "letter": 1.6809535026550293,
            "letter_floor_in_batch": 0.0
          },
          {
            "batch": 795.0,
            "letter": 1.2065095901489258,
            "letter_floor_in_batch": 0.0
          },
          {
            "batch": 796.0,
            "letter": 1.5639586448669434,
            "letter_floor_in_batch": 0.0
          },
          {
            "batch": 797.0,
            "letter": 1.5642614364624023,
            "letter_floor_in_batch": 0.0
          },
          {
            "batch": 798.0,
            "letter": 1.2115397453308105,
            "letter_floor_in_batch": 0.0
          },
          {
            "batch": 799.0,
            "letter": 1.5660691261291504,
            "letter_floor_in_batch": 0.0
          },
          {
            "batch": 800.0,
            "letter": 1.6779484748840332,
            "letter_floor_in_batch": 0.0
          },
          {
            "batch": 801.0,
            "letter": 1.2059335708618164,
            "letter_floor_in_batch": 0.0
          },
          {
            "batch": 802.0,
            "letter": 1.5643668174743652,
            "letter_floor_in_batch": 0.0
          },
          {
            "batch": 803.0,
            "letter": 1.2083745002746582,
            "letter_floor_in_batch": 0.0
          },
          {
            "batch": 804.0,
            "letter": 1.5620427131652832,
            "letter_floor_in_batch": 0.0
          },
          {
            "batch": 805.0,
            "letter": 1.6810030937194824,
            "letter_floor_in_batch": 0.0
          },
          {
            "batch": 806.0,
            "letter": 1.2077207565307617,
            "letter_floor_in_batch": 0.0
          },
          {
            "batch": 807.0,
            "letter": 1.207101821899414,
            "letter_floor_in_batch": 0.0
          },
          {
            "batch": 808.0,
            "letter": 1.2080378532409668,
            "letter_floor_in_batch": 0.0
          },
          {
            "batch": 809.0,
            "letter": 1.6787505149841309,
            "letter_floor_in_batch": 0.0
          },
          {
            "batch": 810.0,
            "letter": 1.678664207458496,
            "letter_floor_in_batch": 0.0
          },
          {
            "batch": 811.0,
            "letter": 1.5687685012817383,
            "letter_floor_in_batch": 0.0
          },
          {
            "batch": 812.0,
            "letter": 1.6777210235595703,
            "letter_floor_in_batch": 0.0
          },
          {
            "batch": 813.0,
            "letter": 1.86932373046875,
            "letter_floor_in_batch": 0.0
          },
          {
            "batch": 814.0,
            "letter": 1.5654644966125488,
            "letter_floor_in_batch": 0.0
          },
          {
            "batch": 815.0,
            "letter": 1.869821548461914,
            "letter_floor_in_batch": 0.0
          },
          {
            "batch": 816.0,
            "letter": 1.8725647926330566,
            "letter_floor_in_batch": 0.0
          },
          {
            "batch": 817.0,
            "letter": 1.2056360244750977,
            "letter_floor_in_batch": 0.0
          },
          {
            "batch": 818.0,
            "letter": 1.678469181060791,
            "letter_floor_in_batch": 0.0
          },
          {
            "batch": 819.0,
            "letter": 1.5650687217712402,
            "letter_floor_in_batch": 0.0
          },
          {
            "batch": 820.0,
            "letter": 3.122859477996826,
            "letter_floor_in_batch": 0.0
          },
          {
            "batch": 821.0,
            "letter": 1.2066669464111328,
            "letter_floor_in_batch": 0.0
          },
          {
            "batch": 822.0,
            "letter": 1.5643610954284668,
            "letter_floor_in_batch": 0.0
          },
          {
            "batch": 823.0,
            "letter": 1.2087287902832031,
            "letter_floor_in_batch": 0.0
          },
          {
            "batch": 824.0,
            "letter": 1.868797779083252,
            "letter_floor_in_batch": 0.0
          },
          {
            "batch": 825.0,
            "letter": 1.565901279449463,
            "letter_floor_in_batch": 0.0
          }
        ],
        "span_floor_mean_per_batch": NaN,
        "span_floor_over_the_plan": NaN,
        "span_gap": NaN,
        "span_loss": NaN,
        "span_rows": 0
      },
      "ft_row_id": "8a768c50-ce48-4bfd-80dc-1408bfff1148",
      "heads": 4,
      "hidden": 128,
      "letter_at_first_joint_batch": NaN,
      "letter_first": 12.694265365600586,
      "letter_floor": 0.0,
      "letter_last": 1.5749258995056152,
      "micro_batches": 826,
      "no_memorise": true,
      "optimizer_steps": 826,
      "padding_fraction": 0.00433,
      "params": 63837184,
      "replay_attestation_sha256": "e88674210a00bd0e1dbcd3c051fbafab5328cc731ea769415af230e2bf4c5039",
      "replay_direction": "base_to_model",
      "replay_every": 6,
      "replay_kl_first": 0.03392333537340164,
      "replay_kl_last": 1.1747440099716187,
      "replay_shard_hash": "d5e0caafcd9e488f05483f5b518c30d802173543314621d30ce57e1d3ba39d39",
      "replay_weight": 1.0,
      "replayed": 137,
      "score_row_id": "03bfd85b-6c0f-4e4b-8cf9-9c27b35c1660",
      "seed": 0,
      "span_at_first_joint_batch": NaN,
      "span_first": NaN,
      "span_floor": NaN,
      "span_last": NaN,
      "span_rows": 0,
      "span_weight": 1.0,
      "steps_per_s": 8.86,
      "steps_requested": 826,
      "supervised_tokens": 826,
      "tag": "epoch",
      "termination": "steps_exhausted",
      "total_first": 12.694265365600586,
      "total_last": 1.5749258995056152,
      "wall_clock_s": 93.195
    }
  ],
  "arm2": [],
  "batches": {
    "batches": 826,
    "batches_letter_only": 826,
    "batches_span_only": 0,
    "batches_with_a_span_row": 0,
    "letter_channel_live_chunks": 826,
    "letter_channel_total_chunks": 1655,
    "widths": [
      142,
      145,
      147,
      149,
      151,
      153,
      154,
      156,
      157,
      158,
      160,
      161,
      163,
      166,
      169,
      172,
      174,
      176,
      181,
      184,
      187,
      190,
      193,
      198,
      201,
      205,
      210,
      215,
      223,
      231,
      246,
      283
    ]
  },
  "batches_with_span": [],
  "failures": [],
  "inventory": {
    "buckets": [
      142,
      145,
      147,
      149,
      151,
      153,
      154,
      156,
      157,
      158,
      160,
      161,
      163,
      166,
      169,
      172,
      174,
      176,
      181,
      184,
      187,
      190,
      193,
      198,
      201,
      205,
      210,
      215,
      223,
      231,
      246,
      283
    ],
    "contradictions": {
      "contradicting_groups": 0,
      "contradicting_rows": 0,
      "examples": [],
      "per_kind": {},
      "rows_sharing_a_prefix": 0,
      "sequences": 826
    },
    "coverage": {
      "detail": "every row in the manifest was tokenized into the shard set",
      "n": 826,
      "n_total": 826,
      "passed": true,
      "state": "ran",
      "value": 826
    },
    "excluded_examples": [],
    "excluded_rows": 0,
    "letter_rows": 826,
    "letter_rows_whose_gold_is_noul": 0,
    "padding_waste": {
      "detail": "598 padding of 138104 positions (0.43%) over 826 sequences; gate is <= 15%. buckets=[142, 145, 147, 149, 151, 153, 154, 156, 157, 158, 160, 161, 163, 166, 169, 172, 174, 176, 181, 184, 187, 190, 193, 198, 201, 205, 210, 215, 223, 231, 246, 283]",
      "n": 826,
      "n_total": 826,
      "passed": true,
      "state": "ran",
      "value": 0.00433
    },
    "per_kind": {
      "choice": {
        "families": {
          "commonsense.multiple_choice": 317,
          "knowledge.multiple_choice": 509
        },
        "gold_is_noul": 0,
        "len_max": 283,
        "len_mean": 166.5,
        "len_min": 137,
        "n": 826,
        "n_total": 826,
        "row_widths": [
          5,
          6
        ],
        "tokens": 137506
      }
    },
    "remap_check": {
      "detail": "/Users/bharath/qd-campaign/replay-v4-2026-10-02/e2e/out-plain/shards/train/remap.npz re-read and re-hashed; matches the header. tokenizer_hash=7fbd94d096a01bca\u2026",
      "n": 248320,
      "n_total": 248320,
      "passed": true,
      "state": "ran",
      "value": "e7d0890c547b43811f93e50dc0e582ba35eb2e75706ee0ad27186d6a89d502ab"
    },
    "root": "/Users/bharath/qd-campaign/replay-v4-2026-10-02/e2e/out-plain/shards/train",
    "sequences": 826,
    "span_check": {
      "reason": "this shard set holds no SLOT_SPAN sequences, so there was no line-to-token mapping to verify. 0 of 0 verified is not a pass.",
      "state": "not_run"
    },
    "tokens": 137506,
    "vocab_size": 248320
  },
  "letter_ids": {
    "A": 32,
    "B": 33,
    "C": 34,
    "D": 35,
    "E": 36,
    "F": 37,
    "G": 38,
    "H": 39,
    "I": 40,
    "J": 41,
    "K": 42,
    "L": 43,
    "M": 44,
    "N": 45,
    "O": 46,
    "P": 47,
    "Z": 57
  },
  "probes": [
    {
      "bucket": 0,
      "device": "cpu",
      "ok": true,
      "rows": 1,
      "wall_s": 1.209,
      "why": "cpu rows=1 width=142 fwd+bwd ok",
      "width": 142
    },
    {
      "bucket": 1,
      "device": "cpu",
      "ok": true,
      "rows": 1,
      "wall_s": 1.251,
      "why": "cpu rows=1 width=145 fwd+bwd ok",
      "width": 145
    },
    {
      "bucket": 2,
      "device": "cpu",
      "ok": true,
      "rows": 1,
      "wall_s": 1.154,
      "why": "cpu rows=1 width=147 fwd+bwd ok",
      "width": 147
    },
    {
      "bucket": 3,
      "device": "cpu",
      "ok": true,
      "rows": 1,
      "wall_s": 1.129,
      "why": "cpu rows=1 width=149 fwd+bwd ok",
      "width": 149
    },
    {
      "bucket": 4,
      "device": "cpu",
      "ok": true,
      "rows": 1,
      "wall_s": 1.081,
      "why": "cpu rows=1 width=151 fwd+bwd ok",
      "width": 151
    },
    {
      "bucket": 5,
      "device": "cpu",
      "ok": true,
      "rows": 1,
      "wall_s": 1.112,
      "why": "cpu rows=1 width=153 fwd+bwd ok",
      "width": 153
    },
    {
      "bucket": 6,
      "device": "cpu",
      "ok": true,
      "rows": 1,
      "wall_s": 1.064,
      "why": "cpu rows=1 width=154 fwd+bwd ok",
      "width": 154
    },
    {
      "bucket": 7,
      "device": "cpu",
      "ok": true,
      "rows": 1,
      "wall_s": 1.054,
      "why": "cpu rows=1 width=156 fwd+bwd ok",
      "width": 156
    },
    {
      "bucket": 8,
      "device": "cpu",
      "ok": true,
      "rows": 1,
      "wall_s": 1.045,
      "why": "cpu rows=1 width=157 fwd+bwd ok",
      "width": 157
    },
    {
      "bucket": 9,
      "device": "cpu",
      "ok": true,
      "rows": 1,
      "wall_s": 1.068,
      "why": "cpu rows=1 width=158 fwd+bwd ok",
      "width": 158
    },
    {
      "bucket": 10,
      "device": "cpu",
      "ok": true,
      "rows": 1,
      "wall_s": 1.153,
      "why": "cpu rows=1 width=160 fwd+bwd ok",
      "width": 160
    },
    {
      "bucket": 11,
      "device": "cpu",
      "ok": true,
      "rows": 1,
      "wall_s": 1.032,
      "why": "cpu rows=1 width=161 fwd+bwd ok",
      "width": 161
    },
    {
      "bucket": 12,
      "device": "cpu",
      "ok": true,
      "rows": 1,
      "wall_s": 1.067,
      "why": "cpu rows=1 width=163 fwd+bwd ok",
      "width": 163
    },
    {
      "bucket": 13,
      "device": "cpu",
      "ok": true,
      "rows": 1,
      "wall_s": 1.035,
      "why": "cpu rows=1 width=166 fwd+bwd ok",
      "width": 166
    },
    {
      "bucket": 14,
      "device": "cpu",
      "ok": true,
      "rows": 1,
      "wall_s": 1.057,
      "why": "cpu rows=1 width=169 fwd+bwd ok",
      "width": 169
    },
    {
      "bucket": 15,
      "device": "cpu",
      "ok": true,
      "rows": 1,
      "wall_s": 1.018,
      "why": "cpu rows=1 width=172 fwd+bwd ok",
      "width": 172
    },
    {
      "bucket": 16,
      "device": "cpu",
      "ok": true,
      "rows": 1,
      "wall_s": 1.022,
      "why": "cpu rows=1 width=174 fwd+bwd ok",
      "width": 174
    },
    {
      "bucket": 17,
      "device": "cpu",
      "ok": true,
      "rows": 1,
      "wall_s": 1.014,
      "why": "cpu rows=1 width=176 fwd+bwd ok",
      "width": 176
    },
    {
      "bucket": 18,
      "device": "cpu",
      "ok": true,
      "rows": 1,
      "wall_s": 1.003,
      "why": "cpu rows=1 width=181 fwd+bwd ok",
      "width": 181
    },
    {
      "bucket": 19,
      "device": "cpu",
      "ok": true,
      "rows": 1,
      "wall_s": 0.993,
      "why": "cpu rows=1 width=184 fwd+bwd ok",
      "width": 184
    },
    {
      "bucket": 20,
      "device": "cpu",
      "ok": true,
      "rows": 1,
      "wall_s": 0.997,
      "why": "cpu rows=1 width=187 fwd+bwd ok",
      "width": 187
    },
    {
      "bucket": 21,
      "device": "cpu",
      "ok": true,
      "rows": 1,
      "wall_s": 1.002,
      "why": "cpu rows=1 width=190 fwd+bwd ok",
      "width": 190
    },
    {
      "bucket": 22,
      "device": "cpu",
      "ok": true,
      "rows": 1,
      "wall_s": 0.989,
      "why": "cpu rows=1 width=193 fwd+bwd ok",
      "width": 193
    },
    {
      "bucket": 23,
      "device": "cpu",
      "ok": true,
      "rows": 1,
      "wall_s": 0.989,
      "why": "cpu rows=1 width=198 fwd+bwd ok",
      "width": 198
    },
    {
      "bucket": 24,
      "device": "cpu",
      "ok": true,
      "rows": 1,
      "wall_s": 0.996,
      "why": "cpu rows=1 width=201 fwd+bwd ok",
      "width": 201
    },
    {
      "bucket": 25,
      "device": "cpu",
      "ok": true,
      "rows": 1,
      "wall_s": 0.982,
      "why": "cpu rows=1 width=205 fwd+bwd ok",
      "width": 205
    },
    {
      "bucket": 26,
      "device": "cpu",
      "ok": true,
      "rows": 1,
      "wall_s": 1.077,
      "why": "cpu rows=1 width=210 fwd+bwd ok",
      "width": 210
    },
    {
      "bucket": 27,
      "device": "cpu",
      "ok": true,
      "rows": 1,
      "wall_s": 1.008,
      "why": "cpu rows=1 width=215 fwd+bwd ok",
      "width": 215
    },
    {
      "bucket": 28,
      "device": "cpu",
      "ok": true,
      "rows": 1,
      "wall_s": 1.004,
      "why": "cpu rows=1 width=223 fwd+bwd ok",
      "width": 223
    },
    {
      "bucket": 29,
      "device": "cpu",
      "ok": true,
      "rows": 1,
      "wall_s": 1.011,
      "why": "cpu rows=1 width=231 fwd+bwd ok",
      "width": 231
    },
    {
      "bucket": 30,
      "device": "cpu",
      "ok": true,
      "rows": 1,
      "wall_s": 1.004,
      "why": "cpu rows=1 width=246 fwd+bwd ok",
      "width": 246
    },
    {
      "bucket": 31,
      "device": "cpu",
      "ok": true,
      "rows": 1,
      "wall_s": 1.141,
      "why": "cpu rows=1 width=283 fwd+bwd ok",
      "width": 283
    }
  ],
  "torch": "2.12.1"
}
